all_awardings,archived,associated_award,author,author_flair_background_color,author_flair_css_class,author_flair_template_id,author_flair_text,author_flair_text_color,body,body_sha1,can_gild,collapsed,collapsed_because_crowd_control,collapsed_reason,collapsed_reason_code,comment_type,controversiality,created_utc,distinguished,gilded,gildings,id,is_submitter,link_id,locked,no_follow,parent_id,permalink,retrieved_utc,score,score_hidden,send_replies,stickied,subreddit,subreddit_id,subreddit_name_prefixed,subreddit_type,top_awarded_type,total_awards_received,treatment_tags,unrepliable_reason,created,author_flair_richtext,author_flair_type,author_fullname,author_patreon_flair,author_premium
[],False,,[deleted],,,,,dark,[removed],fe993932d6dced4c0a879e9aa5d7a6e0fbb467f5,True,False,,,,,0,1651361759,,0,{},i6uhoop,False,t3_tey79u,False,True,t3_tey79u,/r/UkraineWarReports/comments/tey79u/the_footage_of_slaying_mariupol_citizen_by/i6uhoop/,1651361771,1,False,True,False,UkraineWarReports,t5_5wncl5,r/UkraineWarReports,restricted,,0,[],,1651332959.0,,,,,
[],False,,[deleted],,,,,dark,[removed],fe993932d6dced4c0a879e9aa5d7a6e0fbb467f5,True,False,,,,,0,1651360705,,0,{},i6uflo1,False,t3_u7ywui,False,True,t3_u7ywui,/r/UkraineWarReports/comments/u7ywui/another_video_of_a_russian_rocket_arriving_at_a/i6uflo1/,1651360723,1,False,True,False,UkraineWarReports,t5_5wncl5,r/UkraineWarReports,restricted,,0,[],,1651331905.0,,,,,
[],False,,daedone,,default,,,dark,"With 23,200 confirmed casualties, and running at about 1/3 being fatalities, that's 7,000+ already dead Russian troops",86605baea555a8b73d25b04321faf40a6c7e8c93,True,False,,,,,0,1651345434,,0,{},i6tkg7n,False,t3_t59gxj,False,True,t1_hz98rb7,/r/UkraineWarReports/comments/t59gxj/meanwhile_moscow_police_arrest_grandmother_at/i6tkg7n/,1651345450,1,False,True,False,UkraineWarReports,t5_5wncl5,r/UkraineWarReports,restricted,,0,[],,1651316634.0,[],text,t2_4gcfb,False,True
[],False,,Effective_Lab_2097,,default,,,dark,"I am guessing that these are M142s, based off of the 6 rocket launches. These would be a good improvement over their Russian counterparts.",a656d277fa116bd33a93a2a6e920687f3bef8da5,True,False,,,,,0,1651330263,,0,{},i6sn74g,False,t3_u7w5gs,False,True,t3_u7w5gs,/r/UkraineWarReports/comments/u7w5gs/our_art_works_the_armed_forces_of_ukraine_from/i6sn74g/,1651330276,1,False,True,False,UkraineWarReports,t5_5wncl5,r/UkraineWarReports,restricted,,0,[],,1651301463.0,[],text,t2_4f8am6jn,False,False
[],False,,VIKINGJ0HNNY,,default,,,dark,"the priest bopping side to side though lol , this song is so catchy",fdedb3ad9881a893fe26f73ba881098aa398e24e,True,False,,,,,0,1651327040,,0,{},i6sgmhf,False,t3_u75n86,False,True,t3_u75n86,/r/UkraineWarReports/comments/u75n86/in_warsaw_the_priest_got_a_column_and_invited_the/i6sgmhf/,1651327054,1,False,True,False,UkraineWarReports,t5_5wncl5,r/UkraineWarReports,restricted,,0,[],,1651298240.0,[],text,t2_g8qrbzqj,False,False
[],False,,TunaCanoez,,default,,,dark,Why is this 9 day post the newest post and I have my settings on new?!??,eb4ee265a101eddf5d0e102ccbe876ddb9c8c8c4,True,False,,,,,0,1651326093,,0,{},i6sesdc,False,t3_u7ywui,False,True,t3_u7ywui,/r/UkraineWarReports/comments/u7ywui/another_video_of_a_russian_rocket_arriving_at_a/i6sesdc/,1651326107,1,False,True,False,UkraineWarReports,t5_5wncl5,r/UkraineWarReports,restricted,,0,[],,1651297293.0,[],text,t2_ltvfl4z3,False,False
[],False,,Mac-6,,default,,,dark,Sub dead for 10 days now it seems.,6c0caadced488e01716aba19d86caf80079f609e,True,False,,,,,0,1651309718,,0,{},i6rs35r,False,t3_u7ywui,False,True,t1_i5qxtha,/r/UkraineWarReports/comments/u7ywui/another_video_of_a_russian_rocket_arriving_at_a/i6rs35r/,1651309730,1,False,True,False,UkraineWarReports,t5_5wncl5,r/UkraineWarReports,restricted,,0,[],,1651280918.0,[],text,t2_3h2vp5wb,False,True
[],False,,Mac-6,,default,,,dark,Is this subreddit dead? No content in 10 days?,99e4d3eccf2bf0a5f3357e168d97d2c4fd04db79,True,False,,,,,0,1651309613,,0,{},i6rrz2n,False,t3_t59gxj,False,True,t3_t59gxj,/r/UkraineWarReports/comments/t59gxj/meanwhile_moscow_police_arrest_grandmother_at/i6rrz2n/,1651309625,1,False,True,False,UkraineWarReports,t5_5wncl5,r/UkraineWarReports,restricted,,0,[],,1651280813.0,[],text,t2_3h2vp5wb,False,True
[],False,,B0tRank,,default,,,dark,"Thank you, PeriPeriTekken, for voting on KyivNotKievbot.

This bot wants to find the best and worst bots on Reddit. [You can view results here](https://botrank.pastimes.eu/).

***

^(Even if I don't reply to your comment, I'm still listening for votes. Check the webpage to see if your vote registered!)",d3c5cf4682dc1550e46096412c4bfd26c2d52118,True,False,,,,,0,1651306523,,0,{},i6romby,False,t3_u7vb7n,False,True,t1_i6rolrm,/r/UkraineWarReports/comments/u7vb7n/ukrainian_guy_from_kyev_tracks_his_airpods_after/i6romby/,1651306535,1,False,False,False,UkraineWarReports,t5_5wncl5,r/UkraineWarReports,restricted,,0,[],,1651277723.0,[],text,t2_1z1g03sv,False,False
[],False,,[deleted],,,,,dark,[removed],fe993932d6dced4c0a879e9aa5d7a6e0fbb467f5,True,False,,,,,0,1651306522,,0,{},i6rom9p,False,t3_u7vb7n,False,True,t1_i6rolrm,/r/UkraineWarReports/comments/u7vb7n/ukrainian_guy_from_kyev_tracks_his_airpods_after/i6rom9p/,1651306535,1,False,True,False,UkraineWarReports,t5_5wncl5,r/UkraineWarReports,restricted,,0,[],,1651277722.0,,,,,
[],False,,PeriPeriTekken,,default,,,dark,Good bot,48ab7f4f198b6e525e2906baf9d4ec71de74c0d2,True,False,,,,,0,1651306509,,0,{},i6rolrm,False,t3_u7vb7n,False,True,t1_i5ilprd,/r/UkraineWarReports/comments/u7vb7n/ukrainian_guy_from_kyev_tracks_his_airpods_after/i6rolrm/,1651306522,1,False,True,False,UkraineWarReports,t5_5wncl5,r/UkraineWarReports,restricted,,0,[],,1651277709.0,[],text,t2_jl6lnse5,False,False
[],False,,moschles,,default,,,dark,Zelensky was born in Krivi Rih.,6e724781d3c1e388093d75803c26a3a7d19bc582,True,False,,,,,0,1651296097,,0,{},i6rc0e4,False,t3_u7w5gs,False,True,t3_u7w5gs,/r/UkraineWarReports/comments/u7w5gs/our_art_works_the_armed_forces_of_ukraine_from/i6rc0e4/,1651296110,1,False,True,False,UkraineWarReports,t5_5wncl5,r/UkraineWarReports,restricted,,0,[],,1651267297.0,[],text,t2_e8kks,False,False
