all_awardings,allow_live_comments,author,author_flair_css_class,author_flair_richtext,author_flair_text,author_flair_type,author_fullname,author_is_blocked,author_patreon_flair,author_premium,awarders,can_mod_post,contest_mode,created_utc,domain,full_link,gildings,id,is_created_from_ads_ui,is_crosspostable,is_meta,is_original_content,is_reddit_media_domain,is_robot_indexable,is_self,is_video,link_flair_background_color,link_flair_richtext,link_flair_text_color,link_flair_type,locked,media,media_embed,media_only,no_follow,num_comments,num_crossposts,over_18,parent_whitelist_status,permalink,pinned,post_hint,preview,pwls,removed_by_category,retrieved_on,score,secure_media,secure_media_embed,selftext,send_replies,spoiler,stickied,subreddit,subreddit_id,subreddit_subscribers,subreddit_type,suggested_sort,thumbnail,thumbnail_height,thumbnail_width,title,total_awards_received,treatment_tags,upvote_ratio,url,url_overridden_by_dest,whitelist_status,wls,created,link_flair_template_id,link_flair_text,link_flair_css_class,is_gallery,crosspost_parent,crosspost_parent_list
[],False,MoysesGurgel,,[],,text,t2_s8kh5,False,False,False,[],False,False,1653255414,youtu.be,https://www.reddit.com/r/war/comments/uvkv56/azov_battalion_last_stand_in_azovstal/,{},uvkv56,False,False,False,True,False,False,False,False,,[],dark,text,False,"{'oembed': {'author_name': 'Moys√©s Gurgel', 'author_url': 'https://www.youtube.com/c/Moys√©sGurgel', 'height': 200, 'html': '&lt;iframe width=""356"" height=""200"" src=""https://www.youtube.com/embed/u0wWtffyjcI?feature=oembed&amp;enablejsapi=1"" frameborder=""0"" allow=""accelerometer; autoplay; clipboard-write; encrypted-media; gyroscope; picture-in-picture"" allowfullscreen&gt;&lt;/iframe&gt;', 'provider_name': 'YouTube', 'provider_url': 'https://www.youtube.com/', 'thumbnail_height': 360, 'thumbnail_url': 'https://i.ytimg.com/vi/u0wWtffyjcI/hqdefault.jpg', 'thumbnail_width': 480, 'title': 'Azov Battalion last stand in Azovstal', 'type': 'video', 'version': '1.0', 'width': 356}, 'type': 'youtube.com'}","{'content': '&lt;iframe width=""356"" height=""200"" src=""https://www.youtube.com/embed/u0wWtffyjcI?feature=oembed&amp;enablejsapi=1"" frameborder=""0"" allow=""accelerometer; autoplay; clipboard-write; encrypted-media; gyroscope; picture-in-picture"" allowfullscreen&gt;&lt;/iframe&gt;', 'height': 200, 'scrolling': False, 'width': 356}",False,True,0,0,False,no_ads,/r/war/comments/uvkv56/azov_battalion_last_stand_in_azovstal/,False,rich:video,"{'enabled': False, 'images': [{'id': '2sfXijttFn4WGPoauY9y9_qk9vEkP3kgy_RbCnE3JTU', 'resolutions': [{'height': 81, 'url': 'https://external-preview.redd.it/KDLMpwqPMNgFqZzVnp8YiUer9QZuEtYOvOuzVL-dj7U.jpg?width=108&amp;crop=smart&amp;auto=webp&amp;s=8403d7d91d7afe6fd439977b1c52cdf0a155a7e9', 'width': 108}, {'height': 162, 'url': 'https://external-preview.redd.it/KDLMpwqPMNgFqZzVnp8YiUer9QZuEtYOvOuzVL-dj7U.jpg?width=216&amp;crop=smart&amp;auto=webp&amp;s=b2b82aa13303158bf50063a5542bb3dad6a2cf11', 'width': 216}, {'height': 240, 'url': 'https://external-preview.redd.it/KDLMpwqPMNgFqZzVnp8YiUer9QZuEtYOvOuzVL-dj7U.jpg?width=320&amp;crop=smart&amp;auto=webp&amp;s=080c485130bfada6d3f1f3495251f0c901f066b7', 'width': 320}], 'source': {'height': 360, 'url': 'https://external-preview.redd.it/KDLMpwqPMNgFqZzVnp8YiUer9QZuEtYOvOuzVL-dj7U.jpg?auto=webp&amp;s=54507272e956a17ccba5367b60ed32a3cc682807', 'width': 480}, 'variants': {}}]}",0,reddit,1653255425,1,"{'oembed': {'author_name': 'Moys√©s Gurgel', 'author_url': 'https://www.youtube.com/c/Moys√©sGurgel', 'height': 200, 'html': '&lt;iframe width=""356"" height=""200"" src=""https://www.youtube.com/embed/u0wWtffyjcI?feature=oembed&amp;enablejsapi=1"" frameborder=""0"" allow=""accelerometer; autoplay; clipboard-write; encrypted-media; gyroscope; picture-in-picture"" allowfullscreen&gt;&lt;/iframe&gt;', 'provider_name': 'YouTube', 'provider_url': 'https://www.youtube.com/', 'thumbnail_height': 360, 'thumbnail_url': 'https://i.ytimg.com/vi/u0wWtffyjcI/hqdefault.jpg', 'thumbnail_width': 480, 'title': 'Azov Battalion last stand in Azovstal', 'type': 'video', 'version': '1.0', 'width': 356}, 'type': 'youtube.com'}","{'content': '&lt;iframe width=""356"" height=""200"" src=""https://www.youtube.com/embed/u0wWtffyjcI?feature=oembed&amp;enablejsapi=1"" frameborder=""0"" allow=""accelerometer; autoplay; clipboard-write; encrypted-media; gyroscope; picture-in-picture"" allowfullscreen&gt;&lt;/iframe&gt;', 'height': 200, 'media_domain_url': 'https://www.redditmedia.com/mediaembed/uvkv56', 'scrolling': False, 'width': 356}",,True,False,False,war,t5_2qhk8,91769,public,confidence,https://a.thumbs.redditmedia.com/igsvyYnfmGwYfJSMtupBubzXmPy4he1yeg5ALXppcQ4.jpg,105.0,140.0,Azov Battalion last stand in Azovstal,0,[],1.0,https://youtu.be/u0wWtffyjcI,https://youtu.be/u0wWtffyjcI,no_ads,0,1653226614.0,,,,,,
[],False,Belekuris,,[],,text,t2_14msl7dg,False,False,False,[],False,False,1653253735,youtube.com,https://www.reddit.com/r/war/comments/uvkajb/why_the_russian_invasion_of_ukraine_might_be_at_a/,{},uvkajb,False,False,False,True,False,False,False,False,#dadada,[],dark,text,False,"{'oembed': {'author_name': 'AI Reacts', 'author_url': 'https://www.youtube.com/channel/UCw4ep9WZ0Wem4nG5MxCSDKA', 'height': 200, 'html': '&lt;iframe width=""356"" height=""200"" src=""https://www.youtube.com/embed/ToOahMWZyik?feature=oembed&amp;enablejsapi=1"" frameborder=""0"" allow=""accelerometer; autoplay; clipboard-write; encrypted-media; gyroscope; picture-in-picture"" allowfullscreen&gt;&lt;/iframe&gt;', 'provider_name': 'YouTube', 'provider_url': 'https://www.youtube.com/', 'thumbnail_height': 360, 'thumbnail_url': 'https://i.ytimg.com/vi/ToOahMWZyik/hqdefault.jpg', 'thumbnail_width': 480, 'title': 'AI Predicting The Winner Of PGL Antwerp 2022', 'type': 'video', 'version': '1.0', 'width': 356}, 'type': 'youtube.com'}","{'content': '&lt;iframe width=""356"" height=""200"" src=""https://www.youtube.com/embed/ToOahMWZyik?feature=oembed&amp;enablejsapi=1"" frameborder=""0"" allow=""accelerometer; autoplay; clipboard-write; encrypted-media; gyroscope; picture-in-picture"" allowfullscreen&gt;&lt;/iframe&gt;', 'height': 200, 'scrolling': False, 'width': 356}",False,True,0,0,False,no_ads,/r/war/comments/uvkajb/why_the_russian_invasion_of_ukraine_might_be_at_a/,False,rich:video,"{'enabled': False, 'images': [{'id': '7LIouU4OdaakS86Z6qOwh1icsGL9y1sd0vVx8lbO-AA', 'resolutions': [{'height': 81, 'url': 'https://external-preview.redd.it/izHV-770suItfGm11cj3AE-G_L3mcYopOsqQc34y_dw.jpg?width=108&amp;crop=smart&amp;auto=webp&amp;s=5d7c5e502621a9d80b64d04669ac6c1f327e8c40', 'width': 108}, {'height': 162, 'url': 'https://external-preview.redd.it/izHV-770suItfGm11cj3AE-G_L3mcYopOsqQc34y_dw.jpg?width=216&amp;crop=smart&amp;auto=webp&amp;s=b5e056d0bb1295126725d2491406f241a2d8b008', 'width': 216}, {'height': 240, 'url': 'https://external-preview.redd.it/izHV-770suItfGm11cj3AE-G_L3mcYopOsqQc34y_dw.jpg?width=320&amp;crop=smart&amp;auto=webp&amp;s=9a3d2fd70d47e40e025fdd22224b5496222c6f6b', 'width': 320}], 'source': {'height': 360, 'url': 'https://external-preview.redd.it/izHV-770suItfGm11cj3AE-G_L3mcYopOsqQc34y_dw.jpg?auto=webp&amp;s=7d083b309c2968cdbfe17e0a3e5cb70c323eca8e', 'width': 480}, 'variants': {}}]}",0,reddit,1653253746,1,"{'oembed': {'author_name': 'AI Reacts', 'author_url': 'https://www.youtube.com/channel/UCw4ep9WZ0Wem4nG5MxCSDKA', 'height': 200, 'html': '&lt;iframe width=""356"" height=""200"" src=""https://www.youtube.com/embed/ToOahMWZyik?feature=oembed&amp;enablejsapi=1"" frameborder=""0"" allow=""accelerometer; autoplay; clipboard-write; encrypted-media; gyroscope; picture-in-picture"" allowfullscreen&gt;&lt;/iframe&gt;', 'provider_name': 'YouTube', 'provider_url': 'https://www.youtube.com/', 'thumbnail_height': 360, 'thumbnail_url': 'https://i.ytimg.com/vi/ToOahMWZyik/hqdefault.jpg', 'thumbnail_width': 480, 'title': 'AI Predicting The Winner Of PGL Antwerp 2022', 'type': 'video', 'version': '1.0', 'width': 356}, 'type': 'youtube.com'}","{'content': '&lt;iframe width=""356"" height=""200"" src=""https://www.youtube.com/embed/ToOahMWZyik?feature=oembed&amp;enablejsapi=1"" frameborder=""0"" allow=""accelerometer; autoplay; clipboard-write; encrypted-media; gyroscope; picture-in-picture"" allowfullscreen&gt;&lt;/iframe&gt;', 'height': 200, 'media_domain_url': 'https://www.redditmedia.com/mediaembed/uvkajb', 'scrolling': False, 'width': 356}",,True,False,False,war,t5_2qhk8,91767,public,confidence,https://b.thumbs.redditmedia.com/5wzsSnhTT07gfn2YLBTthn6TUtJCSy-ABJ05GV8pdNw.jpg,105.0,140.0,Why The Russian Invasion Of Ukraine Might Be At A Dead End.,0,[],1.0,https://youtube.com/watch?v=ToOahMWZyik&amp;feature=share,https://youtube.com/watch?v=ToOahMWZyik&amp;feature=share,no_ads,0,1653224935.0,77ce0434-a480-11ec-aacc-06564c6ff5ef,News,,,,
[],False,Due_Astronaut_3827,,[],,text,t2_mz0fl1iy,False,False,False,[],False,False,1653253414,youtube.com,https://www.reddit.com/r/war/comments/uvk6i1/why_the_russian_invasion_of_ukraine_might_be_at_a/,{},uvk6i1,False,False,False,True,False,False,False,False,#dadada,[],dark,text,False,"{'oembed': {'author_name': 'AI Reacts', 'author_url': 'https://www.youtube.com/channel/UCw4ep9WZ0Wem4nG5MxCSDKA', 'height': 200, 'html': '&lt;iframe width=""356"" height=""200"" src=""https://www.youtube.com/embed/ToOahMWZyik?feature=oembed&amp;enablejsapi=1"" frameborder=""0"" allow=""accelerometer; autoplay; clipboard-write; encrypted-media; gyroscope; picture-in-picture"" allowfullscreen&gt;&lt;/iframe&gt;', 'provider_name': 'YouTube', 'provider_url': 'https://www.youtube.com/', 'thumbnail_height': 360, 'thumbnail_url': 'https://i.ytimg.com/vi/ToOahMWZyik/hqdefault.jpg', 'thumbnail_width': 480, 'title': 'AI Predicting The Winner Of PGL Antwerp 2022', 'type': 'video', 'version': '1.0', 'width': 356}, 'type': 'youtube.com'}","{'content': '&lt;iframe width=""356"" height=""200"" src=""https://www.youtube.com/embed/ToOahMWZyik?feature=oembed&amp;enablejsapi=1"" frameborder=""0"" allow=""accelerometer; autoplay; clipboard-write; encrypted-media; gyroscope; picture-in-picture"" allowfullscreen&gt;&lt;/iframe&gt;', 'height': 200, 'scrolling': False, 'width': 356}",False,True,0,0,False,no_ads,/r/war/comments/uvk6i1/why_the_russian_invasion_of_ukraine_might_be_at_a/,False,rich:video,"{'enabled': False, 'images': [{'id': '7LIouU4OdaakS86Z6qOwh1icsGL9y1sd0vVx8lbO-AA', 'resolutions': [{'height': 81, 'url': 'https://external-preview.redd.it/izHV-770suItfGm11cj3AE-G_L3mcYopOsqQc34y_dw.jpg?width=108&amp;crop=smart&amp;auto=webp&amp;s=5d7c5e502621a9d80b64d04669ac6c1f327e8c40', 'width': 108}, {'height': 162, 'url': 'https://external-preview.redd.it/izHV-770suItfGm11cj3AE-G_L3mcYopOsqQc34y_dw.jpg?width=216&amp;crop=smart&amp;auto=webp&amp;s=b5e056d0bb1295126725d2491406f241a2d8b008', 'width': 216}, {'height': 240, 'url': 'https://external-preview.redd.it/izHV-770suItfGm11cj3AE-G_L3mcYopOsqQc34y_dw.jpg?width=320&amp;crop=smart&amp;auto=webp&amp;s=9a3d2fd70d47e40e025fdd22224b5496222c6f6b', 'width': 320}], 'source': {'height': 360, 'url': 'https://external-preview.redd.it/izHV-770suItfGm11cj3AE-G_L3mcYopOsqQc34y_dw.jpg?auto=webp&amp;s=7d083b309c2968cdbfe17e0a3e5cb70c323eca8e', 'width': 480}, 'variants': {}}]}",0,reddit,1653253425,1,"{'oembed': {'author_name': 'AI Reacts', 'author_url': 'https://www.youtube.com/channel/UCw4ep9WZ0Wem4nG5MxCSDKA', 'height': 200, 'html': '&lt;iframe width=""356"" height=""200"" src=""https://www.youtube.com/embed/ToOahMWZyik?feature=oembed&amp;enablejsapi=1"" frameborder=""0"" allow=""accelerometer; autoplay; clipboard-write; encrypted-media; gyroscope; picture-in-picture"" allowfullscreen&gt;&lt;/iframe&gt;', 'provider_name': 'YouTube', 'provider_url': 'https://www.youtube.com/', 'thumbnail_height': 360, 'thumbnail_url': 'https://i.ytimg.com/vi/ToOahMWZyik/hqdefault.jpg', 'thumbnail_width': 480, 'title': 'AI Predicting The Winner Of PGL Antwerp 2022', 'type': 'video', 'version': '1.0', 'width': 356}, 'type': 'youtube.com'}","{'content': '&lt;iframe width=""356"" height=""200"" src=""https://www.youtube.com/embed/ToOahMWZyik?feature=oembed&amp;enablejsapi=1"" frameborder=""0"" allow=""accelerometer; autoplay; clipboard-write; encrypted-media; gyroscope; picture-in-picture"" allowfullscreen&gt;&lt;/iframe&gt;', 'height': 200, 'media_domain_url': 'https://www.redditmedia.com/mediaembed/uvk6i1', 'scrolling': False, 'width': 356}",,True,False,False,war,t5_2qhk8,91767,public,confidence,https://b.thumbs.redditmedia.com/5wzsSnhTT07gfn2YLBTthn6TUtJCSy-ABJ05GV8pdNw.jpg,105.0,140.0,Why The Russian Invasion Of Ukraine Might Be At A Dead End.,0,[],1.0,https://youtube.com/watch?v=ToOahMWZyik&amp;feature=share,https://youtube.com/watch?v=ToOahMWZyik&amp;feature=share,no_ads,0,1653224614.0,77ce0434-a480-11ec-aacc-06564c6ff5ef,News,,,,
[],False,Due_Astronaut_3827,,[],,text,t2_mz0fl1iy,False,False,False,[],False,False,1653253310,youtube.com,https://www.reddit.com/r/war/comments/uvk56k/ai_predicting_the_winner_of_pgl_antwerp_2022/,{},uvk56k,False,False,False,True,False,False,False,False,#dadada,[],dark,text,False,"{'oembed': {'author_name': 'AI Reacts', 'author_url': 'https://www.youtube.com/channel/UCw4ep9WZ0Wem4nG5MxCSDKA', 'height': 200, 'html': '&lt;iframe width=""356"" height=""200"" src=""https://www.youtube.com/embed/ToOahMWZyik?feature=oembed&amp;enablejsapi=1"" frameborder=""0"" allow=""accelerometer; autoplay; clipboard-write; encrypted-media; gyroscope; picture-in-picture"" allowfullscreen&gt;&lt;/iframe&gt;', 'provider_name': 'YouTube', 'provider_url': 'https://www.youtube.com/', 'thumbnail_height': 360, 'thumbnail_url': 'https://i.ytimg.com/vi/ToOahMWZyik/hqdefault.jpg', 'thumbnail_width': 480, 'title': 'AI Predicting The Winner Of PGL Antwerp 2022', 'type': 'video', 'version': '1.0', 'width': 356}, 'type': 'youtube.com'}","{'content': '&lt;iframe width=""356"" height=""200"" src=""https://www.youtube.com/embed/ToOahMWZyik?feature=oembed&amp;enablejsapi=1"" frameborder=""0"" allow=""accelerometer; autoplay; clipboard-write; encrypted-media; gyroscope; picture-in-picture"" allowfullscreen&gt;&lt;/iframe&gt;', 'height': 200, 'scrolling': False, 'width': 356}",False,True,0,0,False,no_ads,/r/war/comments/uvk56k/ai_predicting_the_winner_of_pgl_antwerp_2022/,False,rich:video,"{'enabled': False, 'images': [{'id': '7LIouU4OdaakS86Z6qOwh1icsGL9y1sd0vVx8lbO-AA', 'resolutions': [{'height': 81, 'url': 'https://external-preview.redd.it/izHV-770suItfGm11cj3AE-G_L3mcYopOsqQc34y_dw.jpg?width=108&amp;crop=smart&amp;auto=webp&amp;s=5d7c5e502621a9d80b64d04669ac6c1f327e8c40', 'width': 108}, {'height': 162, 'url': 'https://external-preview.redd.it/izHV-770suItfGm11cj3AE-G_L3mcYopOsqQc34y_dw.jpg?width=216&amp;crop=smart&amp;auto=webp&amp;s=b5e056d0bb1295126725d2491406f241a2d8b008', 'width': 216}, {'height': 240, 'url': 'https://external-preview.redd.it/izHV-770suItfGm11cj3AE-G_L3mcYopOsqQc34y_dw.jpg?width=320&amp;crop=smart&amp;auto=webp&amp;s=9a3d2fd70d47e40e025fdd22224b5496222c6f6b', 'width': 320}], 'source': {'height': 360, 'url': 'https://external-preview.redd.it/izHV-770suItfGm11cj3AE-G_L3mcYopOsqQc34y_dw.jpg?auto=webp&amp;s=7d083b309c2968cdbfe17e0a3e5cb70c323eca8e', 'width': 480}, 'variants': {}}]}",0,reddit,1653253321,1,"{'oembed': {'author_name': 'AI Reacts', 'author_url': 'https://www.youtube.com/channel/UCw4ep9WZ0Wem4nG5MxCSDKA', 'height': 200, 'html': '&lt;iframe width=""356"" height=""200"" src=""https://www.youtube.com/embed/ToOahMWZyik?feature=oembed&amp;enablejsapi=1"" frameborder=""0"" allow=""accelerometer; autoplay; clipboard-write; encrypted-media; gyroscope; picture-in-picture"" allowfullscreen&gt;&lt;/iframe&gt;', 'provider_name': 'YouTube', 'provider_url': 'https://www.youtube.com/', 'thumbnail_height': 360, 'thumbnail_url': 'https://i.ytimg.com/vi/ToOahMWZyik/hqdefault.jpg', 'thumbnail_width': 480, 'title': 'AI Predicting The Winner Of PGL Antwerp 2022', 'type': 'video', 'version': '1.0', 'width': 356}, 'type': 'youtube.com'}","{'content': '&lt;iframe width=""356"" height=""200"" src=""https://www.youtube.com/embed/ToOahMWZyik?feature=oembed&amp;enablejsapi=1"" frameborder=""0"" allow=""accelerometer; autoplay; clipboard-write; encrypted-media; gyroscope; picture-in-picture"" allowfullscreen&gt;&lt;/iframe&gt;', 'height': 200, 'media_domain_url': 'https://www.redditmedia.com/mediaembed/uvk56k', 'scrolling': False, 'width': 356}",,True,False,False,war,t5_2qhk8,91767,public,confidence,https://b.thumbs.redditmedia.com/5wzsSnhTT07gfn2YLBTthn6TUtJCSy-ABJ05GV8pdNw.jpg,105.0,140.0,AI Predicting The Winner Of PGL Antwerp 2022,0,[],1.0,https://youtube.com/watch?v=ToOahMWZyik&amp;feature=share,https://youtube.com/watch?v=ToOahMWZyik&amp;feature=share,no_ads,0,1653224510.0,2abb3ade-8eba-11e8-8825-0e0cc8fdcf5a,cringe,,,,
[],False,AppleBudget_,,[],,text,t2_3jvyokgi,False,False,False,[],False,False,1653251724,youtube.com,https://www.reddit.com/r/war/comments/uvjl7t/orcs_getting_destroyed_compilation/,{},uvjl7t,False,False,False,True,False,False,False,False,,[],dark,text,False,"{'oembed': {'author_name': '–ë–û–ô–û–í–ò–ô –ö–ê–†–ò–§–Ü–ö –£–ö–†–ê–á–ù–ò –¢–ê –†–û–°–Ü–áüí•üí£- Topic', 'author_url': 'https://www.youtube.com/channel/UCxJymz33Qht-7oBPf3QMifw', 'height': 200, 'html': '&lt;iframe width=""356"" height=""200"" src=""https://www.youtube.com/embed/Y-khhHD-4Yw?feature=oembed&amp;enablejsapi=1"" frameborder=""0"" allow=""accelerometer; autoplay; clipboard-write; encrypted-media; gyroscope; picture-in-picture"" allowfullscreen&gt;&lt;/iframe&gt;', 'provider_name': 'YouTube', 'provider_url': 'https://www.youtube.com/', 'thumbnail_height': 360, 'thumbnail_url': 'https://i.ytimg.com/vi/Y-khhHD-4Yw/hqdefault.jpg', 'thumbnail_width': 480, 'title': '–ó–ë–Ü–†–ö–ê - –û–°–ù–û–í–ù–Ü –£–ö–†–ê–á–ù–°–¨–ö–Ü –í–Ü–ô–°–¨–ö–Ü –ö–ê–î–†–ò–ú–ò / COMPILATION - THE LATEST UKRAINIAN MILITARY FOOTAGE', 'type': 'video', 'version': '1.0', 'width': 356}, 'type': 'youtube.com'}","{'content': '&lt;iframe width=""356"" height=""200"" src=""https://www.youtube.com/embed/Y-khhHD-4Yw?feature=oembed&amp;enablejsapi=1"" frameborder=""0"" allow=""accelerometer; autoplay; clipboard-write; encrypted-media; gyroscope; picture-in-picture"" allowfullscreen&gt;&lt;/iframe&gt;', 'height': 200, 'scrolling': False, 'width': 356}",False,True,0,0,False,no_ads,/r/war/comments/uvjl7t/orcs_getting_destroyed_compilation/,False,rich:video,"{'enabled': False, 'images': [{'id': 'MV5-hYOC5tQMnOscqmDxEGK2JEv6iM6G7ZeKBxKSMCI', 'resolutions': [{'height': 81, 'url': 'https://external-preview.redd.it/J_OoiF-QDKnv7B75zqCVYhBYJ2E9AUPyEeCdOKF0rpY.jpg?width=108&amp;crop=smart&amp;auto=webp&amp;s=389a0519102a6f30ce755c65f3adce6e1de30bce', 'width': 108}, {'height': 162, 'url': 'https://external-preview.redd.it/J_OoiF-QDKnv7B75zqCVYhBYJ2E9AUPyEeCdOKF0rpY.jpg?width=216&amp;crop=smart&amp;auto=webp&amp;s=aa7ed07b01344c3c6fa436bd6b4ba8ca8c1f80a3', 'width': 216}, {'height': 240, 'url': 'https://external-preview.redd.it/J_OoiF-QDKnv7B75zqCVYhBYJ2E9AUPyEeCdOKF0rpY.jpg?width=320&amp;crop=smart&amp;auto=webp&amp;s=b5e1617ed20e356138f6fe942c8ae1a62a98e4e5', 'width': 320}], 'source': {'height': 360, 'url': 'https://external-preview.redd.it/J_OoiF-QDKnv7B75zqCVYhBYJ2E9AUPyEeCdOKF0rpY.jpg?auto=webp&amp;s=ed42d8f35d3eafc5dd710ba5fc390674350d4817', 'width': 480}, 'variants': {}}]}",0,reddit,1653251735,1,"{'oembed': {'author_name': '–ë–û–ô–û–í–ò–ô –ö–ê–†–ò–§–Ü–ö –£–ö–†–ê–á–ù–ò –¢–ê –†–û–°–Ü–áüí•üí£- Topic', 'author_url': 'https://www.youtube.com/channel/UCxJymz33Qht-7oBPf3QMifw', 'height': 200, 'html': '&lt;iframe width=""356"" height=""200"" src=""https://www.youtube.com/embed/Y-khhHD-4Yw?feature=oembed&amp;enablejsapi=1"" frameborder=""0"" allow=""accelerometer; autoplay; clipboard-write; encrypted-media; gyroscope; picture-in-picture"" allowfullscreen&gt;&lt;/iframe&gt;', 'provider_name': 'YouTube', 'provider_url': 'https://www.youtube.com/', 'thumbnail_height': 360, 'thumbnail_url': 'https://i.ytimg.com/vi/Y-khhHD-4Yw/hqdefault.jpg', 'thumbnail_width': 480, 'title': '–ó–ë–Ü–†–ö–ê - –û–°–ù–û–í–ù–Ü –£–ö–†–ê–á–ù–°–¨–ö–Ü –í–Ü–ô–°–¨–ö–Ü –ö–ê–î–†–ò–ú–ò / COMPILATION - THE LATEST UKRAINIAN MILITARY FOOTAGE', 'type': 'video', 'version': '1.0', 'width': 356}, 'type': 'youtube.com'}","{'content': '&lt;iframe width=""356"" height=""200"" src=""https://www.youtube.com/embed/Y-khhHD-4Yw?feature=oembed&amp;enablejsapi=1"" frameborder=""0"" allow=""accelerometer; autoplay; clipboard-write; encrypted-media; gyroscope; picture-in-picture"" allowfullscreen&gt;&lt;/iframe&gt;', 'height': 200, 'media_domain_url': 'https://www.redditmedia.com/mediaembed/uvjl7t', 'scrolling': False, 'width': 356}",,True,False,False,war,t5_2qhk8,91765,public,confidence,https://b.thumbs.redditmedia.com/JmefTcXBXGUYNkkn9z1IBsQxsrgeSx-EE-1x_OWOOQw.jpg,105.0,140.0,ORCS GETTING DESTROYED Compilation üá∫üá¶,0,[],1.0,https://www.youtube.com/watch?v=Y-khhHD-4Yw,https://www.youtube.com/watch?v=Y-khhHD-4Yw,no_ads,0,1653222924.0,98a5d52a-ea92-11e3-b906-12313d056e4a,NSFL,nsfl,,,
[],False,IcyConversation1224,,[],,text,t2_mxcmzu34,False,False,False,[],False,False,1653251637,youtu.be,https://www.reddit.com/r/war/comments/uvjk15/will_nato_defend_ukraine/,{},uvjk15,False,False,False,True,False,False,False,False,,[],dark,text,False,"{'oembed': {'author_name': 'Podcast ≈öwiat', 'author_url': 'https://www.youtube.com/c/PodcastSwiat', 'height': 200, 'html': '&lt;iframe width=""356"" height=""200"" src=""https://www.youtube.com/embed/XosJrhJhdTg?feature=oembed&amp;enablejsapi=1"" frameborder=""0"" allow=""accelerometer; autoplay; clipboard-write; encrypted-media; gyroscope; picture-in-picture"" allowfullscreen&gt;&lt;/iframe&gt;', 'provider_name': 'YouTube', 'provider_url': 'https://www.youtube.com/', 'thumbnail_height': 360, 'thumbnail_url': 'https://i.ytimg.com/vi/XosJrhJhdTg/hqdefault.jpg', 'thumbnail_width': 480, 'title': 'Czy NATO zaatakuje RosjeÃ®?', 'type': 'video', 'version': '1.0', 'width': 356}, 'type': 'youtube.com'}","{'content': '&lt;iframe width=""356"" height=""200"" src=""https://www.youtube.com/embed/XosJrhJhdTg?feature=oembed&amp;enablejsapi=1"" frameborder=""0"" allow=""accelerometer; autoplay; clipboard-write; encrypted-media; gyroscope; picture-in-picture"" allowfullscreen&gt;&lt;/iframe&gt;', 'height': 200, 'scrolling': False, 'width': 356}",False,True,0,0,False,no_ads,/r/war/comments/uvjk15/will_nato_defend_ukraine/,False,rich:video,"{'enabled': False, 'images': [{'id': 'nPIJKwZz1FQjSoKTLvl4OPJYpZok5jqVvi5jc5S6hbE', 'resolutions': [{'height': 81, 'url': 'https://external-preview.redd.it/TX-gBoVS2qt9nF-c2SnNglvhVVteRuLXl3iAVxy3i8A.jpg?width=108&amp;crop=smart&amp;auto=webp&amp;s=a8051a1aa8574b17f11a01828727a64ef8a7e22b', 'width': 108}, {'height': 162, 'url': 'https://external-preview.redd.it/TX-gBoVS2qt9nF-c2SnNglvhVVteRuLXl3iAVxy3i8A.jpg?width=216&amp;crop=smart&amp;auto=webp&amp;s=b50a69c499c126a793f26976c3d5c67d7dd03118', 'width': 216}, {'height': 240, 'url': 'https://external-preview.redd.it/TX-gBoVS2qt9nF-c2SnNglvhVVteRuLXl3iAVxy3i8A.jpg?width=320&amp;crop=smart&amp;auto=webp&amp;s=ffbc86a1bc27f4572ab912492d1a55408fbbca68', 'width': 320}], 'source': {'height': 360, 'url': 'https://external-preview.redd.it/TX-gBoVS2qt9nF-c2SnNglvhVVteRuLXl3iAVxy3i8A.jpg?auto=webp&amp;s=c2cf9e7ab177bc33bb7209c0131b1ff65d3dbc7f', 'width': 480}, 'variants': {}}]}",0,reddit,1653251647,1,"{'oembed': {'author_name': 'Podcast ≈öwiat', 'author_url': 'https://www.youtube.com/c/PodcastSwiat', 'height': 200, 'html': '&lt;iframe width=""356"" height=""200"" src=""https://www.youtube.com/embed/XosJrhJhdTg?feature=oembed&amp;enablejsapi=1"" frameborder=""0"" allow=""accelerometer; autoplay; clipboard-write; encrypted-media; gyroscope; picture-in-picture"" allowfullscreen&gt;&lt;/iframe&gt;', 'provider_name': 'YouTube', 'provider_url': 'https://www.youtube.com/', 'thumbnail_height': 360, 'thumbnail_url': 'https://i.ytimg.com/vi/XosJrhJhdTg/hqdefault.jpg', 'thumbnail_width': 480, 'title': 'Czy NATO zaatakuje RosjeÃ®?', 'type': 'video', 'version': '1.0', 'width': 356}, 'type': 'youtube.com'}","{'content': '&lt;iframe width=""356"" height=""200"" src=""https://www.youtube.com/embed/XosJrhJhdTg?feature=oembed&amp;enablejsapi=1"" frameborder=""0"" allow=""accelerometer; autoplay; clipboard-write; encrypted-media; gyroscope; picture-in-picture"" allowfullscreen&gt;&lt;/iframe&gt;', 'height': 200, 'media_domain_url': 'https://www.redditmedia.com/mediaembed/uvjk15', 'scrolling': False, 'width': 356}",,True,False,False,war,t5_2qhk8,91765,public,confidence,https://a.thumbs.redditmedia.com/38RNadBR-oxGeqD8kA2JAXnkgiCEWNRKXMEi5pxxh48.jpg,105.0,140.0,Will NATO defend Ukraine?,0,[],1.0,https://youtu.be/XosJrhJhdTg,https://youtu.be/XosJrhJhdTg,no_ads,0,1653222837.0,,,,,,
[],False,Deejhons786,,[],,text,t2_uv9rcm6,False,False,False,[],False,False,1653248953,youtu.be,https://www.reddit.com/r/war/comments/uvimw4/war_footage_of_ukraine_russia_nato_lifetv/,{},uvimw4,False,False,False,True,False,False,False,False,#dadada,[],dark,text,False,"{'oembed': {'author_name': 'Life TV ', 'author_url': 'https://www.youtube.com/c/LifeTVPakistan', 'height': 200, 'html': '&lt;iframe width=""356"" height=""200"" src=""https://www.youtube.com/embed/bfXlpV_Gxew?feature=oembed&amp;enablejsapi=1"" frameborder=""0"" allow=""accelerometer; autoplay; clipboard-write; encrypted-media; gyroscope; picture-in-picture"" allowfullscreen&gt;&lt;/iframe&gt;', 'provider_name': 'YouTube', 'provider_url': 'https://www.youtube.com/', 'thumbnail_height': 360, 'thumbnail_url': 'https://i.ytimg.com/vi/bfXlpV_Gxew/hqdefault.jpg', 'thumbnail_width': 480, 'title': 'War Footage of Russia, Ukraine &amp;NATO Military. Viral Video#1', 'type': 'video', 'version': '1.0', 'width': 356}, 'type': 'youtube.com'}","{'content': '&lt;iframe width=""356"" height=""200"" src=""https://www.youtube.com/embed/bfXlpV_Gxew?feature=oembed&amp;enablejsapi=1"" frameborder=""0"" allow=""accelerometer; autoplay; clipboard-write; encrypted-media; gyroscope; picture-in-picture"" allowfullscreen&gt;&lt;/iframe&gt;', 'height': 200, 'scrolling': False, 'width': 356}",False,True,0,0,False,no_ads,/r/war/comments/uvimw4/war_footage_of_ukraine_russia_nato_lifetv/,False,rich:video,"{'enabled': False, 'images': [{'id': 'ni4yNFoV69Zq2jazn--n481MmmOjv4StTqg862yETQk', 'resolutions': [{'height': 81, 'url': 'https://external-preview.redd.it/3AcKpsemMqBHlQCaD80VrpCGPQRD-eBHjdBGSa1XxUo.jpg?width=108&amp;crop=smart&amp;auto=webp&amp;s=3740437dc19647475f712b8a9d18645ddfe32b7d', 'width': 108}, {'height': 162, 'url': 'https://external-preview.redd.it/3AcKpsemMqBHlQCaD80VrpCGPQRD-eBHjdBGSa1XxUo.jpg?width=216&amp;crop=smart&amp;auto=webp&amp;s=3fa9563d203ecabd256aedf2b094a06158b82872', 'width': 216}, {'height': 240, 'url': 'https://external-preview.redd.it/3AcKpsemMqBHlQCaD80VrpCGPQRD-eBHjdBGSa1XxUo.jpg?width=320&amp;crop=smart&amp;auto=webp&amp;s=918119b2b999f78050c138347b944a79b0bfeb89', 'width': 320}], 'source': {'height': 360, 'url': 'https://external-preview.redd.it/3AcKpsemMqBHlQCaD80VrpCGPQRD-eBHjdBGSa1XxUo.jpg?auto=webp&amp;s=0df1b373dd96192d3e08b119468061aa58bf800b', 'width': 480}, 'variants': {}}]}",0,reddit,1653248963,1,"{'oembed': {'author_name': 'Life TV ', 'author_url': 'https://www.youtube.com/c/LifeTVPakistan', 'height': 200, 'html': '&lt;iframe width=""356"" height=""200"" src=""https://www.youtube.com/embed/bfXlpV_Gxew?feature=oembed&amp;enablejsapi=1"" frameborder=""0"" allow=""accelerometer; autoplay; clipboard-write; encrypted-media; gyroscope; picture-in-picture"" allowfullscreen&gt;&lt;/iframe&gt;', 'provider_name': 'YouTube', 'provider_url': 'https://www.youtube.com/', 'thumbnail_height': 360, 'thumbnail_url': 'https://i.ytimg.com/vi/bfXlpV_Gxew/hqdefault.jpg', 'thumbnail_width': 480, 'title': 'War Footage of Russia, Ukraine &amp;NATO Military. Viral Video#1', 'type': 'video', 'version': '1.0', 'width': 356}, 'type': 'youtube.com'}","{'content': '&lt;iframe width=""356"" height=""200"" src=""https://www.youtube.com/embed/bfXlpV_Gxew?feature=oembed&amp;enablejsapi=1"" frameborder=""0"" allow=""accelerometer; autoplay; clipboard-write; encrypted-media; gyroscope; picture-in-picture"" allowfullscreen&gt;&lt;/iframe&gt;', 'height': 200, 'media_domain_url': 'https://www.redditmedia.com/mediaembed/uvimw4', 'scrolling': False, 'width': 356}",,True,False,False,war,t5_2qhk8,91763,public,confidence,https://b.thumbs.redditmedia.com/LuBnirAZRWqdpdRyBt4ZMYl9jfOmZ1zUkhmg1M3s1mc.jpg,105.0,140.0,War Footage of Ukraine Russia &amp; NATO @lifetv,0,[],1.0,https://youtu.be/bfXlpV_Gxew,https://youtu.be/bfXlpV_Gxew,no_ads,0,1653220153.0,2abb3ade-8eba-11e8-8825-0e0cc8fdcf5a,cringe,,,,
[],False,idk1477,,[],,text,t2_h7ii5ovg,False,False,False,[],False,False,1653247205,/r/war/comments/uvi14p/the_azov_strong_hold_in_mariopul/,https://www.reddit.com/r/war/comments/uvi14p/the_azov_strong_hold_in_mariopul/,{},uvi14p,False,False,False,True,False,False,False,True,#dadada,[],dark,text,False,,,False,True,0,0,False,no_ads,/r/war/comments/uvi14p/the_azov_strong_hold_in_mariopul/,False,hosted:video,"{'enabled': False, 'images': [{'id': 'rTOv88GjBu3oyyyP5N4espW6ui6LRS5DFG0mRjd8UIg', 'resolutions': [{'height': 60, 'url': 'https://external-preview.redd.it/xQMwiBWjfLuxgdJcpTGQFlUqgn-hfpOPh6ZCswEVW34.png?width=108&amp;crop=smart&amp;format=pjpg&amp;auto=webp&amp;s=670c3059a633c5356e1a7a609260438b34103a02', 'width': 108}, {'height': 121, 'url': 'https://external-preview.redd.it/xQMwiBWjfLuxgdJcpTGQFlUqgn-hfpOPh6ZCswEVW34.png?width=216&amp;crop=smart&amp;format=pjpg&amp;auto=webp&amp;s=458412a7f09e419520218ecca79f700a77bf7583', 'width': 216}, {'height': 180, 'url': 'https://external-preview.redd.it/xQMwiBWjfLuxgdJcpTGQFlUqgn-hfpOPh6ZCswEVW34.png?width=320&amp;crop=smart&amp;format=pjpg&amp;auto=webp&amp;s=15cb7fab1ee709e2c15efd95e8fef9e0bd9455af', 'width': 320}], 'source': {'height': 270, 'url': 'https://external-preview.redd.it/xQMwiBWjfLuxgdJcpTGQFlUqgn-hfpOPh6ZCswEVW34.png?format=pjpg&amp;auto=webp&amp;s=79ae78d5be260df0f0f2d26ed35cc14e3fef9dfc', 'width': 480}, 'variants': {}}]}",0,automod_filtered,1653247215,1,,,,True,False,False,war,t5_2qhk8,91760,public,confidence,https://b.thumbs.redditmedia.com/iiLkwfPd6BbArEJspqosU4p7Y_KQdrA0C65HzNLYsSg.jpg,78.0,140.0,"The ""azov strong hold"" in mariopul",0,[],1.0,https://v.redd.it/2gp31047v2191,https://v.redd.it/2gp31047v2191,no_ads,0,1653218405.0,2abb3ade-8eba-11e8-8825-0e0cc8fdcf5a,cringe,,,,
[],False,idk1477,,[],,text,t2_h7ii5ovg,False,False,False,[],False,False,1653247006,reddit.com,https://www.reddit.com/r/war/comments/uvhymz/azov/,{},uvhymz,False,False,False,True,False,False,False,False,#dadada,[],dark,text,False,,,False,True,0,0,False,no_ads,/r/war/comments/uvhymz/azov/,False,,,0,automod_filtered,1653247017,1,,,,True,False,False,war,t5_2qhk8,91758,public,confidence,https://b.thumbs.redditmedia.com/YxGP1VQppwbyQBm--BMmCdwgbWMvSagJxzHzlnJnswg.jpg,78.0,140.0,azov ...,0,[],1.0,https://www.reddit.com/gallery/uvhymz,https://www.reddit.com/gallery/uvhymz,no_ads,0,1653218206.0,2abb3ade-8eba-11e8-8825-0e0cc8fdcf5a,cringe,,True,,
[],False,firsmode,,[],,text,t2_a7t64hm5,False,False,True,[],False,False,1653244176,i.redd.it,https://www.reddit.com/r/war/comments/uvgz2e/war_captain_marvel_27/,{},uvgz2e,False,False,False,True,True,False,False,False,,[],dark,text,False,,,False,True,0,0,False,no_ads,/r/war/comments/uvgz2e/war_captain_marvel_27/,False,image,"{'enabled': True, 'images': [{'id': 'RBJL8J81KYoGc7TrByU4fz6y1q2T6YjLABAG82oFbRk', 'resolutions': [{'height': 159, 'url': 'https://preview.redd.it/hypohaq7m2191.jpg?width=108&amp;crop=smart&amp;auto=webp&amp;s=34c1ed3ea167edaba183dbfe959d1d18620645ad', 'width': 108}, {'height': 318, 'url': 'https://preview.redd.it/hypohaq7m2191.jpg?width=216&amp;crop=smart&amp;auto=webp&amp;s=4633d7dff6dedcdbc7e85e15442d44d44dd3da0d', 'width': 216}, {'height': 471, 'url': 'https://preview.redd.it/hypohaq7m2191.jpg?width=320&amp;crop=smart&amp;auto=webp&amp;s=3be03b999f7c8e78d102e3ffc4ed0e2a1cc36a05', 'width': 320}, {'height': 942, 'url': 'https://preview.redd.it/hypohaq7m2191.jpg?width=640&amp;crop=smart&amp;auto=webp&amp;s=83818395cac0dffead151bd948efd5808c881b8b', 'width': 640}, {'height': 1413, 'url': 'https://preview.redd.it/hypohaq7m2191.jpg?width=960&amp;crop=smart&amp;auto=webp&amp;s=44a2cea7ff7660007acf40d96bcfa71b0fa97aa8', 'width': 960}, {'height': 1590, 'url': 'https://preview.redd.it/hypohaq7m2191.jpg?width=1080&amp;crop=smart&amp;auto=webp&amp;s=f23d8b0c8cf834029b1bc61afd736ec9b78d1e91', 'width': 1080}], 'source': {'height': 2200, 'url': 'https://preview.redd.it/hypohaq7m2191.jpg?auto=webp&amp;s=2fefe76b9dfb719d563379a5682321781364c3f1', 'width': 1494}, 'variants': {}}]}",0,reddit,1653244187,1,,,,True,False,False,war,t5_2qhk8,91758,public,confidence,https://a.thumbs.redditmedia.com/VfeKOe3aSIAXqt-2PD_4jjr_JYEvjs4B170KAmkyaE8.jpg,140.0,140.0,War... [Captain Marvel #27],0,[],1.0,https://i.redd.it/hypohaq7m2191.jpg,https://i.redd.it/hypohaq7m2191.jpg,no_ads,0,1653215376.0,,,,,,
[],False,wewewawa,,[],,text,t2_3a4wg,False,False,False,[],False,False,1653241954,youtube.com,https://www.reddit.com/r/war/comments/uvg6wn/chef_jos√©_andr√©s_serving_meals_in_a_war_zone/,{},uvg6wn,False,False,False,True,False,False,False,False,,[],dark,text,False,"{'oembed': {'author_name': 'CBS Sunday Morning', 'author_url': 'https://www.youtube.com/user/CBSSundayMorning', 'height': 200, 'html': '&lt;iframe width=""356"" height=""200"" src=""https://www.youtube.com/embed/8CdKkLkVbmY?feature=oembed&amp;enablejsapi=1"" frameborder=""0"" allow=""accelerometer; autoplay; clipboard-write; encrypted-media; gyroscope; picture-in-picture"" allowfullscreen&gt;&lt;/iframe&gt;', 'provider_name': 'YouTube', 'provider_url': 'https://www.youtube.com/', 'thumbnail_height': 360, 'thumbnail_url': 'https://i.ytimg.com/vi/8CdKkLkVbmY/hqdefault.jpg', 'thumbnail_width': 480, 'title': 'Chef Jos√© Andr√©s: Serving meals in a war zone', 'type': 'video', 'version': '1.0', 'width': 356}, 'type': 'youtube.com'}","{'content': '&lt;iframe width=""356"" height=""200"" src=""https://www.youtube.com/embed/8CdKkLkVbmY?feature=oembed&amp;enablejsapi=1"" frameborder=""0"" allow=""accelerometer; autoplay; clipboard-write; encrypted-media; gyroscope; picture-in-picture"" allowfullscreen&gt;&lt;/iframe&gt;', 'height': 200, 'scrolling': False, 'width': 356}",False,True,1,0,False,no_ads,/r/war/comments/uvg6wn/chef_jos√©_andr√©s_serving_meals_in_a_war_zone/,False,rich:video,"{'enabled': False, 'images': [{'id': 'qAG7lrIBJAUv85mBmsc7TQ2xrrg3iVsieD4DXZWeg18', 'resolutions': [{'height': 81, 'url': 'https://external-preview.redd.it/j7T21FIjHO3t7wfqUg-sQKMx2i9BL7I8Y8hpdkWDL8s.jpg?width=108&amp;crop=smart&amp;auto=webp&amp;s=e3f1e82bcec0195d1a59d0ca961566d5f30c618c', 'width': 108}, {'height': 162, 'url': 'https://external-preview.redd.it/j7T21FIjHO3t7wfqUg-sQKMx2i9BL7I8Y8hpdkWDL8s.jpg?width=216&amp;crop=smart&amp;auto=webp&amp;s=707b0860336fd1d6087c8bea02811ff31680267f', 'width': 216}, {'height': 240, 'url': 'https://external-preview.redd.it/j7T21FIjHO3t7wfqUg-sQKMx2i9BL7I8Y8hpdkWDL8s.jpg?width=320&amp;crop=smart&amp;auto=webp&amp;s=93a0ed5bc22be7687cc49aaec3b593e1b5ec0f2f', 'width': 320}], 'source': {'height': 360, 'url': 'https://external-preview.redd.it/j7T21FIjHO3t7wfqUg-sQKMx2i9BL7I8Y8hpdkWDL8s.jpg?auto=webp&amp;s=49615e91e2525e64c64c94b0fa1009e168f296f2', 'width': 480}, 'variants': {}}]}",0,reddit,1653241964,1,"{'oembed': {'author_name': 'CBS Sunday Morning', 'author_url': 'https://www.youtube.com/user/CBSSundayMorning', 'height': 200, 'html': '&lt;iframe width=""356"" height=""200"" src=""https://www.youtube.com/embed/8CdKkLkVbmY?feature=oembed&amp;enablejsapi=1"" frameborder=""0"" allow=""accelerometer; autoplay; clipboard-write; encrypted-media; gyroscope; picture-in-picture"" allowfullscreen&gt;&lt;/iframe&gt;', 'provider_name': 'YouTube', 'provider_url': 'https://www.youtube.com/', 'thumbnail_height': 360, 'thumbnail_url': 'https://i.ytimg.com/vi/8CdKkLkVbmY/hqdefault.jpg', 'thumbnail_width': 480, 'title': 'Chef Jos√© Andr√©s: Serving meals in a war zone', 'type': 'video', 'version': '1.0', 'width': 356}, 'type': 'youtube.com'}","{'content': '&lt;iframe width=""356"" height=""200"" src=""https://www.youtube.com/embed/8CdKkLkVbmY?feature=oembed&amp;enablejsapi=1"" frameborder=""0"" allow=""accelerometer; autoplay; clipboard-write; encrypted-media; gyroscope; picture-in-picture"" allowfullscreen&gt;&lt;/iframe&gt;', 'height': 200, 'media_domain_url': 'https://www.redditmedia.com/mediaembed/uvg6wn', 'scrolling': False, 'width': 356}",,True,False,False,war,t5_2qhk8,91756,public,confidence,https://a.thumbs.redditmedia.com/39DwcyGjB0MUzK-0GTzWdLDGdla4ykzhQK9m-H-6yr8.jpg,105.0,140.0,Chef Jos√© Andr√©s: Serving meals in a war zone,0,[],1.0,https://www.youtube.com/watch?v=8CdKkLkVbmY,https://www.youtube.com/watch?v=8CdKkLkVbmY,no_ads,0,1653213154.0,,,,,t3_uvg6km,"[{'all_awardings': [], 'allow_live_comments': False, 'approved_at_utc': None, 'approved_by': None, 'archived': False, 'author': 'wewewawa', 'author_flair_background_color': None, 'author_flair_css_class': None, 'author_flair_richtext': [], 'author_flair_template_id': None, 'author_flair_text': None, 'author_flair_text_color': None, 'author_flair_type': 'text', 'author_fullname': 't2_3a4wg', 'author_is_blocked': False, 'author_patreon_flair': False, 'author_premium': False, 'awarders': [], 'banned_at_utc': None, 'banned_by': None, 'can_gild': True, 'can_mod_post': False, 'category': None, 'clicked': False, 'content_categories': None, 'contest_mode': False, 'created': 1653241926.0, 'created_utc': 1653241926.0, 'discussion_type': None, 'distinguished': None, 'domain': 'youtube.com', 'downs': 0, 'edited': False, 'gilded': 0, 'gildings': {}, 'hidden': False, 'hide_score': True, 'id': 'uvg6km', 'is_created_from_ads_ui': False, 'is_crosspostable': True, 'is_meta': False, 'is_original_content': False, 'is_reddit_media_domain': False, 'is_robot_indexable': True, 'is_self': False, 'is_video': False, 'likes': None, 'link_flair_background_color': '#0266b3', 'link_flair_css_class': '', 'link_flair_richtext': [{'e': 'text', 't': 'News'}], 'link_flair_template_id': 'de81b18e-9cac-11ec-ae5b-1ee1f3ec43bb', 'link_flair_text': 'News', 'link_flair_text_color': 'light', 'link_flair_type': 'richtext', 'locked': False, 'media': {'oembed': {'author_name': 'CBS Sunday Morning', 'author_url': 'https://www.youtube.com/user/CBSSundayMorning', 'height': 200, 'html': '&lt;iframe width=""356"" height=""200"" src=""https://www.youtube.com/embed/8CdKkLkVbmY?feature=oembed&amp;enablejsapi=1"" frameborder=""0"" allow=""accelerometer; autoplay; clipboard-write; encrypted-media; gyroscope; picture-in-picture"" allowfullscreen&gt;&lt;/iframe&gt;', 'provider_name': 'YouTube', 'provider_url': 'https://www.youtube.com/', 'thumbnail_height': 360, 'thumbnail_url': 'https://i.ytimg.com/vi/8CdKkLkVbmY/hqdefault.jpg', 'thumbnail_width': 480, 'title': 'Chef Jos√© Andr√©s: Serving meals in a war zone', 'type': 'video', 'version': '1.0', 'width': 356}, 'type': 'youtube.com'}, 'media_embed': {'content': '&lt;iframe width=""356"" height=""200"" src=""https://www.youtube.com/embed/8CdKkLkVbmY?feature=oembed&amp;enablejsapi=1"" frameborder=""0"" allow=""accelerometer; autoplay; clipboard-write; encrypted-media; gyroscope; picture-in-picture"" allowfullscreen&gt;&lt;/iframe&gt;', 'height': 200, 'scrolling': False, 'width': 356}, 'media_only': False, 'mod_note': None, 'mod_reason_by': None, 'mod_reason_title': None, 'mod_reports': [], 'name': 't3_uvg6km', 'no_follow': True, 'num_comments': 2, 'num_crossposts': 1, 'num_reports': None, 'over_18': False, 'parent_whitelist_status': 'no_ads', 'permalink': '/r/ukraine/comments/uvg6km/chef_jos√©_andr√©s_serving_meals_in_a_war_zone/', 'pinned': False, 'post_hint': 'rich:video', 'preview': {'enabled': False, 'images': [{'id': 'qAG7lrIBJAUv85mBmsc7TQ2xrrg3iVsieD4DXZWeg18', 'resolutions': [{'height': 81, 'url': 'https://external-preview.redd.it/j7T21FIjHO3t7wfqUg-sQKMx2i9BL7I8Y8hpdkWDL8s.jpg?width=108&amp;crop=smart&amp;auto=webp&amp;s=e3f1e82bcec0195d1a59d0ca961566d5f30c618c', 'width': 108}, {'height': 162, 'url': 'https://external-preview.redd.it/j7T21FIjHO3t7wfqUg-sQKMx2i9BL7I8Y8hpdkWDL8s.jpg?width=216&amp;crop=smart&amp;auto=webp&amp;s=707b0860336fd1d6087c8bea02811ff31680267f', 'width': 216}, {'height': 240, 'url': 'https://external-preview.redd.it/j7T21FIjHO3t7wfqUg-sQKMx2i9BL7I8Y8hpdkWDL8s.jpg?width=320&amp;crop=smart&amp;auto=webp&amp;s=93a0ed5bc22be7687cc49aaec3b593e1b5ec0f2f', 'width': 320}], 'source': {'height': 360, 'url': 'https://external-preview.redd.it/j7T21FIjHO3t7wfqUg-sQKMx2i9BL7I8Y8hpdkWDL8s.jpg?auto=webp&amp;s=49615e91e2525e64c64c94b0fa1009e168f296f2', 'width': 480}, 'variants': {}}]}, 'pwls': 0, 'quarantine': False, 'removal_reason': None, 'removed_by': None, 'removed_by_category': None, 'report_reasons': None, 'saved': False, 'score': 1, 'secure_media': {'oembed': {'author_name': 'CBS Sunday Morning', 'author_url': 'https://www.youtube.com/user/CBSSundayMorning', 'height': 200, 'html': '&lt;iframe width=""356"" height=""200"" src=""https://www.youtube.com/embed/8CdKkLkVbmY?feature=oembed&amp;enablejsapi=1"" frameborder=""0"" allow=""accelerometer; autoplay; clipboard-write; encrypted-media; gyroscope; picture-in-picture"" allowfullscreen&gt;&lt;/iframe&gt;', 'provider_name': 'YouTube', 'provider_url': 'https://www.youtube.com/', 'thumbnail_height': 360, 'thumbnail_url': 'https://i.ytimg.com/vi/8CdKkLkVbmY/hqdefault.jpg', 'thumbnail_width': 480, 'title': 'Chef Jos√© Andr√©s: Serving meals in a war zone', 'type': 'video', 'version': '1.0', 'width': 356}, 'type': 'youtube.com'}, 'secure_media_embed': {'content': '&lt;iframe width=""356"" height=""200"" src=""https://www.youtube.com/embed/8CdKkLkVbmY?feature=oembed&amp;enablejsapi=1"" frameborder=""0"" allow=""accelerometer; autoplay; clipboard-write; encrypted-media; gyroscope; picture-in-picture"" allowfullscreen&gt;&lt;/iframe&gt;', 'height': 200, 'media_domain_url': 'https://www.redditmedia.com/mediaembed/uvg6km', 'scrolling': False, 'width': 356}, 'selftext': '', 'selftext_html': None, 'send_replies': True, 'spoiler': False, 'stickied': False, 'subreddit': 'ukraine', 'subreddit_id': 't5_2qqcn', 'subreddit_name_prefixed': 'r/ukraine', 'subreddit_subscribers': 724552, 'subreddit_type': 'public', 'suggested_sort': 'confidence', 'thumbnail': 'https://a.thumbs.redditmedia.com/39DwcyGjB0MUzK-0GTzWdLDGdla4ykzhQK9m-H-6yr8.jpg', 'thumbnail_height': 105, 'thumbnail_width': 140, 'title': 'Chef Jos√© Andr√©s: Serving meals in a war zone', 'top_awarded_type': None, 'total_awards_received': 0, 'treatment_tags': [], 'ups': 1, 'upvote_ratio': 1.0, 'url': 'https://www.youtube.com/watch?v=8CdKkLkVbmY', 'url_overridden_by_dest': 'https://www.youtube.com/watch?v=8CdKkLkVbmY', 'user_reports': [], 'view_count': None, 'visited': False, 'whitelist_status': 'no_ads', 'wls': 0}]"
[],False,LamiaNightStorm,,[],,text,t2_4wk32n5r,False,False,False,[],False,False,1653241881,youtu.be,https://www.reddit.com/r/war/comments/uvg623/new_yt_series_how_to_survive_a_nuclear_bomb/,{},uvg623,False,False,False,True,False,False,False,False,,[],dark,text,False,"{'oembed': {'author_name': 'Doomsday Dani', 'author_url': 'https://www.youtube.com/channel/UCNlxuJkr9vzm35pqu638PFQ', 'height': 200, 'html': '&lt;iframe width=""356"" height=""200"" src=""https://www.youtube.com/embed/0_OSgH1BznQ?feature=oembed&amp;enablejsapi=1"" frameborder=""0"" allow=""accelerometer; autoplay; clipboard-write; encrypted-media; gyroscope; picture-in-picture"" allowfullscreen&gt;&lt;/iframe&gt;', 'provider_name': 'YouTube', 'provider_url': 'https://www.youtube.com/', 'thumbnail_height': 360, 'thumbnail_url': 'https://i.ytimg.com/vi/0_OSgH1BznQ/hqdefault.jpg', 'thumbnail_width': 480, 'title': 'How to Survive a Nuclear Bomb 001', 'type': 'video', 'version': '1.0', 'width': 356}, 'type': 'youtube.com'}","{'content': '&lt;iframe width=""356"" height=""200"" src=""https://www.youtube.com/embed/0_OSgH1BznQ?feature=oembed&amp;enablejsapi=1"" frameborder=""0"" allow=""accelerometer; autoplay; clipboard-write; encrypted-media; gyroscope; picture-in-picture"" allowfullscreen&gt;&lt;/iframe&gt;', 'height': 200, 'scrolling': False, 'width': 356}",False,True,0,0,False,no_ads,/r/war/comments/uvg623/new_yt_series_how_to_survive_a_nuclear_bomb/,False,rich:video,"{'enabled': False, 'images': [{'id': '0qsxr4lPdqT15TRJo820xjDVeTNLYHaOzGLaeGlRcS4', 'resolutions': [{'height': 81, 'url': 'https://external-preview.redd.it/ot6oluGyab8CtHkYO14jeYYRgNuYnW9Wg4rPR8srQvw.jpg?width=108&amp;crop=smart&amp;auto=webp&amp;s=63762b68fd4fcb9b275d6aa4160b09a454bd49b1', 'width': 108}, {'height': 162, 'url': 'https://external-preview.redd.it/ot6oluGyab8CtHkYO14jeYYRgNuYnW9Wg4rPR8srQvw.jpg?width=216&amp;crop=smart&amp;auto=webp&amp;s=62e63a9fcf7fc6cb3f98c80c1ff486a434c1ca58', 'width': 216}, {'height': 240, 'url': 'https://external-preview.redd.it/ot6oluGyab8CtHkYO14jeYYRgNuYnW9Wg4rPR8srQvw.jpg?width=320&amp;crop=smart&amp;auto=webp&amp;s=7a49f5039df363e16f6084bc74e4b88c88b68e71', 'width': 320}], 'source': {'height': 360, 'url': 'https://external-preview.redd.it/ot6oluGyab8CtHkYO14jeYYRgNuYnW9Wg4rPR8srQvw.jpg?auto=webp&amp;s=8dfc25018dd866cdb94a89fc655989fa1bfd204f', 'width': 480}, 'variants': {}}]}",0,reddit,1653241892,1,"{'oembed': {'author_name': 'Doomsday Dani', 'author_url': 'https://www.youtube.com/channel/UCNlxuJkr9vzm35pqu638PFQ', 'height': 200, 'html': '&lt;iframe width=""356"" height=""200"" src=""https://www.youtube.com/embed/0_OSgH1BznQ?feature=oembed&amp;enablejsapi=1"" frameborder=""0"" allow=""accelerometer; autoplay; clipboard-write; encrypted-media; gyroscope; picture-in-picture"" allowfullscreen&gt;&lt;/iframe&gt;', 'provider_name': 'YouTube', 'provider_url': 'https://www.youtube.com/', 'thumbnail_height': 360, 'thumbnail_url': 'https://i.ytimg.com/vi/0_OSgH1BznQ/hqdefault.jpg', 'thumbnail_width': 480, 'title': 'How to Survive a Nuclear Bomb 001', 'type': 'video', 'version': '1.0', 'width': 356}, 'type': 'youtube.com'}","{'content': '&lt;iframe width=""356"" height=""200"" src=""https://www.youtube.com/embed/0_OSgH1BznQ?feature=oembed&amp;enablejsapi=1"" frameborder=""0"" allow=""accelerometer; autoplay; clipboard-write; encrypted-media; gyroscope; picture-in-picture"" allowfullscreen&gt;&lt;/iframe&gt;', 'height': 200, 'media_domain_url': 'https://www.redditmedia.com/mediaembed/uvg623', 'scrolling': False, 'width': 356}",,False,False,False,war,t5_2qhk8,91756,public,confidence,https://b.thumbs.redditmedia.com/l1VWX8XxnyfRspQLkzFBI-zBrhWVekbFhK_FF3PyzaQ.jpg,105.0,140.0,New YT series: How to Survive a Nuclear Bomb,0,[],1.0,https://youtu.be/0_OSgH1BznQ,https://youtu.be/0_OSgH1BznQ,no_ads,0,1653213081.0,,,,,,
[],False,AwsomeArtsYT,,[],,text,t2_k6izc227,False,False,False,[],False,False,1653239958,self.war,https://www.reddit.com/r/war/comments/uvfhty/ukraine_vs_russia_combat_footage_22may2022/,{},uvfhty,False,False,False,True,False,False,True,False,#dadada,[],dark,text,False,,,False,True,0,0,False,no_ads,/r/war/comments/uvfhty/ukraine_vs_russia_combat_footage_22may2022/,False,self,"{'enabled': False, 'images': [{'id': 'c-Hr7eMa3LlmyFhSpvmkCZxeEzVZLtk743adpxln9qo', 'resolutions': [{'height': 81, 'url': 'https://external-preview.redd.it/4ljEWbr1Sf0Bqys9pazfInfyKlgqJxfVRIBkz6RyNdA.jpg?width=108&amp;crop=smart&amp;auto=webp&amp;s=0e37385ded744a485ed079056e2094eed8eb0198', 'width': 108}, {'height': 162, 'url': 'https://external-preview.redd.it/4ljEWbr1Sf0Bqys9pazfInfyKlgqJxfVRIBkz6RyNdA.jpg?width=216&amp;crop=smart&amp;auto=webp&amp;s=b1ed2ed4ed7c069d39e595baf3925905abbd278d', 'width': 216}, {'height': 240, 'url': 'https://external-preview.redd.it/4ljEWbr1Sf0Bqys9pazfInfyKlgqJxfVRIBkz6RyNdA.jpg?width=320&amp;crop=smart&amp;auto=webp&amp;s=63c41a947f0fbe2135f1ae579dfb60da76f70206', 'width': 320}], 'source': {'height': 360, 'url': 'https://external-preview.redd.it/4ljEWbr1Sf0Bqys9pazfInfyKlgqJxfVRIBkz6RyNdA.jpg?auto=webp&amp;s=c6000a113649a6103a28502b3b737a36d9862c96', 'width': 480}, 'variants': {}}]}",0,reddit,1653239969,1,,,[removed],True,False,False,war,t5_2qhk8,91752,public,confidence,self,,,üá∑üá∫‚ö°üá∫üá¶ Ukraine vs Russia Combat Footage 22-May-2022,0,[],1.0,https://www.reddit.com/r/war/comments/uvfhty/ukraine_vs_russia_combat_footage_22may2022/,,no_ads,0,1653211158.0,77ce0434-a480-11ec-aacc-06564c6ff5ef,News,,,,
[],False,Xtreme_2000,,[],,text,t2_mtq0zrls,False,False,False,[],False,False,1653237796,/r/war/comments/uver29/aftermath_of_pakistan_army_intelligence_based/,https://www.reddit.com/r/war/comments/uver29/aftermath_of_pakistan_army_intelligence_based/,{},uver29,False,False,False,True,False,False,False,True,,[],dark,text,False,,,False,True,0,0,True,no_ads,/r/war/comments/uver29/aftermath_of_pakistan_army_intelligence_based/,False,hosted:video,"{'enabled': False, 'images': [{'id': 'fqqbXF_UiZ2cLo4lyLuCR0VZrYXtDEBcFFMFZjOylio', 'resolutions': [{'height': 81, 'url': 'https://external-preview.redd.it/NCNt6uK5108E_sjAeFLUPWf5G3pdqxurXOFjVuSMNGY.png?width=108&amp;crop=smart&amp;format=pjpg&amp;auto=webp&amp;s=6859e61d778dbee71a6a92538d0ee73226de2e26', 'width': 108}, {'height': 162, 'url': 'https://external-preview.redd.it/NCNt6uK5108E_sjAeFLUPWf5G3pdqxurXOFjVuSMNGY.png?width=216&amp;crop=smart&amp;format=pjpg&amp;auto=webp&amp;s=77ac0cf48bb3e6eefd4d9274095a46190c355fff', 'width': 216}, {'height': 240, 'url': 'https://external-preview.redd.it/NCNt6uK5108E_sjAeFLUPWf5G3pdqxurXOFjVuSMNGY.png?width=320&amp;crop=smart&amp;format=pjpg&amp;auto=webp&amp;s=ae46f659e7ab63f2ae1ee09a2d65efe96f79b545', 'width': 320}], 'source': {'height': 450, 'url': 'https://external-preview.redd.it/NCNt6uK5108E_sjAeFLUPWf5G3pdqxurXOFjVuSMNGY.png?format=pjpg&amp;auto=webp&amp;s=338e954ec0a5b213d98d40c354adf69f643f7cfc', 'width': 600}, 'variants': {'nsfw': {'resolutions': [{'height': 81, 'url': 'https://external-preview.redd.it/NCNt6uK5108E_sjAeFLUPWf5G3pdqxurXOFjVuSMNGY.png?width=108&amp;crop=smart&amp;blur=10&amp;format=pjpg&amp;auto=webp&amp;s=59db27ed146dea3cf6e493463a8ba58128699350', 'width': 108}, {'height': 162, 'url': 'https://external-preview.redd.it/NCNt6uK5108E_sjAeFLUPWf5G3pdqxurXOFjVuSMNGY.png?width=216&amp;crop=smart&amp;blur=21&amp;format=pjpg&amp;auto=webp&amp;s=011479524066eef26eea8735eff55d93e58957d0', 'width': 216}, {'height': 240, 'url': 'https://external-preview.redd.it/NCNt6uK5108E_sjAeFLUPWf5G3pdqxurXOFjVuSMNGY.png?width=320&amp;crop=smart&amp;blur=32&amp;format=pjpg&amp;auto=webp&amp;s=798efd1217553bc029178d0c877fa6442f0b8f8a', 'width': 320}], 'source': {'height': 450, 'url': 'https://external-preview.redd.it/NCNt6uK5108E_sjAeFLUPWf5G3pdqxurXOFjVuSMNGY.png?blur=40&amp;format=pjpg&amp;auto=webp&amp;s=48462e5e86c4c4ed3266b9de752c630f634ce6b5', 'width': 600}}, 'obfuscated': {'resolutions': [{'height': 81, 'url': 'https://external-preview.redd.it/NCNt6uK5108E_sjAeFLUPWf5G3pdqxurXOFjVuSMNGY.png?width=108&amp;crop=smart&amp;blur=10&amp;format=pjpg&amp;auto=webp&amp;s=59db27ed146dea3cf6e493463a8ba58128699350', 'width': 108}, {'height': 162, 'url': 'https://external-preview.redd.it/NCNt6uK5108E_sjAeFLUPWf5G3pdqxurXOFjVuSMNGY.png?width=216&amp;crop=smart&amp;blur=21&amp;format=pjpg&amp;auto=webp&amp;s=011479524066eef26eea8735eff55d93e58957d0', 'width': 216}, {'height': 240, 'url': 'https://external-preview.redd.it/NCNt6uK5108E_sjAeFLUPWf5G3pdqxurXOFjVuSMNGY.png?width=320&amp;crop=smart&amp;blur=32&amp;format=pjpg&amp;auto=webp&amp;s=798efd1217553bc029178d0c877fa6442f0b8f8a', 'width': 320}], 'source': {'height': 450, 'url': 'https://external-preview.redd.it/NCNt6uK5108E_sjAeFLUPWf5G3pdqxurXOFjVuSMNGY.png?blur=40&amp;format=pjpg&amp;auto=webp&amp;s=48462e5e86c4c4ed3266b9de752c630f634ce6b5', 'width': 600}}}}]}",0,reddit,1653237807,1,,,,True,False,False,war,t5_2qhk8,91747,public,confidence,nsfw,105.0,140.0,Aftermath Of Pakistan Army Intelligence Based Operation (IBO) in Balochistan against BLA/BLF terrorists,0,[],1.0,https://v.redd.it/a1yva6w532191,https://v.redd.it/a1yva6w532191,no_ads,0,1653208996.0,98a5d52a-ea92-11e3-b906-12313d056e4a,NSFL,nsfl,,,
[],False,Thewowieman,,[],,text,t2_3q8iymhr,False,False,False,[],False,False,1653234661,self.war,https://www.reddit.com/r/war/comments/uvdomw/russia_vs_western_country/,{},uvdomw,False,False,False,True,False,False,True,False,,[],dark,text,False,,,False,True,0,0,False,no_ads,/r/war/comments/uvdomw/russia_vs_western_country/,False,,,0,reddit,1653234672,1,,,[removed],True,False,False,war,t5_2qhk8,91745,public,confidence,self,,,Russia vs. Western Country,0,[],1.0,https://www.reddit.com/r/war/comments/uvdomw/russia_vs_western_country/,,no_ads,0,1653205861.0,,,,,,
[],False,_Usecase,,[],,text,t2_jkofw5n4,False,False,False,[],False,False,1653233031,i.redd.it,https://www.reddit.com/r/war/comments/uvd5x9/cant_wait_to_see_the_pictures_of_the_newly/,{},uvd5x9,False,False,False,True,True,False,False,False,,[],dark,text,False,,,False,True,0,0,False,no_ads,/r/war/comments/uvd5x9/cant_wait_to_see_the_pictures_of_the_newly/,False,image,"{'enabled': True, 'images': [{'id': 'VJvV5eaR_URn5N2dw6Z3z1qtUN8ck49xXMJtaEqnQMA', 'resolutions': [{'height': 81, 'url': 'https://preview.redd.it/zch6pov2p1191.jpg?width=108&amp;crop=smart&amp;auto=webp&amp;s=3049ddf6e9cd2ca3977a146b12f7f36216ff2266', 'width': 108}, {'height': 162, 'url': 'https://preview.redd.it/zch6pov2p1191.jpg?width=216&amp;crop=smart&amp;auto=webp&amp;s=e351a2a6e5d9c64a0ad1ff86ffc7ad65f8145ab7', 'width': 216}, {'height': 240, 'url': 'https://preview.redd.it/zch6pov2p1191.jpg?width=320&amp;crop=smart&amp;auto=webp&amp;s=b7aebe18a83767f02c2122166a322177cc407507', 'width': 320}, {'height': 480, 'url': 'https://preview.redd.it/zch6pov2p1191.jpg?width=640&amp;crop=smart&amp;auto=webp&amp;s=5e18a60c6091bedb77e9bf2648eb009feb99d702', 'width': 640}], 'source': {'height': 510, 'url': 'https://preview.redd.it/zch6pov2p1191.jpg?auto=webp&amp;s=3c973387734d5771139e2132794e3ad49e2239c8', 'width': 680}, 'variants': {}}]}",0,reddit,1653233042,1,,,,True,False,False,war,t5_2qhk8,91745,public,confidence,https://b.thumbs.redditmedia.com/DC0OcAM-WTSn3v5m3Df7vCLLu33uDUugogKQdOhsjtE.jpg,105.0,140.0,Can‚Äôt wait to see the pictures of the newly deployed Terminator Tanks destroyed next!,0,[],1.0,https://i.redd.it/zch6pov2p1191.jpg,https://i.redd.it/zch6pov2p1191.jpg,no_ads,0,1653204231.0,,,,,,
[],False,MrAutoFem,,[],,text,t2_hoa8y8ma,False,False,False,[],False,False,1653232427,youtu.be,https://www.reddit.com/r/war/comments/uvcyyc/fighters_of_the_chechen_battalion_sheikh_mansour/,{},uvcyyc,False,False,False,True,False,False,False,False,,[],dark,text,False,,,False,True,0,0,False,no_ads,/r/war/comments/uvcyyc/fighters_of_the_chechen_battalion_sheikh_mansour/,False,,,0,reddit,1653232438,1,,,,False,False,False,war,t5_2qhk8,91744,public,confidence,default,,,Fighters of the Chechen battalion. Sheikh Mansour in Ukraine captured the Russian tank T-72B3,0,[],1.0,https://youtu.be/eaZusQFEXzE,https://youtu.be/eaZusQFEXzE,no_ads,0,1653203627.0,,,,,,
[],False,DarknessDevour,,[],,text,t2_ezfe1pxb,False,False,False,[],False,False,1653227855,i.redd.it,https://www.reddit.com/r/war/comments/uvbhw6/imagine_what_a_joke_nato_will_look_like_if_these/,{},uvbhw6,False,False,False,True,True,False,False,False,,[],dark,text,False,,,False,True,0,0,False,no_ads,/r/war/comments/uvbhw6/imagine_what_a_joke_nato_will_look_like_if_these/,False,image,"{'enabled': True, 'images': [{'id': '3XWltQEsF3v0ZiJa2wjo_Ork8rt6YcANFcYeZw9H9G0', 'resolutions': [{'height': 71, 'url': 'https://preview.redd.it/frwua7co91191.jpg?width=108&amp;crop=smart&amp;auto=webp&amp;s=9f1fd5c9298e200ac8b284cc488a8d599a976257', 'width': 108}, {'height': 143, 'url': 'https://preview.redd.it/frwua7co91191.jpg?width=216&amp;crop=smart&amp;auto=webp&amp;s=83cd665b96faed3d04ae65d58612ed4af335b4e0', 'width': 216}, {'height': 213, 'url': 'https://preview.redd.it/frwua7co91191.jpg?width=320&amp;crop=smart&amp;auto=webp&amp;s=b57c526cbc3afa64225ba6d5e5fda64bfefe3762', 'width': 320}, {'height': 426, 'url': 'https://preview.redd.it/frwua7co91191.jpg?width=640&amp;crop=smart&amp;auto=webp&amp;s=9df98f5d5979762c29d58127787b92105066d7e5', 'width': 640}], 'source': {'height': 453, 'url': 'https://preview.redd.it/frwua7co91191.jpg?auto=webp&amp;s=991d7bc5c0539bb0fcd9ab2d5588f6b44b0a2da2', 'width': 680}, 'variants': {}}]}",0,reddit,1653227866,1,,,,True,False,False,war,t5_2qhk8,91739,public,confidence,https://b.thumbs.redditmedia.com/yAzJ5f9cUHXsoprkGN8SPk8atvlokwaQ2EWUpHhhH4w.jpg,93.0,140.0,Imagine what a joke NATO will look like if these countries form a military alliance.,0,[],1.0,https://i.redd.it/frwua7co91191.jpg,https://i.redd.it/frwua7co91191.jpg,no_ads,0,1653199055.0,,,,,,
[],False,Strong_Dragonfly_972,,[],,text,t2_hvbgriy7,False,False,False,[],False,False,1653226233,self.war,https://www.reddit.com/r/war/comments/uvb0uk/im_from_izyum_ukraine/,{},uvb0uk,False,False,False,True,False,False,True,False,,[],dark,text,False,,,False,True,0,0,False,no_ads,/r/war/comments/uvb0uk/im_from_izyum_ukraine/,False,,,0,reddit,1653226244,1,,,[removed],True,False,False,war,t5_2qhk8,91736,public,confidence,https://b.thumbs.redditmedia.com/30YEVL2xTjGVkgdYjppMI6ve2V2y44bpIEwJU2Fhq5M.jpg,105.0,140.0,"I'm from Izyum, Ukraine.",0,[],1.0,https://www.reddit.com/r/war/comments/uvb0uk/im_from_izyum_ukraine/,,no_ads,0,1653197433.0,,,,,,
[],False,bookwarm87,,[],,text,t2_knt3i884,False,False,False,[],False,False,1653224906,/r/war/comments/uvan09/rm70_multiple_rocket_launcher_from_czechia/,https://www.reddit.com/r/war/comments/uvan09/rm70_multiple_rocket_launcher_from_czechia/,{},uvan09,False,False,False,True,False,False,False,True,,[],dark,text,False,,,False,True,0,0,False,no_ads,/r/war/comments/uvan09/rm70_multiple_rocket_launcher_from_czechia/,False,hosted:video,"{'enabled': False, 'images': [{'id': 'zOh9DnNqGryF3i4fEs4BNkb_vsoVnmOjjZTHz8y465U', 'resolutions': [{'height': 108, 'url': 'https://external-preview.redd.it/dXj3Hd31BwVIFoDPeBj4KnNUDKS1uXCaDIiJfIUKw9Q.png?width=108&amp;crop=smart&amp;format=pjpg&amp;auto=webp&amp;s=2af31c1e358852ac7a18ef662f0814bf5532889a', 'width': 108}, {'height': 216, 'url': 'https://external-preview.redd.it/dXj3Hd31BwVIFoDPeBj4KnNUDKS1uXCaDIiJfIUKw9Q.png?width=216&amp;crop=smart&amp;format=pjpg&amp;auto=webp&amp;s=d69123cef7ad6d65abf713fb3e42e108ea544fb5', 'width': 216}, {'height': 320, 'url': 'https://external-preview.redd.it/dXj3Hd31BwVIFoDPeBj4KnNUDKS1uXCaDIiJfIUKw9Q.png?width=320&amp;crop=smart&amp;format=pjpg&amp;auto=webp&amp;s=15d9d38ad7a8409fec6be61c61da4cb9b02dd7aa', 'width': 320}], 'source': {'height': 576, 'url': 'https://external-preview.redd.it/dXj3Hd31BwVIFoDPeBj4KnNUDKS1uXCaDIiJfIUKw9Q.png?format=pjpg&amp;auto=webp&amp;s=88240aeb35f961d394f6a7cf4377370e072e939d', 'width': 576}, 'variants': {}}]}",0,reddit,1653224917,1,,,,True,False,False,war,t5_2qhk8,91734,public,confidence,https://b.thumbs.redditmedia.com/ivJy6bFKxwLOLiDWXGSb8OIHrzSeMP-ScQPuNl_Av1o.jpg,140.0,140.0,RM-70 multiple rocket launcher from Czechia destroys Russian positions in Ukraine,0,[],1.0,https://v.redd.it/oax7lqfw01191,https://v.redd.it/oax7lqfw01191,no_ads,0,1653196106.0,,,,,,
[],False,freewilllibrary,,[],,text,t2_5nek0t0s,False,False,False,[],False,False,1653221183,youtube.com,https://www.reddit.com/r/war/comments/uv9mpx/afghanistan_post911_noam_chomsky/,{},uv9mpx,False,False,False,True,False,False,False,False,,[],dark,text,False,"{'oembed': {'author_name': 'Free Will', 'author_url': 'https://www.youtube.com/c/FreeWill-library', 'height': 200, 'html': '&lt;iframe width=""356"" height=""200"" src=""https://www.youtube.com/embed/hs-UHenzbtM?feature=oembed&amp;enablejsapi=1"" frameborder=""0"" allow=""accelerometer; autoplay; clipboard-write; encrypted-media; gyroscope; picture-in-picture"" allowfullscreen&gt;&lt;/iframe&gt;', 'provider_name': 'YouTube', 'provider_url': 'https://www.youtube.com/', 'thumbnail_height': 360, 'thumbnail_url': 'https://i.ytimg.com/vi/hs-UHenzbtM/hqdefault.jpg', 'thumbnail_width': 480, 'title': 'Afghanistan (Post-9/11) | Noam Chomsky', 'type': 'video', 'version': '1.0', 'width': 356}, 'type': 'youtube.com'}","{'content': '&lt;iframe width=""356"" height=""200"" src=""https://www.youtube.com/embed/hs-UHenzbtM?feature=oembed&amp;enablejsapi=1"" frameborder=""0"" allow=""accelerometer; autoplay; clipboard-write; encrypted-media; gyroscope; picture-in-picture"" allowfullscreen&gt;&lt;/iframe&gt;', 'height': 200, 'scrolling': False, 'width': 356}",False,True,0,0,False,no_ads,/r/war/comments/uv9mpx/afghanistan_post911_noam_chomsky/,False,rich:video,"{'enabled': False, 'images': [{'id': 'nkWkOPQi4PlsqfXmuhv4Hg0oSRw2rRGROCBI6dmaK80', 'resolutions': [{'height': 81, 'url': 'https://external-preview.redd.it/ZJD0ELmgXRfquHrKH16ibhIdowNP0XxoqE3n3K9yjCA.jpg?width=108&amp;crop=smart&amp;auto=webp&amp;s=6ede2bf4af4af03d857a75ecdaa70c4c67ef2b64', 'width': 108}, {'height': 162, 'url': 'https://external-preview.redd.it/ZJD0ELmgXRfquHrKH16ibhIdowNP0XxoqE3n3K9yjCA.jpg?width=216&amp;crop=smart&amp;auto=webp&amp;s=93adbdfad5b687d9708b1f63938653884cb941b9', 'width': 216}, {'height': 240, 'url': 'https://external-preview.redd.it/ZJD0ELmgXRfquHrKH16ibhIdowNP0XxoqE3n3K9yjCA.jpg?width=320&amp;crop=smart&amp;auto=webp&amp;s=2a4900f19beb7524cb37d4cb3ac3efe1de5a7bc6', 'width': 320}], 'source': {'height': 360, 'url': 'https://external-preview.redd.it/ZJD0ELmgXRfquHrKH16ibhIdowNP0XxoqE3n3K9yjCA.jpg?auto=webp&amp;s=8e0f4b01ad8da30259a3278f645f0f005ded8345', 'width': 480}, 'variants': {}}]}",0,reddit,1653221194,1,"{'oembed': {'author_name': 'Free Will', 'author_url': 'https://www.youtube.com/c/FreeWill-library', 'height': 200, 'html': '&lt;iframe width=""356"" height=""200"" src=""https://www.youtube.com/embed/hs-UHenzbtM?feature=oembed&amp;enablejsapi=1"" frameborder=""0"" allow=""accelerometer; autoplay; clipboard-write; encrypted-media; gyroscope; picture-in-picture"" allowfullscreen&gt;&lt;/iframe&gt;', 'provider_name': 'YouTube', 'provider_url': 'https://www.youtube.com/', 'thumbnail_height': 360, 'thumbnail_url': 'https://i.ytimg.com/vi/hs-UHenzbtM/hqdefault.jpg', 'thumbnail_width': 480, 'title': 'Afghanistan (Post-9/11) | Noam Chomsky', 'type': 'video', 'version': '1.0', 'width': 356}, 'type': 'youtube.com'}","{'content': '&lt;iframe width=""356"" height=""200"" src=""https://www.youtube.com/embed/hs-UHenzbtM?feature=oembed&amp;enablejsapi=1"" frameborder=""0"" allow=""accelerometer; autoplay; clipboard-write; encrypted-media; gyroscope; picture-in-picture"" allowfullscreen&gt;&lt;/iframe&gt;', 'height': 200, 'media_domain_url': 'https://www.redditmedia.com/mediaembed/uv9mpx', 'scrolling': False, 'width': 356}",,True,False,False,war,t5_2qhk8,91732,public,confidence,https://b.thumbs.redditmedia.com/o4Pur8r7YzqJedl48Ilu-MVCDmgUdWoo3EvBOKFO8PA.jpg,105.0,140.0,Afghanistan (Post-9/11) | Noam Chomsky,0,[],1.0,https://youtube.com/watch?v=hs-UHenzbtM&amp;feature=share,https://youtube.com/watch?v=hs-UHenzbtM&amp;feature=share,no_ads,0,1653192383.0,,,,,,
[],False,AppleBudget_,,[],,text,t2_3jvyokgi,False,False,False,[],False,False,1653219727,youtube.com,https://www.reddit.com/r/war/comments/uv99g0/footage_of_the_work_of_the_czechoslovak_rm70/,{},uv99g0,False,False,False,True,False,False,False,False,,[],dark,text,False,"{'oembed': {'author_name': '–ë–û–ô–û–í–ò–ô –ö–ê–†–ò–§–Ü–ö –£–ö–†–ê–á–ù–ò –¢–ê –†–û–°–Ü–áüí•üí£- Topic', 'author_url': 'https://www.youtube.com/channel/UCxJymz33Qht-7oBPf3QMifw', 'height': 200, 'html': '&lt;iframe width=""356"" height=""200"" src=""https://www.youtube.com/embed/ITuk-By2hIM?feature=oembed&amp;enablejsapi=1"" frameborder=""0"" allow=""accelerometer; autoplay; clipboard-write; encrypted-media; gyroscope; picture-in-picture"" allowfullscreen&gt;&lt;/iframe&gt;', 'provider_name': 'YouTube', 'provider_url': 'https://www.youtube.com/', 'thumbnail_height': 360, 'thumbnail_url': 'https://i.ytimg.com/vi/ITuk-By2hIM/hqdefault.jpg', 'thumbnail_width': 480, 'title': '–∫–∞–¥—Ä–æ–≤ —Ä–∞–±–æ—Ç—ã –ß–µ—Ö–æ—Å–ª–æ–≤–∞—Ü–∫–æ–π RM-70 Vampire /  CZECHOSLOVAK RM-70 VAMPIRE [22/05/2022]', 'type': 'video', 'version': '1.0', 'width': 356}, 'type': 'youtube.com'}","{'content': '&lt;iframe width=""356"" height=""200"" src=""https://www.youtube.com/embed/ITuk-By2hIM?feature=oembed&amp;enablejsapi=1"" frameborder=""0"" allow=""accelerometer; autoplay; clipboard-write; encrypted-media; gyroscope; picture-in-picture"" allowfullscreen&gt;&lt;/iframe&gt;', 'height': 200, 'scrolling': False, 'width': 356}",False,True,0,0,False,no_ads,/r/war/comments/uv99g0/footage_of_the_work_of_the_czechoslovak_rm70/,False,rich:video,"{'enabled': False, 'images': [{'id': '85LNwVA_--dA8EkAWZGaNoU9EuM76qiVnMOUzmsnl0w', 'resolutions': [{'height': 81, 'url': 'https://external-preview.redd.it/UCfQb5KhSjM-t_l5YkKIDTUrUMu4zSp8qOT7Qgh-Htg.jpg?width=108&amp;crop=smart&amp;auto=webp&amp;s=f1b5364702c9335515151d73ae94a3b0f90d3c1b', 'width': 108}, {'height': 162, 'url': 'https://external-preview.redd.it/UCfQb5KhSjM-t_l5YkKIDTUrUMu4zSp8qOT7Qgh-Htg.jpg?width=216&amp;crop=smart&amp;auto=webp&amp;s=5c5391e1c505fbbd9b5649b31bc296eda51bd1b6', 'width': 216}, {'height': 240, 'url': 'https://external-preview.redd.it/UCfQb5KhSjM-t_l5YkKIDTUrUMu4zSp8qOT7Qgh-Htg.jpg?width=320&amp;crop=smart&amp;auto=webp&amp;s=63d2e0ab3fd93dfcbfe072a4403412e1fc457181', 'width': 320}], 'source': {'height': 360, 'url': 'https://external-preview.redd.it/UCfQb5KhSjM-t_l5YkKIDTUrUMu4zSp8qOT7Qgh-Htg.jpg?auto=webp&amp;s=87bfaf614df833b79b65a3ce9a5881f728dc4ffc', 'width': 480}, 'variants': {}}]}",0,reddit,1653219738,1,"{'oembed': {'author_name': '–ë–û–ô–û–í–ò–ô –ö–ê–†–ò–§–Ü–ö –£–ö–†–ê–á–ù–ò –¢–ê –†–û–°–Ü–áüí•üí£- Topic', 'author_url': 'https://www.youtube.com/channel/UCxJymz33Qht-7oBPf3QMifw', 'height': 200, 'html': '&lt;iframe width=""356"" height=""200"" src=""https://www.youtube.com/embed/ITuk-By2hIM?feature=oembed&amp;enablejsapi=1"" frameborder=""0"" allow=""accelerometer; autoplay; clipboard-write; encrypted-media; gyroscope; picture-in-picture"" allowfullscreen&gt;&lt;/iframe&gt;', 'provider_name': 'YouTube', 'provider_url': 'https://www.youtube.com/', 'thumbnail_height': 360, 'thumbnail_url': 'https://i.ytimg.com/vi/ITuk-By2hIM/hqdefault.jpg', 'thumbnail_width': 480, 'title': '–∫–∞–¥—Ä–æ–≤ —Ä–∞–±–æ—Ç—ã –ß–µ—Ö–æ—Å–ª–æ–≤–∞—Ü–∫–æ–π RM-70 Vampire /  CZECHOSLOVAK RM-70 VAMPIRE [22/05/2022]', 'type': 'video', 'version': '1.0', 'width': 356}, 'type': 'youtube.com'}","{'content': '&lt;iframe width=""356"" height=""200"" src=""https://www.youtube.com/embed/ITuk-By2hIM?feature=oembed&amp;enablejsapi=1"" frameborder=""0"" allow=""accelerometer; autoplay; clipboard-write; encrypted-media; gyroscope; picture-in-picture"" allowfullscreen&gt;&lt;/iframe&gt;', 'height': 200, 'media_domain_url': 'https://www.redditmedia.com/mediaembed/uv99g0', 'scrolling': False, 'width': 356}",,True,False,False,war,t5_2qhk8,91730,public,confidence,https://b.thumbs.redditmedia.com/ttjVzCbwAxYm_lxmRsl81PGvaybc_hr_kPw86TrLCuY.jpg,105.0,140.0,Footage Of The Work Of The Czechoslovak Rm-70 Vampire / The Rzso Data Were Transferred By The Czech Republic To Ukraine As Military Assistance.,0,[],1.0,https://www.youtube.com/watch?v=ITuk-By2hIM,https://www.youtube.com/watch?v=ITuk-By2hIM,no_ads,0,1653190927.0,98a5d52a-ea92-11e3-b906-12313d056e4a,NSFL,nsfl,,,
[],False,FizzlePopBerryTwist,,[],,text,t2_g3s7h0s,False,False,False,[],False,False,1653210385,youtube.com,https://www.reddit.com/r/war/comments/uv76du/thought_sunflower_war_was_an_eloquent_name_for/,{},uv76du,False,False,False,True,False,False,False,False,,[],dark,text,False,"{'oembed': {'author_name': 'Schwachz', 'author_url': 'https://www.youtube.com/c/Schwachz', 'height': 200, 'html': '&lt;iframe width=""356"" height=""200"" src=""https://www.youtube.com/embed/FT9utTQaWjg?start=23&amp;feature=oembed&amp;enablejsapi=1"" frameborder=""0"" allow=""accelerometer; autoplay; clipboard-write; encrypted-media; gyroscope; picture-in-picture"" allowfullscreen&gt;&lt;/iframe&gt;', 'provider_name': 'YouTube', 'provider_url': 'https://www.youtube.com/', 'thumbnail_height': 360, 'thumbnail_url': 'https://i.ytimg.com/vi/FT9utTQaWjg/hqdefault.jpg', 'thumbnail_width': 480, 'title': 'ùêíùêÆùêßùêüùê•ùê®ùê∞ùêûùê´ ùêñùêöùê´ ùêÑùêùùê¢ùê≠ | Gvllow - Last Dance', 'type': 'video', 'version': '1.0', 'width': 356}, 'type': 'youtube.com'}","{'content': '&lt;iframe width=""356"" height=""200"" src=""https://www.youtube.com/embed/FT9utTQaWjg?start=23&amp;feature=oembed&amp;enablejsapi=1"" frameborder=""0"" allow=""accelerometer; autoplay; clipboard-write; encrypted-media; gyroscope; picture-in-picture"" allowfullscreen&gt;&lt;/iframe&gt;', 'height': 200, 'scrolling': False, 'width': 356}",False,True,0,0,False,no_ads,/r/war/comments/uv76du/thought_sunflower_war_was_an_eloquent_name_for/,False,rich:video,"{'enabled': False, 'images': [{'id': 'GvXtiCb7S7rRgKQvcXayKSLWZuI4-NB1-nK0e9b-RrM', 'resolutions': [{'height': 81, 'url': 'https://external-preview.redd.it/1drx6u_hPZmVYOxakKpyFsk0ILubj9Z4CT4-DqZf3pE.jpg?width=108&amp;crop=smart&amp;auto=webp&amp;s=408aea710e2719ec36ed747baa952abdf4417e12', 'width': 108}, {'height': 162, 'url': 'https://external-preview.redd.it/1drx6u_hPZmVYOxakKpyFsk0ILubj9Z4CT4-DqZf3pE.jpg?width=216&amp;crop=smart&amp;auto=webp&amp;s=d84da39453db3318fb7563342830331f531b684e', 'width': 216}, {'height': 240, 'url': 'https://external-preview.redd.it/1drx6u_hPZmVYOxakKpyFsk0ILubj9Z4CT4-DqZf3pE.jpg?width=320&amp;crop=smart&amp;auto=webp&amp;s=31b04431d1c519ca662f8eeca73f879462703d04', 'width': 320}], 'source': {'height': 360, 'url': 'https://external-preview.redd.it/1drx6u_hPZmVYOxakKpyFsk0ILubj9Z4CT4-DqZf3pE.jpg?auto=webp&amp;s=8ed04e0b3ddb6059f4ccb19b7850a574b5ba680f', 'width': 480}, 'variants': {}}]}",0,reddit,1653210396,1,"{'oembed': {'author_name': 'Schwachz', 'author_url': 'https://www.youtube.com/c/Schwachz', 'height': 200, 'html': '&lt;iframe width=""356"" height=""200"" src=""https://www.youtube.com/embed/FT9utTQaWjg?start=23&amp;feature=oembed&amp;enablejsapi=1"" frameborder=""0"" allow=""accelerometer; autoplay; clipboard-write; encrypted-media; gyroscope; picture-in-picture"" allowfullscreen&gt;&lt;/iframe&gt;', 'provider_name': 'YouTube', 'provider_url': 'https://www.youtube.com/', 'thumbnail_height': 360, 'thumbnail_url': 'https://i.ytimg.com/vi/FT9utTQaWjg/hqdefault.jpg', 'thumbnail_width': 480, 'title': 'ùêíùêÆùêßùêüùê•ùê®ùê∞ùêûùê´ ùêñùêöùê´ ùêÑùêùùê¢ùê≠ | Gvllow - Last Dance', 'type': 'video', 'version': '1.0', 'width': 356}, 'type': 'youtube.com'}","{'content': '&lt;iframe width=""356"" height=""200"" src=""https://www.youtube.com/embed/FT9utTQaWjg?start=23&amp;feature=oembed&amp;enablejsapi=1"" frameborder=""0"" allow=""accelerometer; autoplay; clipboard-write; encrypted-media; gyroscope; picture-in-picture"" allowfullscreen&gt;&lt;/iframe&gt;', 'height': 200, 'media_domain_url': 'https://www.redditmedia.com/mediaembed/uv76du', 'scrolling': False, 'width': 356}",,True,False,False,war,t5_2qhk8,91725,public,confidence,https://b.thumbs.redditmedia.com/Gi7amipu3A2guRQyYdvUULWOZ8p2nhbpx5Wtc9TNP4A.jpg,105.0,140.0,Thought sunflower war was an eloquent name for the horrors in the east.,0,[],1.0,https://www.youtube.com/watch?v=FT9utTQaWjg&amp;t=23s&amp;ab_channel=Schwachz,https://www.youtube.com/watch?v=FT9utTQaWjg&amp;t=23s&amp;ab_channel=Schwachz,no_ads,0,1653181585.0,,,,,t3_uv6utr,"[{'all_awardings': [], 'allow_live_comments': False, 'approved_at_utc': None, 'approved_by': None, 'archived': False, 'author': 'schwachz_', 'author_flair_background_color': None, 'author_flair_css_class': None, 'author_flair_richtext': [], 'author_flair_template_id': None, 'author_flair_text': None, 'author_flair_text_color': None, 'author_flair_type': 'text', 'author_fullname': 't2_ljjxzoq9', 'author_is_blocked': False, 'author_patreon_flair': False, 'author_premium': False, 'awarders': [], 'banned_at_utc': None, 'banned_by': None, 'can_gild': True, 'can_mod_post': False, 'category': None, 'clicked': False, 'content_categories': None, 'contest_mode': False, 'created': 1653208846.0, 'created_utc': 1653208846.0, 'discussion_type': None, 'distinguished': None, 'domain': 'youtube.com', 'downs': 0, 'edited': False, 'gilded': 0, 'gildings': {}, 'hidden': False, 'hide_score': True, 'id': 'uv6utr', 'is_created_from_ads_ui': False, 'is_crosspostable': True, 'is_meta': False, 'is_original_content': False, 'is_reddit_media_domain': False, 'is_robot_indexable': True, 'is_self': False, 'is_video': False, 'likes': None, 'link_flair_background_color': '', 'link_flair_css_class': None, 'link_flair_richtext': [], 'link_flair_text': None, 'link_flair_text_color': 'dark', 'link_flair_type': 'text', 'locked': False, 'media': {'oembed': {'author_name': 'Schwachz', 'author_url': 'https://www.youtube.com/c/Schwachz', 'height': 200, 'html': '&lt;iframe width=""356"" height=""200"" src=""https://www.youtube.com/embed/FT9utTQaWjg?start=23&amp;feature=oembed&amp;enablejsapi=1"" frameborder=""0"" allow=""accelerometer; autoplay; clipboard-write; encrypted-media; gyroscope; picture-in-picture"" allowfullscreen&gt;&lt;/iframe&gt;', 'provider_name': 'YouTube', 'provider_url': 'https://www.youtube.com/', 'thumbnail_height': 360, 'thumbnail_url': 'https://i.ytimg.com/vi/FT9utTQaWjg/hqdefault.jpg', 'thumbnail_width': 480, 'title': 'ùêíùêÆùêßùêüùê•ùê®ùê∞ùêûùê´ ùêñùêöùê´ ùêÑùêùùê¢ùê≠ | Gvllow - Last Dance', 'type': 'video', 'version': '1.0', 'width': 356}, 'type': 'youtube.com'}, 'media_embed': {'content': '&lt;iframe width=""356"" height=""200"" src=""https://www.youtube.com/embed/FT9utTQaWjg?start=23&amp;feature=oembed&amp;enablejsapi=1"" frameborder=""0"" allow=""accelerometer; autoplay; clipboard-write; encrypted-media; gyroscope; picture-in-picture"" allowfullscreen&gt;&lt;/iframe&gt;', 'height': 200, 'scrolling': False, 'width': 356}, 'media_only': False, 'mod_note': None, 'mod_reason_by': None, 'mod_reason_title': None, 'mod_reports': [], 'name': 't3_uv6utr', 'no_follow': True, 'num_comments': 0, 'num_crossposts': 2, 'num_reports': None, 'over_18': False, 'parent_whitelist_status': None, 'permalink': '/r/SunFlowerWar/comments/uv6utr/thought_sunflower_war_was_an_eloquent_name_for/', 'pinned': False, 'post_hint': 'rich:video', 'preview': {'enabled': False, 'images': [{'id': 'GvXtiCb7S7rRgKQvcXayKSLWZuI4-NB1-nK0e9b-RrM', 'resolutions': [{'height': 81, 'url': 'https://external-preview.redd.it/1drx6u_hPZmVYOxakKpyFsk0ILubj9Z4CT4-DqZf3pE.jpg?width=108&amp;crop=smart&amp;auto=webp&amp;s=408aea710e2719ec36ed747baa952abdf4417e12', 'width': 108}, {'height': 162, 'url': 'https://external-preview.redd.it/1drx6u_hPZmVYOxakKpyFsk0ILubj9Z4CT4-DqZf3pE.jpg?width=216&amp;crop=smart&amp;auto=webp&amp;s=d84da39453db3318fb7563342830331f531b684e', 'width': 216}, {'height': 240, 'url': 'https://external-preview.redd.it/1drx6u_hPZmVYOxakKpyFsk0ILubj9Z4CT4-DqZf3pE.jpg?width=320&amp;crop=smart&amp;auto=webp&amp;s=31b04431d1c519ca662f8eeca73f879462703d04', 'width': 320}], 'source': {'height': 360, 'url': 'https://external-preview.redd.it/1drx6u_hPZmVYOxakKpyFsk0ILubj9Z4CT4-DqZf3pE.jpg?auto=webp&amp;s=8ed04e0b3ddb6059f4ccb19b7850a574b5ba680f', 'width': 480}, 'variants': {}}]}, 'pwls': None, 'quarantine': False, 'removal_reason': None, 'removed_by': None, 'removed_by_category': None, 'report_reasons': None, 'saved': False, 'score': 2, 'secure_media': {'oembed': {'author_name': 'Schwachz', 'author_url': 'https://www.youtube.com/c/Schwachz', 'height': 200, 'html': '&lt;iframe width=""356"" height=""200"" src=""https://www.youtube.com/embed/FT9utTQaWjg?start=23&amp;feature=oembed&amp;enablejsapi=1"" frameborder=""0"" allow=""accelerometer; autoplay; clipboard-write; encrypted-media; gyroscope; picture-in-picture"" allowfullscreen&gt;&lt;/iframe&gt;', 'provider_name': 'YouTube', 'provider_url': 'https://www.youtube.com/', 'thumbnail_height': 360, 'thumbnail_url': 'https://i.ytimg.com/vi/FT9utTQaWjg/hqdefault.jpg', 'thumbnail_width': 480, 'title': 'ùêíùêÆùêßùêüùê•ùê®ùê∞ùêûùê´ ùêñùêöùê´ ùêÑùêùùê¢ùê≠ | Gvllow - Last Dance', 'type': 'video', 'version': '1.0', 'width': 356}, 'type': 'youtube.com'}, 'secure_media_embed': {'content': '&lt;iframe width=""356"" height=""200"" src=""https://www.youtube.com/embed/FT9utTQaWjg?start=23&amp;feature=oembed&amp;enablejsapi=1"" frameborder=""0"" allow=""accelerometer; autoplay; clipboard-write; encrypted-media; gyroscope; picture-in-picture"" allowfullscreen&gt;&lt;/iframe&gt;', 'height': 200, 'media_domain_url': 'https://www.redditmedia.com/mediaembed/uv6utr', 'scrolling': False, 'width': 356}, 'selftext': '', 'selftext_html': None, 'send_replies': True, 'spoiler': False, 'stickied': False, 'subreddit': 'SunFlowerWar', 'subreddit_id': 't5_5zao5a', 'subreddit_name_prefixed': 'r/SunFlowerWar', 'subreddit_subscribers': 178, 'subreddit_type': 'public', 'suggested_sort': 'top', 'thumbnail': 'https://b.thumbs.redditmedia.com/Gi7amipu3A2guRQyYdvUULWOZ8p2nhbpx5Wtc9TNP4A.jpg', 'thumbnail_height': 105, 'thumbnail_width': 140, 'title': 'Thought sunflower war was an eloquent name for the horrors in the east.', 'top_awarded_type': None, 'total_awards_received': 0, 'treatment_tags': [], 'ups': 2, 'upvote_ratio': 1.0, 'url': 'https://www.youtube.com/watch?v=FT9utTQaWjg&amp;t=23s&amp;ab_channel=Schwachz', 'url_overridden_by_dest': 'https://www.youtube.com/watch?v=FT9utTQaWjg&amp;t=23s&amp;ab_channel=Schwachz', 'user_reports': [], 'view_count': None, 'visited': False, 'whitelist_status': None, 'wls': None}]"
[],False,MYMExodus,,[],,text,t2_52b1qajh,False,False,False,[],False,False,1653204113,/r/war/comments/uv5uxj/donbas_campaign_tribute_video/,https://www.reddit.com/r/war/comments/uv5uxj/donbas_campaign_tribute_video/,{},uv5uxj,False,False,False,True,False,False,False,True,#dadada,[],dark,text,False,,,False,True,0,0,False,no_ads,/r/war/comments/uv5uxj/donbas_campaign_tribute_video/,False,hosted:video,"{'enabled': False, 'images': [{'id': '8ETlaQcqRJkaYPCEtETBFmnqfhw_Bn8ncdw06cvS2xA', 'resolutions': [{'height': 53, 'url': 'https://external-preview.redd.it/rbdtdkCq2XIQgN3pr8YcEvrnVZEr9WtGgriWKG1NY5A.png?width=108&amp;crop=smart&amp;format=pjpg&amp;auto=webp&amp;s=06a927e54cf529749a444550c9327194ef708695', 'width': 108}, {'height': 106, 'url': 'https://external-preview.redd.it/rbdtdkCq2XIQgN3pr8YcEvrnVZEr9WtGgriWKG1NY5A.png?width=216&amp;crop=smart&amp;format=pjpg&amp;auto=webp&amp;s=cb69bc01ef81a5232b3c134a0cd941f58ebf8f50', 'width': 216}, {'height': 158, 'url': 'https://external-preview.redd.it/rbdtdkCq2XIQgN3pr8YcEvrnVZEr9WtGgriWKG1NY5A.png?width=320&amp;crop=smart&amp;format=pjpg&amp;auto=webp&amp;s=b3624025df496b6f744ffd53a7c090f76c6250e8', 'width': 320}, {'height': 316, 'url': 'https://external-preview.redd.it/rbdtdkCq2XIQgN3pr8YcEvrnVZEr9WtGgriWKG1NY5A.png?width=640&amp;crop=smart&amp;format=pjpg&amp;auto=webp&amp;s=0a16557ea42651d5592b4137e79ce910f832023d', 'width': 640}, {'height': 474, 'url': 'https://external-preview.redd.it/rbdtdkCq2XIQgN3pr8YcEvrnVZEr9WtGgriWKG1NY5A.png?width=960&amp;crop=smart&amp;format=pjpg&amp;auto=webp&amp;s=733673a5c75ed368eabcfe2f4f3d502a27c9fcd3', 'width': 960}, {'height': 533, 'url': 'https://external-preview.redd.it/rbdtdkCq2XIQgN3pr8YcEvrnVZEr9WtGgriWKG1NY5A.png?width=1080&amp;crop=smart&amp;format=pjpg&amp;auto=webp&amp;s=c50e246cbf61f8633cf3267d5564532d148e1b85', 'width': 1080}], 'source': {'height': 948, 'url': 'https://external-preview.redd.it/rbdtdkCq2XIQgN3pr8YcEvrnVZEr9WtGgriWKG1NY5A.png?format=pjpg&amp;auto=webp&amp;s=ffad4230f89ead1950a7b81968381339a2a76394', 'width': 1920}, 'variants': {}}]}",0,reddit,1653204123,1,,,,True,False,False,war,t5_2qhk8,91723,public,confidence,https://b.thumbs.redditmedia.com/tpPD96OZKyBliYfEh422NoBAbllZW0Rhj0ATqmVv5BY.jpg,69.0,140.0,Donbas campaign Tribute Video,0,[],1.0,https://v.redd.it/3sab46b0bz091,https://v.redd.it/3sab46b0bz091,no_ads,0,1653175313.0,77ce0434-a480-11ec-aacc-06564c6ff5ef,News,,,,
[],False,420KetWig,,[],,text,t2_n4bl4ty5,False,False,False,[],False,False,1653192131,v.redd.it,https://www.reddit.com/r/war/comments/uv341r/russian_militants_eliminated_by_ukrainian/,{},uv341r,False,False,False,True,True,False,False,False,,[],dark,text,False,,,False,True,0,0,False,no_ads,/r/war/comments/uv341r/russian_militants_eliminated_by_ukrainian/,False,link,"{'enabled': False, 'images': [{'id': 'i87anYbLeQuK5qKaGOZ7mYJArGFOHWTWcGQqu4nT-9M', 'resolutions': [{'height': 60, 'url': 'https://external-preview.redd.it/EaqL_CwbBp0MCfVpkUHbEfQXyeuFTSx-6LNMu-dqdoI.png?width=108&amp;crop=smart&amp;auto=webp&amp;s=4ae71a52b4febc6b24dba0e88374d9ea4c82a9ef', 'width': 108}, {'height': 121, 'url': 'https://external-preview.redd.it/EaqL_CwbBp0MCfVpkUHbEfQXyeuFTSx-6LNMu-dqdoI.png?width=216&amp;crop=smart&amp;auto=webp&amp;s=1d7ca903098240eba914afd640adeea92109664b', 'width': 216}, {'height': 180, 'url': 'https://external-preview.redd.it/EaqL_CwbBp0MCfVpkUHbEfQXyeuFTSx-6LNMu-dqdoI.png?width=320&amp;crop=smart&amp;auto=webp&amp;s=be7667772a665773bdf86387cc71d763b47178c2', 'width': 320}, {'height': 360, 'url': 'https://external-preview.redd.it/EaqL_CwbBp0MCfVpkUHbEfQXyeuFTSx-6LNMu-dqdoI.png?width=640&amp;crop=smart&amp;auto=webp&amp;s=ee1d4121882a01b64714603c30701de8f3e7e8c9', 'width': 640}, {'height': 540, 'url': 'https://external-preview.redd.it/EaqL_CwbBp0MCfVpkUHbEfQXyeuFTSx-6LNMu-dqdoI.png?width=960&amp;crop=smart&amp;auto=webp&amp;s=5bdfa0857497712e38a3c5b0ed3d2481110d4d51', 'width': 960}, {'height': 607, 'url': 'https://external-preview.redd.it/EaqL_CwbBp0MCfVpkUHbEfQXyeuFTSx-6LNMu-dqdoI.png?width=1080&amp;crop=smart&amp;auto=webp&amp;s=73a424c6980a1892b834f2960849098f84602e23', 'width': 1080}], 'source': {'height': 720, 'url': 'https://external-preview.redd.it/EaqL_CwbBp0MCfVpkUHbEfQXyeuFTSx-6LNMu-dqdoI.png?auto=webp&amp;s=3e450c3f9b4581d015e5ebabc8a77817b46811e0', 'width': 1280}, 'variants': {}}]}",0,reddit,1653192142,1,,,,False,False,False,war,t5_2qhk8,91719,public,confidence,https://a.thumbs.redditmedia.com/I5XWE0b6dpFOgeLsWNzn9EN-jWgCzQjZmYQoYYdhCr8.jpg,78.0,140.0,Russian militants eliminated by Ukrainian artillery strikes,0,[],1.0,https://v.redd.it/jxbsoj5h6y091,https://v.redd.it/jxbsoj5h6y091,no_ads,0,1653163331.0,,,,,t3_uv2ogv,"[{'all_awardings': [], 'allow_live_comments': False, 'approved_at_utc': None, 'approved_by': None, 'archived': False, 'author': 'SmokeSinseLoud', 'author_flair_background_color': '#d3d6da', 'author_flair_css_class': None, 'author_flair_richtext': [{'e': 'text', 't': 'Journalist '}], 'author_flair_template_id': '4777e8a2-a329-11ec-bd44-ea5e4888500f', 'author_flair_text': 'Journalist ', 'author_flair_text_color': 'dark', 'author_flair_type': 'richtext', 'author_fullname': 't2_iteuvd6g', 'author_is_blocked': False, 'author_patreon_flair': False, 'author_premium': True, 'awarders': [], 'banned_at_utc': None, 'banned_by': None, 'can_gild': True, 'can_mod_post': False, 'category': None, 'clicked': False, 'content_categories': None, 'contest_mode': False, 'created': 1653190462.0, 'created_utc': 1653190462.0, 'discussion_type': None, 'distinguished': None, 'domain': 'v.redd.it', 'downs': 0, 'edited': False, 'gilded': 0, 'gildings': {}, 'hidden': False, 'hide_score': True, 'id': 'uv2ogv', 'is_created_from_ads_ui': False, 'is_crosspostable': True, 'is_meta': False, 'is_original_content': False, 'is_reddit_media_domain': True, 'is_robot_indexable': True, 'is_self': False, 'is_video': True, 'likes': None, 'link_flair_background_color': '#cc3600', 'link_flair_css_class': '', 'link_flair_richtext': [{'e': 'text', 't': 'Combat Footage'}], 'link_flair_template_id': '0834c65a-9830-11ec-9e30-fafab1fc3161', 'link_flair_text': 'Combat Footage', 'link_flair_text_color': 'dark', 'link_flair_type': 'richtext', 'locked': False, 'media': {'reddit_video': {'bitrate_kbps': 2400, 'dash_url': 'https://v.redd.it/jxbsoj5h6y091/DASHPlaylist.mpd?a=1655784141%2CZjg3MWEyNDMyNzc4MTEzODg4MDIyMDVlODVhYWNhZGRlNDUwNDEzNjE4YWJhNTY0MGI4OTNiZTEwOTViMjc1YQ%3D%3D&amp;v=1&amp;f=hd', 'duration': 56, 'fallback_url': 'https://v.redd.it/jxbsoj5h6y091/DASH_720.mp4?source=fallback', 'height': 720, 'hls_url': 'https://v.redd.it/jxbsoj5h6y091/HLSPlaylist.m3u8?a=1655784141%2COWVlOGQwZjU3MGFjODExNGIwY2VjYTdmODMyMjc5YjU1MWEyNDNhOTY0NzIyZTEzOTUzZGM0ZGYyZGNjODg2Nw%3D%3D&amp;v=1&amp;f=hd', 'is_gif': False, 'scrubber_media_url': 'https://v.redd.it/jxbsoj5h6y091/DASH_96.mp4', 'transcoding_status': 'completed', 'width': 1280}}, 'media_embed': {}, 'media_only': False, 'mod_note': None, 'mod_reason_by': None, 'mod_reason_title': None, 'mod_reports': [], 'name': 't3_uv2ogv', 'no_follow': False, 'num_comments': 1, 'num_crossposts': 2, 'num_reports': None, 'over_18': False, 'parent_whitelist_status': None, 'permalink': '/r/RussiaUkraineWar2022/comments/uv2ogv/russian_militants_eliminated_by_ukrainian/', 'pinned': False, 'post_hint': 'hosted:video', 'preview': {'enabled': False, 'images': [{'id': 'i87anYbLeQuK5qKaGOZ7mYJArGFOHWTWcGQqu4nT-9M', 'resolutions': [{'height': 60, 'url': 'https://external-preview.redd.it/EaqL_CwbBp0MCfVpkUHbEfQXyeuFTSx-6LNMu-dqdoI.png?width=108&amp;crop=smart&amp;format=pjpg&amp;auto=webp&amp;s=5525ee3fdde6ab312f5a6d361cdc006154f977fc', 'width': 108}, {'height': 121, 'url': 'https://external-preview.redd.it/EaqL_CwbBp0MCfVpkUHbEfQXyeuFTSx-6LNMu-dqdoI.png?width=216&amp;crop=smart&amp;format=pjpg&amp;auto=webp&amp;s=c687049a641d16e431afc904df327fb66560a5fc', 'width': 216}, {'height': 180, 'url': 'https://external-preview.redd.it/EaqL_CwbBp0MCfVpkUHbEfQXyeuFTSx-6LNMu-dqdoI.png?width=320&amp;crop=smart&amp;format=pjpg&amp;auto=webp&amp;s=5fa26933a24e64392c3baea9a60b86ea343a4200', 'width': 320}, {'height': 360, 'url': 'https://external-preview.redd.it/EaqL_CwbBp0MCfVpkUHbEfQXyeuFTSx-6LNMu-dqdoI.png?width=640&amp;crop=smart&amp;format=pjpg&amp;auto=webp&amp;s=2d9ed57dfaa1dfbcbf4a5be32047254b4c224d6b', 'width': 640}, {'height': 540, 'url': 'https://external-preview.redd.it/EaqL_CwbBp0MCfVpkUHbEfQXyeuFTSx-6LNMu-dqdoI.png?width=960&amp;crop=smart&amp;format=pjpg&amp;auto=webp&amp;s=059f3d4d3ac12931cee7d340ffa81fbe34a61b0d', 'width': 960}, {'height': 607, 'url': 'https://external-preview.redd.it/EaqL_CwbBp0MCfVpkUHbEfQXyeuFTSx-6LNMu-dqdoI.png?width=1080&amp;crop=smart&amp;format=pjpg&amp;auto=webp&amp;s=476970a92864f88aca7ec281f00a6f80fd6a0447', 'width': 1080}], 'source': {'height': 720, 'url': 'https://external-preview.redd.it/EaqL_CwbBp0MCfVpkUHbEfQXyeuFTSx-6LNMu-dqdoI.png?format=pjpg&amp;auto=webp&amp;s=956d21be91c97f5e8f15cfc04e1beeb0f8dfb578', 'width': 1280}, 'variants': {}}]}, 'pwls': None, 'quarantine': False, 'removal_reason': None, 'removed_by': None, 'removed_by_category': None, 'report_reasons': None, 'saved': False, 'score': 4, 'secure_media': {'reddit_video': {'bitrate_kbps': 2400, 'dash_url': 'https://v.redd.it/jxbsoj5h6y091/DASHPlaylist.mpd?a=1655784141%2CZjg3MWEyNDMyNzc4MTEzODg4MDIyMDVlODVhYWNhZGRlNDUwNDEzNjE4YWJhNTY0MGI4OTNiZTEwOTViMjc1YQ%3D%3D&amp;v=1&amp;f=hd', 'duration': 56, 'fallback_url': 'https://v.redd.it/jxbsoj5h6y091/DASH_720.mp4?source=fallback', 'height': 720, 'hls_url': 'https://v.redd.it/jxbsoj5h6y091/HLSPlaylist.m3u8?a=1655784141%2COWVlOGQwZjU3MGFjODExNGIwY2VjYTdmODMyMjc5YjU1MWEyNDNhOTY0NzIyZTEzOTUzZGM0ZGYyZGNjODg2Nw%3D%3D&amp;v=1&amp;f=hd', 'is_gif': False, 'scrubber_media_url': 'https://v.redd.it/jxbsoj5h6y091/DASH_96.mp4', 'transcoding_status': 'completed', 'width': 1280}}, 'secure_media_embed': {}, 'selftext': '', 'selftext_html': None, 'send_replies': True, 'spoiler': False, 'stickied': False, 'subreddit': 'RussiaUkraineWar2022', 'subreddit_id': 't5_5wptpp', 'subreddit_name_prefixed': 'r/RussiaUkraineWar2022', 'subreddit_subscribers': 101514, 'subreddit_type': 'public', 'suggested_sort': None, 'thumbnail': 'https://a.thumbs.redditmedia.com/I5XWE0b6dpFOgeLsWNzn9EN-jWgCzQjZmYQoYYdhCr8.jpg', 'thumbnail_height': 78, 'thumbnail_width': 140, 'title': 'Russian militants eliminated by Ukrainian artillery strikes', 'top_awarded_type': None, 'total_awards_received': 0, 'treatment_tags': [], 'ups': 4, 'upvote_ratio': 1.0, 'url': 'https://v.redd.it/jxbsoj5h6y091', 'url_overridden_by_dest': 'https://v.redd.it/jxbsoj5h6y091', 'user_reports': [], 'view_count': None, 'visited': False, 'whitelist_status': None, 'wls': None}]"
[],False,NyanIsMyRealName,,[],,text,t2_gyyrldz2,False,False,False,[],False,False,1653190734,v.redd.it,https://www.reddit.com/r/war/comments/uv2r0l/myanmar_army_left_their_dead_soldiers_to_rot/,{},uv2r0l,False,False,False,True,True,False,False,False,,[],dark,text,False,,,False,True,0,0,False,no_ads,/r/war/comments/uv2r0l/myanmar_army_left_their_dead_soldiers_to_rot/,False,link,"{'enabled': False, 'images': [{'id': 'qyAcGmOeI1Y_MEnr3KOfy9fxh8sv1v-ijVoWU-AH3z8', 'resolutions': [{'height': 145, 'url': 'https://external-preview.redd.it/R4JxDWgzLG9F3rEqnCFJhiOMbKtkh69QQBrKbwMcX2Y.png?width=108&amp;crop=smart&amp;auto=webp&amp;s=efa10db275a7cbdada6b9e82c0c75bb2364f3426', 'width': 108}, {'height': 291, 'url': 'https://external-preview.redd.it/R4JxDWgzLG9F3rEqnCFJhiOMbKtkh69QQBrKbwMcX2Y.png?width=216&amp;crop=smart&amp;auto=webp&amp;s=09104a476cfe7b14d07d08a4d3fab00b28d87827', 'width': 216}, {'height': 432, 'url': 'https://external-preview.redd.it/R4JxDWgzLG9F3rEqnCFJhiOMbKtkh69QQBrKbwMcX2Y.png?width=320&amp;crop=smart&amp;auto=webp&amp;s=1a4ae83e80cf6381ab606f6d3a380bee2a8f565e', 'width': 320}], 'source': {'height': 432, 'url': 'https://external-preview.redd.it/R4JxDWgzLG9F3rEqnCFJhiOMbKtkh69QQBrKbwMcX2Y.png?auto=webp&amp;s=1379b520f7a20976f92444fb577fe8e01ebe8e0e', 'width': 320}, 'variants': {}}]}",0,automod_filtered,1653190744,1,,,,True,False,False,war,t5_2qhk8,91715,public,confidence,https://b.thumbs.redditmedia.com/vTPBxBvKc9ZHqaBksBz0iUeG2h3Sspi8udyf9lhv5pc.jpg,140.0,140.0,"Myanmar Army left their dead soldiers to rot after a battle near Kalay, Sagaing.",0,[],1.0,https://v.redd.it/ro539wtkbtz81,https://v.redd.it/ro539wtkbtz81,no_ads,0,1653161934.0,,,,,t3_uqsijr,"[{'all_awardings': [], 'allow_live_comments': False, 'approved_at_utc': None, 'approved_by': None, 'archived': False, 'author': 'thekingminn', 'author_flair_background_color': '#edeff1', 'author_flair_css_class': None, 'author_flair_richtext': [{'e': 'text', 't': 'Local born in Myanmar üá≤üá≤'}], 'author_flair_template_id': '72cb7ada-8d8d-11eb-8935-0ea1d3e63251', 'author_flair_text': 'Local born in Myanmar üá≤üá≤', 'author_flair_text_color': 'dark', 'author_flair_type': 'richtext', 'author_fullname': 't2_4a2w0o5t', 'author_is_blocked': False, 'author_patreon_flair': False, 'author_premium': False, 'awarders': [], 'banned_at_utc': None, 'banned_by': None, 'can_gild': True, 'can_mod_post': False, 'category': None, 'clicked': False, 'content_categories': None, 'contest_mode': False, 'created': 1652695908.0, 'created_utc': 1652695908.0, 'discussion_type': None, 'distinguished': None, 'domain': 'v.redd.it', 'downs': 0, 'edited': False, 'gilded': 0, 'gildings': {}, 'hidden': False, 'hide_score': False, 'id': 'uqsijr', 'is_created_from_ads_ui': False, 'is_crosspostable': True, 'is_meta': False, 'is_original_content': False, 'is_reddit_media_domain': True, 'is_robot_indexable': True, 'is_self': False, 'is_video': True, 'likes': None, 'link_flair_background_color': '#373c3f', 'link_flair_css_class': '', 'link_flair_richtext': [{'e': 'text', 't': 'Tatmadaw (Junta) atrocities üî•'}], 'link_flair_template_id': '3ff272f2-8d11-11eb-81dd-0e35c19875af', 'link_flair_text': 'Tatmadaw (Junta) atrocities üî•', 'link_flair_text_color': 'light', 'link_flair_type': 'richtext', 'locked': False, 'media': {'reddit_video': {'bitrate_kbps': 800, 'dash_url': 'https://v.redd.it/ro539wtkbtz81/DASHPlaylist.mpd?a=1655782744%2CZjkzYjgzMmI2Y2JkNjExMGQ5YWIzMzllMWQ5MDgyZDEzM2Q5MzNlNjZhMzYwMjE1YmM4NzMxYjVmNWZmNGMyZg%3D%3D&amp;v=1&amp;f=sd', 'duration': 306, 'fallback_url': 'https://v.redd.it/ro539wtkbtz81/DASH_360.mp4?source=fallback', 'height': 360, 'hls_url': 'https://v.redd.it/ro539wtkbtz81/HLSPlaylist.m3u8?a=1655782744%2CMzkxMTU2YTViNjg4NDUwYWU3YTA5NDQ0YTA1NWRlYTBmYjMyNjQ2YTdhZDk3N2JkYzY2OWJlMDQ1MWE1YmZlYQ%3D%3D&amp;v=1&amp;f=sd', 'is_gif': False, 'scrubber_media_url': 'https://v.redd.it/ro539wtkbtz81/DASH_96.mp4', 'transcoding_status': 'completed', 'width': 266}}, 'media_embed': {}, 'media_only': False, 'mod_note': None, 'mod_reason_by': None, 'mod_reason_title': None, 'mod_reports': [], 'name': 't3_uqsijr', 'no_follow': False, 'num_comments': 3, 'num_crossposts': 2, 'num_reports': None, 'over_18': False, 'parent_whitelist_status': 'no_ads', 'permalink': '/r/myanmar/comments/uqsijr/myanmar_army_left_their_dead_soldiers_to_rot/', 'pinned': False, 'post_hint': 'hosted:video', 'preview': {'enabled': False, 'images': [{'id': 'qyAcGmOeI1Y_MEnr3KOfy9fxh8sv1v-ijVoWU-AH3z8', 'resolutions': [{'height': 145, 'url': 'https://external-preview.redd.it/R4JxDWgzLG9F3rEqnCFJhiOMbKtkh69QQBrKbwMcX2Y.png?width=108&amp;crop=smart&amp;format=pjpg&amp;auto=webp&amp;s=6ff9740cb33a7d1f74c5ed2bec8718845cb24568', 'width': 108}, {'height': 291, 'url': 'https://external-preview.redd.it/R4JxDWgzLG9F3rEqnCFJhiOMbKtkh69QQBrKbwMcX2Y.png?width=216&amp;crop=smart&amp;format=pjpg&amp;auto=webp&amp;s=0d81393a1f850d3fb634f01d750b72fae564450d', 'width': 216}, {'height': 432, 'url': 'https://external-preview.redd.it/R4JxDWgzLG9F3rEqnCFJhiOMbKtkh69QQBrKbwMcX2Y.png?width=320&amp;crop=smart&amp;format=pjpg&amp;auto=webp&amp;s=8933ee5f16d28d7a3322b06cda2436ba00c33255', 'width': 320}], 'source': {'height': 432, 'url': 'https://external-preview.redd.it/R4JxDWgzLG9F3rEqnCFJhiOMbKtkh69QQBrKbwMcX2Y.png?format=pjpg&amp;auto=webp&amp;s=0178fec71b41ae8bed9741cec0c78e8a8428071c', 'width': 320}, 'variants': {}}]}, 'pwls': 0, 'quarantine': False, 'removal_reason': None, 'removed_by': None, 'removed_by_category': None, 'report_reasons': None, 'saved': False, 'score': 110, 'secure_media': {'reddit_video': {'bitrate_kbps': 800, 'dash_url': 'https://v.redd.it/ro539wtkbtz81/DASHPlaylist.mpd?a=1655782744%2CZjkzYjgzMmI2Y2JkNjExMGQ5YWIzMzllMWQ5MDgyZDEzM2Q5MzNlNjZhMzYwMjE1YmM4NzMxYjVmNWZmNGMyZg%3D%3D&amp;v=1&amp;f=sd', 'duration': 306, 'fallback_url': 'https://v.redd.it/ro539wtkbtz81/DASH_360.mp4?source=fallback', 'height': 360, 'hls_url': 'https://v.redd.it/ro539wtkbtz81/HLSPlaylist.m3u8?a=1655782744%2CMzkxMTU2YTViNjg4NDUwYWU3YTA5NDQ0YTA1NWRlYTBmYjMyNjQ2YTdhZDk3N2JkYzY2OWJlMDQ1MWE1YmZlYQ%3D%3D&amp;v=1&amp;f=sd', 'is_gif': False, 'scrubber_media_url': 'https://v.redd.it/ro539wtkbtz81/DASH_96.mp4', 'transcoding_status': 'completed', 'width': 266}}, 'secure_media_embed': {}, 'selftext': '', 'selftext_html': None, 'send_replies': True, 'spoiler': False, 'stickied': False, 'subreddit': 'myanmar', 'subreddit_id': 't5_2rt95', 'subreddit_name_prefixed': 'r/myanmar', 'subreddit_subscribers': 22795, 'subreddit_type': 'public', 'suggested_sort': 'new', 'thumbnail': 'https://b.thumbs.redditmedia.com/vTPBxBvKc9ZHqaBksBz0iUeG2h3Sspi8udyf9lhv5pc.jpg', 'thumbnail_height': 140, 'thumbnail_width': 140, 'title': 'Myanmar Army left their dead soldiers to rot after a battle near Kalay, Sagaing.', 'top_awarded_type': None, 'total_awards_received': 0, 'treatment_tags': [], 'ups': 110, 'upvote_ratio': 0.98, 'url': 'https://v.redd.it/ro539wtkbtz81', 'url_overridden_by_dest': 'https://v.redd.it/ro539wtkbtz81', 'user_reports': [], 'view_count': None, 'visited': False, 'whitelist_status': 'no_ads', 'wls': 0}]"
[],False,bookwarm87,,[],,text,t2_knt3i884,False,False,False,[],False,False,1653190702,i.redd.it,https://www.reddit.com/r/war/comments/uv2qq4/ukrainian_soldier_with_fn_f2000_first_known_photo/,{},uv2qq4,False,False,False,True,True,False,False,False,,[],dark,text,False,,,False,True,0,0,False,no_ads,/r/war/comments/uv2qq4/ukrainian_soldier_with_fn_f2000_first_known_photo/,False,image,"{'enabled': True, 'images': [{'id': 'iY8yzhzSdtL4NdBFvO9S8QzrvwAoZnbszouNZ8TACxI', 'resolutions': [{'height': 138, 'url': 'https://preview.redd.it/qbows4277y091.jpg?width=108&amp;crop=smart&amp;auto=webp&amp;s=89f34e5f9345a5247dcc7ac622057fbdff58cc51', 'width': 108}, {'height': 276, 'url': 'https://preview.redd.it/qbows4277y091.jpg?width=216&amp;crop=smart&amp;auto=webp&amp;s=0c8e993f552fc9f5831005ec3a37d20ce6485aa0', 'width': 216}, {'height': 409, 'url': 'https://preview.redd.it/qbows4277y091.jpg?width=320&amp;crop=smart&amp;auto=webp&amp;s=d13f2be7ac82632f4731ed2855b1c8c7ba8050d6', 'width': 320}, {'height': 819, 'url': 'https://preview.redd.it/qbows4277y091.jpg?width=640&amp;crop=smart&amp;auto=webp&amp;s=e30cd919ec121927d2dd27911f3c05daf306697b', 'width': 640}], 'source': {'height': 1185, 'url': 'https://preview.redd.it/qbows4277y091.jpg?auto=webp&amp;s=4e37df94cd0dfbfd79b9402dd28d1525dae19c87', 'width': 925}, 'variants': {}}]}",0,reddit,1653190712,1,,,,True,False,False,war,t5_2qhk8,91715,public,confidence,https://b.thumbs.redditmedia.com/E8DiqHzifNwbj6BiK272Au1NiN8KD_a45nDrf5JJMMY.jpg,140.0,140.0,Ukrainian soldier with FN F2000 - first known photo,0,[],1.0,https://i.redd.it/qbows4277y091.jpg,https://i.redd.it/qbows4277y091.jpg,no_ads,0,1653161902.0,,,,,,
