all_awardings,allow_live_comments,author,author_flair_background_color,author_flair_css_class,author_flair_richtext,author_flair_text,author_flair_text_color,author_flair_type,author_fullname,author_is_blocked,author_patreon_flair,author_premium,awarders,can_mod_post,contest_mode,created_utc,domain,full_link,gildings,id,is_created_from_ads_ui,is_crosspostable,is_meta,is_original_content,is_reddit_media_domain,is_robot_indexable,is_self,is_video,link_flair_background_color,link_flair_richtext,link_flair_template_id,link_flair_text,link_flair_text_color,link_flair_type,locked,media,media_embed,media_only,no_follow,num_comments,num_crossposts,over_18,parent_whitelist_status,permalink,pinned,post_hint,preview,pwls,removed_by_category,retrieved_on,score,secure_media,secure_media_embed,selftext,send_replies,spoiler,stickied,subreddit,subreddit_id,subreddit_subscribers,subreddit_type,thumbnail,thumbnail_height,thumbnail_width,title,total_awards_received,treatment_tags,upvote_ratio,url,url_overridden_by_dest,whitelist_status,wls,created,is_gallery
[],False,TrashIllustrious6584,,default,[],,dark,text,t2_82lrbevv,False,False,False,[],False,False,1650066757,youtu.be,https://www.reddit.com/r/UkraineWarReports/comments/u4l491/the_true_story_of_the_cruiser_moskva_on_easter/,{},u4l491,False,False,False,False,False,False,False,False,#373c3f,[],63373420-9a38-11ec-9ff9-e6ab617e17b4,Bombing,light,text,False,"{'oembed': {'author_name': 'TJ NZ', 'author_url': 'https://www.youtube.com/c/TJNZSUBSCRIBE', 'height': 200, 'html': '&lt;iframe width=""356"" height=""200"" src=""https://www.youtube.com/embed/LoyXlhFz6ko?feature=oembed&amp;enablejsapi=1"" frameborder=""0"" allow=""accelerometer; autoplay; clipboard-write; encrypted-media; gyroscope; picture-in-picture"" allowfullscreen&gt;&lt;/iframe&gt;', 'provider_name': 'YouTube', 'provider_url': 'https://www.youtube.com/', 'thumbnail_height': 360, 'thumbnail_url': 'https://i.ytimg.com/vi/LoyXlhFz6ko/hqdefault.jpg', 'thumbnail_width': 480, 'title': 'The true story of the cruiser Moskva!  On Easter only in the best cinemas! Happy Easter', 'type': 'video', 'version': '1.0', 'width': 356}, 'type': 'youtube.com'}","{'content': '&lt;iframe width=""356"" height=""200"" src=""https://www.youtube.com/embed/LoyXlhFz6ko?feature=oembed&amp;enablejsapi=1"" frameborder=""0"" allow=""accelerometer; autoplay; clipboard-write; encrypted-media; gyroscope; picture-in-picture"" allowfullscreen&gt;&lt;/iframe&gt;', 'height': 200, 'scrolling': False, 'width': 356}",False,True,1,0,False,no_ads,/r/UkraineWarReports/comments/u4l491/the_true_story_of_the_cruiser_moskva_on_easter/,False,rich:video,"{'enabled': False, 'images': [{'id': 'BmeqMkqTVTVsneVgLVfGzdEy5h-L0W3_KZ5e3BjNwiU', 'resolutions': [{'height': 81, 'url': 'https://external-preview.redd.it/x8RxyVbSQJVPnEjT09zcDhqUSYeYR3o0zsEOprqEjms.jpg?width=108&amp;crop=smart&amp;auto=webp&amp;s=5e3da4d9de07e3f16054f31495e791625c3a1e6b', 'width': 108}, {'height': 162, 'url': 'https://external-preview.redd.it/x8RxyVbSQJVPnEjT09zcDhqUSYeYR3o0zsEOprqEjms.jpg?width=216&amp;crop=smart&amp;auto=webp&amp;s=fd9ee80f3fc4877f6b7c097e2a43e2be33297b66', 'width': 216}, {'height': 240, 'url': 'https://external-preview.redd.it/x8RxyVbSQJVPnEjT09zcDhqUSYeYR3o0zsEOprqEjms.jpg?width=320&amp;crop=smart&amp;auto=webp&amp;s=c33c0f347abd69016d8a725eab3abaaab92909a1', 'width': 320}], 'source': {'height': 360, 'url': 'https://external-preview.redd.it/x8RxyVbSQJVPnEjT09zcDhqUSYeYR3o0zsEOprqEjms.jpg?auto=webp&amp;s=6dbb418a41f3ec8e4db0d31d183694d82a4fa768', 'width': 480}, 'variants': {}}]}",0,reddit,1650066768,1,"{'oembed': {'author_name': 'TJ NZ', 'author_url': 'https://www.youtube.com/c/TJNZSUBSCRIBE', 'height': 200, 'html': '&lt;iframe width=""356"" height=""200"" src=""https://www.youtube.com/embed/LoyXlhFz6ko?feature=oembed&amp;enablejsapi=1"" frameborder=""0"" allow=""accelerometer; autoplay; clipboard-write; encrypted-media; gyroscope; picture-in-picture"" allowfullscreen&gt;&lt;/iframe&gt;', 'provider_name': 'YouTube', 'provider_url': 'https://www.youtube.com/', 'thumbnail_height': 360, 'thumbnail_url': 'https://i.ytimg.com/vi/LoyXlhFz6ko/hqdefault.jpg', 'thumbnail_width': 480, 'title': 'The true story of the cruiser Moskva!  On Easter only in the best cinemas! Happy Easter', 'type': 'video', 'version': '1.0', 'width': 356}, 'type': 'youtube.com'}","{'content': '&lt;iframe width=""356"" height=""200"" src=""https://www.youtube.com/embed/LoyXlhFz6ko?feature=oembed&amp;enablejsapi=1"" frameborder=""0"" allow=""accelerometer; autoplay; clipboard-write; encrypted-media; gyroscope; picture-in-picture"" allowfullscreen&gt;&lt;/iframe&gt;', 'height': 200, 'media_domain_url': 'https://www.redditmedia.com/mediaembed/u4l491', 'scrolling': False, 'width': 356}",,True,False,False,UkraineWarReports,t5_5wncl5,53201,public,https://b.thumbs.redditmedia.com/ovMu9_CCAJwxe9n3QA5onBLBBwBw8-dvpuU1zuSFvUc.jpg,105.0,140.0,The true story of the cruiser Moskva! On Easter only in the best cinemas,0,[],1.0,https://youtu.be/LoyXlhFz6ko,https://youtu.be/LoyXlhFz6ko,no_ads,0,1650037957.0,
[],False,TrashIllustrious6584,,default,[],,dark,text,t2_82lrbevv,False,False,False,[],False,False,1650062275,youtu.be,https://www.reddit.com/r/UkraineWarReports/comments/u4jovx/heavy_street_fighting_taking_place_between_russia/,{},u4jovx,False,False,False,False,False,False,False,False,#ea0027,[],4fe42924-96f9-11ec-8f38-caa8977e6257,Military,light,text,False,"{'oembed': {'author_name': 'TJ NZ', 'author_url': 'https://www.youtube.com/c/TJNZSUBSCRIBE', 'height': 200, 'html': '&lt;iframe width=""356"" height=""200"" src=""https://www.youtube.com/embed/3nN_VdWWdX0?feature=oembed&amp;enablejsapi=1"" frameborder=""0"" allow=""accelerometer; autoplay; clipboard-write; encrypted-media; gyroscope; picture-in-picture"" allowfullscreen&gt;&lt;/iframe&gt;', 'provider_name': 'YouTube', 'provider_url': 'https://www.youtube.com/', 'thumbnail_height': 360, 'thumbnail_url': 'https://i.ytimg.com/vi/3nN_VdWWdX0/hqdefault.jpg', 'thumbnail_width': 480, 'title': 'Heavy Street fighting Taking place between Russia Ukraine in Ukraine war footage', 'type': 'video', 'version': '1.0', 'width': 356}, 'type': 'youtube.com'}","{'content': '&lt;iframe width=""356"" height=""200"" src=""https://www.youtube.com/embed/3nN_VdWWdX0?feature=oembed&amp;enablejsapi=1"" frameborder=""0"" allow=""accelerometer; autoplay; clipboard-write; encrypted-media; gyroscope; picture-in-picture"" allowfullscreen&gt;&lt;/iframe&gt;', 'height': 200, 'scrolling': False, 'width': 356}",False,True,1,0,False,no_ads,/r/UkraineWarReports/comments/u4jovx/heavy_street_fighting_taking_place_between_russia/,False,rich:video,"{'enabled': False, 'images': [{'id': 'uTOKYy8Wln1y_6b09nPTsOn8dMZNGAQchqRdyROCRGA', 'resolutions': [{'height': 81, 'url': 'https://external-preview.redd.it/wJYyLoF7Qu3ph-2iXgtY9zy95Eu6wxVBo9hQ7B-7-1E.jpg?width=108&amp;crop=smart&amp;auto=webp&amp;s=9b6a80f355dacf17b76180f893eaad82e8c6dce7', 'width': 108}, {'height': 162, 'url': 'https://external-preview.redd.it/wJYyLoF7Qu3ph-2iXgtY9zy95Eu6wxVBo9hQ7B-7-1E.jpg?width=216&amp;crop=smart&amp;auto=webp&amp;s=52837bb0b11e839a4e537b68b72d19e48139493f', 'width': 216}, {'height': 240, 'url': 'https://external-preview.redd.it/wJYyLoF7Qu3ph-2iXgtY9zy95Eu6wxVBo9hQ7B-7-1E.jpg?width=320&amp;crop=smart&amp;auto=webp&amp;s=ca6ebdf9044413dfda4bce775f1955a338ffd17c', 'width': 320}], 'source': {'height': 360, 'url': 'https://external-preview.redd.it/wJYyLoF7Qu3ph-2iXgtY9zy95Eu6wxVBo9hQ7B-7-1E.jpg?auto=webp&amp;s=93f8d5d857d80cbd18e8d80e1c95d0454f3ff0d3', 'width': 480}, 'variants': {}}]}",0,reddit,1650062285,1,"{'oembed': {'author_name': 'TJ NZ', 'author_url': 'https://www.youtube.com/c/TJNZSUBSCRIBE', 'height': 200, 'html': '&lt;iframe width=""356"" height=""200"" src=""https://www.youtube.com/embed/3nN_VdWWdX0?feature=oembed&amp;enablejsapi=1"" frameborder=""0"" allow=""accelerometer; autoplay; clipboard-write; encrypted-media; gyroscope; picture-in-picture"" allowfullscreen&gt;&lt;/iframe&gt;', 'provider_name': 'YouTube', 'provider_url': 'https://www.youtube.com/', 'thumbnail_height': 360, 'thumbnail_url': 'https://i.ytimg.com/vi/3nN_VdWWdX0/hqdefault.jpg', 'thumbnail_width': 480, 'title': 'Heavy Street fighting Taking place between Russia Ukraine in Ukraine war footage', 'type': 'video', 'version': '1.0', 'width': 356}, 'type': 'youtube.com'}","{'content': '&lt;iframe width=""356"" height=""200"" src=""https://www.youtube.com/embed/3nN_VdWWdX0?feature=oembed&amp;enablejsapi=1"" frameborder=""0"" allow=""accelerometer; autoplay; clipboard-write; encrypted-media; gyroscope; picture-in-picture"" allowfullscreen&gt;&lt;/iframe&gt;', 'height': 200, 'media_domain_url': 'https://www.redditmedia.com/mediaembed/u4jovx', 'scrolling': False, 'width': 356}",,True,False,False,UkraineWarReports,t5_5wncl5,53190,public,https://b.thumbs.redditmedia.com/-FDgFsCe4qsMcUzBPqXmlZem2iT1tHmxGquytJ8L59k.jpg,105.0,140.0,Heavy Street fighting Taking place between Russia Ukraine in Ukraine war footage,0,[],1.0,https://youtu.be/3nN_VdWWdX0,https://youtu.be/3nN_VdWWdX0,no_ads,0,1650033475.0,
[],False,TrashIllustrious6584,,default,[],,dark,text,t2_82lrbevv,False,False,False,[],False,False,1650061723,youtu.be,https://www.reddit.com/r/UkraineWarReports/comments/u4jie7/ukraine_border_guards_hit_a_russian_vehicle/,{},u4jie7,False,False,False,False,False,False,False,False,#0079d3,[],3107029a-9593-11ec-99b2-96043af7b916,Video üé•,light,text,False,"{'oembed': {'author_name': 'TJ NZ', 'author_url': 'https://www.youtube.com/c/TJNZSUBSCRIBE', 'height': 200, 'html': '&lt;iframe width=""356"" height=""200"" src=""https://www.youtube.com/embed/8v6O8CITBys?feature=oembed&amp;enablejsapi=1"" frameborder=""0"" allow=""accelerometer; autoplay; clipboard-write; encrypted-media; gyroscope; picture-in-picture"" allowfullscreen&gt;&lt;/iframe&gt;', 'provider_name': 'YouTube', 'provider_url': 'https://www.youtube.com/', 'thumbnail_height': 360, 'thumbnail_url': 'https://i.ytimg.com/vi/8v6O8CITBys/hqdefault.jpg', 'thumbnail_width': 480, 'title': 'Ukraine Border Guards hit a Russian vehicle possibly a BTR somewhere in the east', 'type': 'video', 'version': '1.0', 'width': 356}, 'type': 'youtube.com'}","{'content': '&lt;iframe width=""356"" height=""200"" src=""https://www.youtube.com/embed/8v6O8CITBys?feature=oembed&amp;enablejsapi=1"" frameborder=""0"" allow=""accelerometer; autoplay; clipboard-write; encrypted-media; gyroscope; picture-in-picture"" allowfullscreen&gt;&lt;/iframe&gt;', 'height': 200, 'scrolling': False, 'width': 356}",False,True,1,0,False,no_ads,/r/UkraineWarReports/comments/u4jie7/ukraine_border_guards_hit_a_russian_vehicle/,False,rich:video,"{'enabled': False, 'images': [{'id': 'eyGe1_S7VQFQBBkjeuPCWQ2G9NzxkwIfUTwBJmEkxYs', 'resolutions': [{'height': 81, 'url': 'https://external-preview.redd.it/MvQh7zbJ_Pb5CpX44EgaWhG_MWeJG9IQBNdGTUGvpjw.jpg?width=108&amp;crop=smart&amp;auto=webp&amp;s=701876d955173564c3a3785d5afcc5bdda27412d', 'width': 108}, {'height': 162, 'url': 'https://external-preview.redd.it/MvQh7zbJ_Pb5CpX44EgaWhG_MWeJG9IQBNdGTUGvpjw.jpg?width=216&amp;crop=smart&amp;auto=webp&amp;s=981ed4d7dc803a4a0668e9042301a52df3e9fad3', 'width': 216}, {'height': 240, 'url': 'https://external-preview.redd.it/MvQh7zbJ_Pb5CpX44EgaWhG_MWeJG9IQBNdGTUGvpjw.jpg?width=320&amp;crop=smart&amp;auto=webp&amp;s=e9cf3f196af02e5c4d5da1bf4f25d1da557cc35f', 'width': 320}], 'source': {'height': 360, 'url': 'https://external-preview.redd.it/MvQh7zbJ_Pb5CpX44EgaWhG_MWeJG9IQBNdGTUGvpjw.jpg?auto=webp&amp;s=58d44cd32fc537ac95a2f19c49596f209c66a1da', 'width': 480}, 'variants': {}}]}",0,reddit,1650061734,1,"{'oembed': {'author_name': 'TJ NZ', 'author_url': 'https://www.youtube.com/c/TJNZSUBSCRIBE', 'height': 200, 'html': '&lt;iframe width=""356"" height=""200"" src=""https://www.youtube.com/embed/8v6O8CITBys?feature=oembed&amp;enablejsapi=1"" frameborder=""0"" allow=""accelerometer; autoplay; clipboard-write; encrypted-media; gyroscope; picture-in-picture"" allowfullscreen&gt;&lt;/iframe&gt;', 'provider_name': 'YouTube', 'provider_url': 'https://www.youtube.com/', 'thumbnail_height': 360, 'thumbnail_url': 'https://i.ytimg.com/vi/8v6O8CITBys/hqdefault.jpg', 'thumbnail_width': 480, 'title': 'Ukraine Border Guards hit a Russian vehicle possibly a BTR somewhere in the east', 'type': 'video', 'version': '1.0', 'width': 356}, 'type': 'youtube.com'}","{'content': '&lt;iframe width=""356"" height=""200"" src=""https://www.youtube.com/embed/8v6O8CITBys?feature=oembed&amp;enablejsapi=1"" frameborder=""0"" allow=""accelerometer; autoplay; clipboard-write; encrypted-media; gyroscope; picture-in-picture"" allowfullscreen&gt;&lt;/iframe&gt;', 'height': 200, 'media_domain_url': 'https://www.redditmedia.com/mediaembed/u4jie7', 'scrolling': False, 'width': 356}",,True,False,False,UkraineWarReports,t5_5wncl5,53188,public,https://b.thumbs.redditmedia.com/4Gf_eMfiX9XJp8te_mhIvDRJdrkFYJL1quZ2sbQePeY.jpg,105.0,140.0,Ukraine Border Guards hit a Russian vehicle possibly a BTR somewhere in the east,0,[],1.0,https://youtu.be/8v6O8CITBys,https://youtu.be/8v6O8CITBys,no_ads,0,1650032923.0,
[],False,TrashIllustrious6584,,default,[],,dark,text,t2_82lrbevv,False,False,False,[],False,False,1650060949,youtu.be,https://www.reddit.com/r/UkraineWarReports/comments/u4j97k/16_russian_bmps_and_5_btr_82a_armored_personnel/,{},u4j97k,False,False,False,False,False,False,False,False,#0079d3,[],3107029a-9593-11ec-99b2-96043af7b916,Video üé•,light,text,False,"{'oembed': {'author_name': 'TJ NZ', 'author_url': 'https://www.youtube.com/c/TJNZSUBSCRIBE', 'height': 200, 'html': '&lt;iframe width=""356"" height=""200"" src=""https://www.youtube.com/embed/5P00FB6yxZ0?feature=oembed&amp;enablejsapi=1"" frameborder=""0"" allow=""accelerometer; autoplay; clipboard-write; encrypted-media; gyroscope; picture-in-picture"" allowfullscreen&gt;&lt;/iframe&gt;', 'provider_name': 'YouTube', 'provider_url': 'https://www.youtube.com/', 'thumbnail_height': 360, 'thumbnail_url': 'https://i.ytimg.com/vi/5P00FB6yxZ0/hqdefault.jpg', 'thumbnail_width': 480, 'title': '16 Russian BMPs and 5 BTR 82A armored personnel carriers were captured', 'type': 'video', 'version': '1.0', 'width': 356}, 'type': 'youtube.com'}","{'content': '&lt;iframe width=""356"" height=""200"" src=""https://www.youtube.com/embed/5P00FB6yxZ0?feature=oembed&amp;enablejsapi=1"" frameborder=""0"" allow=""accelerometer; autoplay; clipboard-write; encrypted-media; gyroscope; picture-in-picture"" allowfullscreen&gt;&lt;/iframe&gt;', 'height': 200, 'scrolling': False, 'width': 356}",False,True,1,0,False,no_ads,/r/UkraineWarReports/comments/u4j97k/16_russian_bmps_and_5_btr_82a_armored_personnel/,False,rich:video,"{'enabled': False, 'images': [{'id': 'tGwBafPdOe_LhU35QuRj-UxqF0G3MtCGrYHDl2CR-Jk', 'resolutions': [{'height': 81, 'url': 'https://external-preview.redd.it/lnjbkP71ijf0VvmXOf8okPU1GmVO0l04o9FUjwvgEl8.jpg?width=108&amp;crop=smart&amp;auto=webp&amp;s=5c07adf05e0ee62ba45e1f320d2c1361057ee997', 'width': 108}, {'height': 162, 'url': 'https://external-preview.redd.it/lnjbkP71ijf0VvmXOf8okPU1GmVO0l04o9FUjwvgEl8.jpg?width=216&amp;crop=smart&amp;auto=webp&amp;s=a76be0887ac3a2e1a1b73999cdee94707622c5a2', 'width': 216}, {'height': 240, 'url': 'https://external-preview.redd.it/lnjbkP71ijf0VvmXOf8okPU1GmVO0l04o9FUjwvgEl8.jpg?width=320&amp;crop=smart&amp;auto=webp&amp;s=983a74f3a30680d58da22e450685513473a23986', 'width': 320}], 'source': {'height': 360, 'url': 'https://external-preview.redd.it/lnjbkP71ijf0VvmXOf8okPU1GmVO0l04o9FUjwvgEl8.jpg?auto=webp&amp;s=cd8a5a5d26117e59fc837dc077241e212f97feee', 'width': 480}, 'variants': {}}]}",0,reddit,1650060960,1,"{'oembed': {'author_name': 'TJ NZ', 'author_url': 'https://www.youtube.com/c/TJNZSUBSCRIBE', 'height': 200, 'html': '&lt;iframe width=""356"" height=""200"" src=""https://www.youtube.com/embed/5P00FB6yxZ0?feature=oembed&amp;enablejsapi=1"" frameborder=""0"" allow=""accelerometer; autoplay; clipboard-write; encrypted-media; gyroscope; picture-in-picture"" allowfullscreen&gt;&lt;/iframe&gt;', 'provider_name': 'YouTube', 'provider_url': 'https://www.youtube.com/', 'thumbnail_height': 360, 'thumbnail_url': 'https://i.ytimg.com/vi/5P00FB6yxZ0/hqdefault.jpg', 'thumbnail_width': 480, 'title': '16 Russian BMPs and 5 BTR 82A armored personnel carriers were captured', 'type': 'video', 'version': '1.0', 'width': 356}, 'type': 'youtube.com'}","{'content': '&lt;iframe width=""356"" height=""200"" src=""https://www.youtube.com/embed/5P00FB6yxZ0?feature=oembed&amp;enablejsapi=1"" frameborder=""0"" allow=""accelerometer; autoplay; clipboard-write; encrypted-media; gyroscope; picture-in-picture"" allowfullscreen&gt;&lt;/iframe&gt;', 'height': 200, 'media_domain_url': 'https://www.redditmedia.com/mediaembed/u4j97k', 'scrolling': False, 'width': 356}",,True,False,False,UkraineWarReports,t5_5wncl5,53186,public,https://b.thumbs.redditmedia.com/fqdMvU2bsShE9cGa3Qm8M7eZ9BwNDoRNBJwFlX8OcoY.jpg,105.0,140.0,16 Russian BMPs and 5 BTR 82A armored personnel carriers were captured,0,[],1.0,https://youtu.be/5P00FB6yxZ0,https://youtu.be/5P00FB6yxZ0,no_ads,0,1650032149.0,
[],False,magdy-abdelsalam-67,,default,[],,dark,text,t2_az3htj1l,False,False,False,[],False,False,1650056204,magdy67.blogspot.com,https://www.reddit.com/r/UkraineWarReports/comments/u4hm3a/german_official_calls_on_citizens_to_ride_a/,{},u4hm3a,False,False,False,False,False,False,False,False,,[],,,dark,text,False,,,False,True,1,0,False,no_ads,/r/UkraineWarReports/comments/u4hm3a/german_official_calls_on_citizens_to_ride_a/,False,link,"{'enabled': False, 'images': [{'id': '17gzu1eRmawUo0TLN4AdR_OC_l91U4l213Yx49_xo5s', 'resolutions': [{'height': 60, 'url': 'https://external-preview.redd.it/YeXwofjU1MSm77Np6uF_byDJOaUGMReFjs_sIf_ZZHY.jpg?width=108&amp;crop=smart&amp;auto=webp&amp;s=32dd7c4247d4f781750058009fa6c7944cca55d5', 'width': 108}, {'height': 121, 'url': 'https://external-preview.redd.it/YeXwofjU1MSm77Np6uF_byDJOaUGMReFjs_sIf_ZZHY.jpg?width=216&amp;crop=smart&amp;auto=webp&amp;s=0d1152b579aa2e6e2f08cd55b4e97b9234adf638', 'width': 216}, {'height': 179, 'url': 'https://external-preview.redd.it/YeXwofjU1MSm77Np6uF_byDJOaUGMReFjs_sIf_ZZHY.jpg?width=320&amp;crop=smart&amp;auto=webp&amp;s=a777626afc5f172ad27cb8949c84beed5906781e', 'width': 320}], 'source': {'height': 253, 'url': 'https://external-preview.redd.it/YeXwofjU1MSm77Np6uF_byDJOaUGMReFjs_sIf_ZZHY.jpg?auto=webp&amp;s=654acd0a4210530b30a27606940a9877ff02084e', 'width': 450}, 'variants': {}}]}",0,reddit,1650056214,1,,,,True,False,False,UkraineWarReports,t5_5wncl5,53171,public,https://a.thumbs.redditmedia.com/IMR_Yl7sl5pfpCqjkHO4WWsLDubKoNAaTJwgfQc38n8.jpg,78.0,140.0,"German official calls on citizens to ride a bicycle to reduce energy consumption To ""disturb"" Putin",0,[],1.0,https://magdy67.blogspot.com/2022/04/blog-post_16.html,https://magdy67.blogspot.com/2022/04/blog-post_16.html,no_ads,0,1650027404.0,
[],False,eldashev,,default,[],,dark,text,t2_ja3jl,False,False,True,[],False,False,1650054450,youtu.be,https://www.reddit.com/r/UkraineWarReports/comments/u4h0jo/50_days_of_braveukraine/,{},u4h0jo,False,True,False,False,False,True,False,False,#0079d3,[],3107029a-9593-11ec-99b2-96043af7b916,Video üé•,light,text,False,"{'oembed': {'author_name': 'AllDigits', 'author_url': 'https://www.youtube.com/channel/UCZ0IqyoipXgRkuaCifDWZgw', 'height': 200, 'html': '&lt;iframe width=""356"" height=""200"" src=""https://www.youtube.com/embed/vWnO_HIkaFE?feature=oembed&amp;enablejsapi=1"" frameborder=""0"" allow=""accelerometer; autoplay; clipboard-write; encrypted-media; gyroscope; picture-in-picture"" allowfullscreen&gt;&lt;/iframe&gt;', 'provider_name': 'YouTube', 'provider_url': 'https://www.youtube.com/', 'thumbnail_height': 360, 'thumbnail_url': 'https://i.ytimg.com/vi/vWnO_HIkaFE/hqdefault.jpg', 'thumbnail_width': 480, 'title': '50 days of #BraveUkraine', 'type': 'video', 'version': '1.0', 'width': 356}, 'type': 'youtube.com'}","{'content': '&lt;iframe width=""356"" height=""200"" src=""https://www.youtube.com/embed/vWnO_HIkaFE?feature=oembed&amp;enablejsapi=1"" frameborder=""0"" allow=""accelerometer; autoplay; clipboard-write; encrypted-media; gyroscope; picture-in-picture"" allowfullscreen&gt;&lt;/iframe&gt;', 'height': 200, 'scrolling': False, 'width': 356}",False,False,1,0,False,no_ads,/r/UkraineWarReports/comments/u4h0jo/50_days_of_braveukraine/,False,rich:video,"{'enabled': False, 'images': [{'id': 'ZNv9SzRErzjTswvWYbNSZTduMDdqBYK3tPBcWpS9ZJs', 'resolutions': [{'height': 81, 'url': 'https://external-preview.redd.it/E-uALX9p902Q-4issrLZL7hXEdkvCgmlVvc1gJLhhzA.jpg?width=108&amp;crop=smart&amp;auto=webp&amp;s=a493ead07bc950685fda39243616be4fddfdf414', 'width': 108}, {'height': 162, 'url': 'https://external-preview.redd.it/E-uALX9p902Q-4issrLZL7hXEdkvCgmlVvc1gJLhhzA.jpg?width=216&amp;crop=smart&amp;auto=webp&amp;s=ba3dc5e3c14c802de0ea34cf60bf252d8e5ee4ad', 'width': 216}, {'height': 240, 'url': 'https://external-preview.redd.it/E-uALX9p902Q-4issrLZL7hXEdkvCgmlVvc1gJLhhzA.jpg?width=320&amp;crop=smart&amp;auto=webp&amp;s=00fd478862b158307160ef9226ae2d4d73934bc0', 'width': 320}], 'source': {'height': 360, 'url': 'https://external-preview.redd.it/E-uALX9p902Q-4issrLZL7hXEdkvCgmlVvc1gJLhhzA.jpg?auto=webp&amp;s=b91415c06b655e0243f2bc9ed5ff74c8cc6ad0b9', 'width': 480}, 'variants': {}}]}",0,,1650054460,1,"{'oembed': {'author_name': 'AllDigits', 'author_url': 'https://www.youtube.com/channel/UCZ0IqyoipXgRkuaCifDWZgw', 'height': 200, 'html': '&lt;iframe width=""356"" height=""200"" src=""https://www.youtube.com/embed/vWnO_HIkaFE?feature=oembed&amp;enablejsapi=1"" frameborder=""0"" allow=""accelerometer; autoplay; clipboard-write; encrypted-media; gyroscope; picture-in-picture"" allowfullscreen&gt;&lt;/iframe&gt;', 'provider_name': 'YouTube', 'provider_url': 'https://www.youtube.com/', 'thumbnail_height': 360, 'thumbnail_url': 'https://i.ytimg.com/vi/vWnO_HIkaFE/hqdefault.jpg', 'thumbnail_width': 480, 'title': '50 days of #BraveUkraine', 'type': 'video', 'version': '1.0', 'width': 356}, 'type': 'youtube.com'}","{'content': '&lt;iframe width=""356"" height=""200"" src=""https://www.youtube.com/embed/vWnO_HIkaFE?feature=oembed&amp;enablejsapi=1"" frameborder=""0"" allow=""accelerometer; autoplay; clipboard-write; encrypted-media; gyroscope; picture-in-picture"" allowfullscreen&gt;&lt;/iframe&gt;', 'height': 200, 'media_domain_url': 'https://www.redditmedia.com/mediaembed/u4h0jo', 'scrolling': False, 'width': 356}",,True,False,False,UkraineWarReports,t5_5wncl5,53167,public,https://b.thumbs.redditmedia.com/TEe2RfIbqVruCk9B8Bb-1_7KiGeAjOZH1BGbVHNiadM.jpg,105.0,140.0,50 days of #BraveUkraine,0,[],1.0,https://youtu.be/vWnO_HIkaFE,https://youtu.be/vWnO_HIkaFE,no_ads,0,1650025650.0,
[],False,Adast_Adamov,,default,[],,dark,text,t2_njnzu9y,False,False,False,[],False,False,1650054437,self.UkraineWarReports,https://www.reddit.com/r/UkraineWarReports/comments/u4h0dg/finland_responds_to_russian_military_movement_on/,{},u4h0dg,False,True,False,False,False,True,True,False,,[],,,dark,text,False,,,False,True,0,0,False,no_ads,/r/UkraineWarReports/comments/u4h0dg/finland_responds_to_russian_military_movement_on/,False,,,0,,1650054447,1,,,"&amp;#x200B;

*Processing video rhl166dg5rt81...*",True,False,False,UkraineWarReports,t5_5wncl5,53167,public,self,,,Finland responds to Russian military movement on its border,0,[],1.0,https://www.reddit.com/r/UkraineWarReports/comments/u4h0dg/finland_responds_to_russian_military_movement_on/,,no_ads,0,1650025637.0,
[],False,hbgwine,,default,[],,dark,text,t2_3mwtd3j5,False,False,False,[],False,False,1650051438,i.redd.it,https://www.reddit.com/r/UkraineWarReports/comments/u4fy3v/this_is_what_is_left_when_12500_tons_of_russian/,{},u4fy3v,False,False,False,False,True,False,False,False,,[],,,dark,text,False,,,False,True,1,0,False,no_ads,/r/UkraineWarReports/comments/u4fy3v/this_is_what_is_left_when_12500_tons_of_russian/,False,image,"{'enabled': True, 'images': [{'id': 'fImbdSg-V139P4MpDybqJirk8J8qWWoOBDV26vLfkWQ', 'resolutions': [{'height': 216, 'url': 'https://preview.redd.it/e83wdjbkwqt81.jpg?width=108&amp;crop=smart&amp;auto=webp&amp;s=35b1a16ec3ffbffccf7a31124181a391e230f75e', 'width': 108}, {'height': 432, 'url': 'https://preview.redd.it/e83wdjbkwqt81.jpg?width=216&amp;crop=smart&amp;auto=webp&amp;s=d0e7decc0ea178132a725144253dfdcb9b13a34f', 'width': 216}, {'height': 640, 'url': 'https://preview.redd.it/e83wdjbkwqt81.jpg?width=320&amp;crop=smart&amp;auto=webp&amp;s=c2b924f3e020591a3aab2ddae4159c9575ddb7ec', 'width': 320}, {'height': 1280, 'url': 'https://preview.redd.it/e83wdjbkwqt81.jpg?width=640&amp;crop=smart&amp;auto=webp&amp;s=45864a87ef784a07503b2810912ee4efd7b92186', 'width': 640}, {'height': 1920, 'url': 'https://preview.redd.it/e83wdjbkwqt81.jpg?width=960&amp;crop=smart&amp;auto=webp&amp;s=2d72bb8dda2d35a7fa2b182715b7fe4dd9c4f32b', 'width': 960}, {'height': 2160, 'url': 'https://preview.redd.it/e83wdjbkwqt81.jpg?width=1080&amp;crop=smart&amp;auto=webp&amp;s=a3aeab8afb8ea6f80f8c80c05b13b8fde353b66a', 'width': 1080}], 'source': {'height': 2688, 'url': 'https://preview.redd.it/e83wdjbkwqt81.jpg?auto=webp&amp;s=5330ebed9dcb38a2944c63fbe2be9359f644d3ba', 'width': 1242}, 'variants': {}}]}",0,reddit,1650051449,1,,,,True,False,False,UkraineWarReports,t5_5wncl5,53156,public,https://b.thumbs.redditmedia.com/gtqlaqxcbXAUJC6lE0lID1P3HlBp0E5pkKzz9IYy1lI.jpg,140.0,140.0,"This is what is left when 12,500 tons of Russian steel meets two 1,920 pound packages delivered from Ukraine at subsonic speed.",0,[],1.0,https://i.redd.it/e83wdjbkwqt81.jpg,https://i.redd.it/e83wdjbkwqt81.jpg,no_ads,0,1650022638.0,
[],False,Key-Breakfast-1023,,default,[],,dark,text,t2_jnlu3smg,False,False,False,[],False,False,1650050328,youtu.be,https://www.reddit.com/r/UkraineWarReports/comments/u4fkbm/watch_how_different_countries_treat_russia_shorts/,{},u4fkbm,False,False,False,False,False,False,False,False,#0079d3,[],3107029a-9593-11ec-99b2-96043af7b916,Video üé•,light,text,False,"{'oembed': {'author_name': 'World Data Shorts', 'author_url': 'https://www.youtube.com/channel/UCi5-CZ36ZvcbXq8EzDi2QOg', 'height': 200, 'html': '&lt;iframe width=""356"" height=""200"" src=""https://www.youtube.com/embed/_y7QfPDr4fA?feature=oembed&amp;enablejsapi=1"" frameborder=""0"" allow=""accelerometer; autoplay; clipboard-write; encrypted-media; gyroscope; picture-in-picture"" allowfullscreen&gt;&lt;/iframe&gt;', 'provider_name': 'YouTube', 'provider_url': 'https://www.youtube.com/', 'thumbnail_height': 360, 'thumbnail_url': 'https://i.ytimg.com/vi/_y7QfPDr4fA/hqdefault.jpg', 'thumbnail_width': 480, 'title': 'How Different countries treat RUSSIA #shorts', 'type': 'video', 'version': '1.0', 'width': 356}, 'type': 'youtube.com'}","{'content': '&lt;iframe width=""356"" height=""200"" src=""https://www.youtube.com/embed/_y7QfPDr4fA?feature=oembed&amp;enablejsapi=1"" frameborder=""0"" allow=""accelerometer; autoplay; clipboard-write; encrypted-media; gyroscope; picture-in-picture"" allowfullscreen&gt;&lt;/iframe&gt;', 'height': 200, 'scrolling': False, 'width': 356}",False,True,1,0,False,no_ads,/r/UkraineWarReports/comments/u4fkbm/watch_how_different_countries_treat_russia_shorts/,False,rich:video,"{'enabled': False, 'images': [{'id': 'WI_fIy7NgwjUs4E1mIIH2dGac94H9FGx_DMUHqaz11A', 'resolutions': [{'height': 81, 'url': 'https://external-preview.redd.it/dgywUNkaBa1gQ2CevJCpdKKYRFS0quPbv_QdlAHBcbk.jpg?width=108&amp;crop=smart&amp;auto=webp&amp;s=0920e7b117620ecb00720c14912eac2022aa3119', 'width': 108}, {'height': 162, 'url': 'https://external-preview.redd.it/dgywUNkaBa1gQ2CevJCpdKKYRFS0quPbv_QdlAHBcbk.jpg?width=216&amp;crop=smart&amp;auto=webp&amp;s=ad266a0220c094794b2f814b407a669158edbc2b', 'width': 216}, {'height': 240, 'url': 'https://external-preview.redd.it/dgywUNkaBa1gQ2CevJCpdKKYRFS0quPbv_QdlAHBcbk.jpg?width=320&amp;crop=smart&amp;auto=webp&amp;s=010a0d27b30b1d1caaebf8d7bd417732c681b676', 'width': 320}], 'source': {'height': 360, 'url': 'https://external-preview.redd.it/dgywUNkaBa1gQ2CevJCpdKKYRFS0quPbv_QdlAHBcbk.jpg?auto=webp&amp;s=f1f530c79d1d9f6b349719c489534c97a1873126', 'width': 480}, 'variants': {}}]}",0,reddit,1650050338,1,"{'oembed': {'author_name': 'World Data Shorts', 'author_url': 'https://www.youtube.com/channel/UCi5-CZ36ZvcbXq8EzDi2QOg', 'height': 200, 'html': '&lt;iframe width=""356"" height=""200"" src=""https://www.youtube.com/embed/_y7QfPDr4fA?feature=oembed&amp;enablejsapi=1"" frameborder=""0"" allow=""accelerometer; autoplay; clipboard-write; encrypted-media; gyroscope; picture-in-picture"" allowfullscreen&gt;&lt;/iframe&gt;', 'provider_name': 'YouTube', 'provider_url': 'https://www.youtube.com/', 'thumbnail_height': 360, 'thumbnail_url': 'https://i.ytimg.com/vi/_y7QfPDr4fA/hqdefault.jpg', 'thumbnail_width': 480, 'title': 'How Different countries treat RUSSIA #shorts', 'type': 'video', 'version': '1.0', 'width': 356}, 'type': 'youtube.com'}","{'content': '&lt;iframe width=""356"" height=""200"" src=""https://www.youtube.com/embed/_y7QfPDr4fA?feature=oembed&amp;enablejsapi=1"" frameborder=""0"" allow=""accelerometer; autoplay; clipboard-write; encrypted-media; gyroscope; picture-in-picture"" allowfullscreen&gt;&lt;/iframe&gt;', 'height': 200, 'media_domain_url': 'https://www.redditmedia.com/mediaembed/u4fkbm', 'scrolling': False, 'width': 356}",,True,False,False,UkraineWarReports,t5_5wncl5,53155,public,https://b.thumbs.redditmedia.com/alXd_AoEkOYKoM-gOwyt8Vp_v8QjQE0jWIQscNrt45U.jpg,105.0,140.0,"Watch ""How Different countries treat RUSSIA #shorts"" on YouTube",0,[],1.0,https://youtu.be/_y7QfPDr4fA,https://youtu.be/_y7QfPDr4fA,no_ads,0,1650021528.0,
[],False,Arty_beaver,,default,[],,dark,text,t2_lotnvfai,False,False,False,[],False,False,1650050106,i.redd.it,https://www.reddit.com/r/UkraineWarReports/comments/u4fhm3/nice_infographic_ukraines_trophies_for_april_15/,{},u4fhm3,False,False,False,False,True,False,False,False,,[],,,dark,text,False,,,False,True,1,0,False,no_ads,/r/UkraineWarReports/comments/u4fhm3/nice_infographic_ukraines_trophies_for_april_15/,False,image,"{'enabled': True, 'images': [{'id': 'WVTmIbgamzuDzn3JBYBLVPln0jslQUu1hCwpRIqR4dI', 'resolutions': [{'height': 178, 'url': 'https://preview.redd.it/99vxs9xlsqt81.jpg?width=108&amp;crop=smart&amp;auto=webp&amp;s=34a580d3c543e4d5094c216427aa27ea8fe832f6', 'width': 108}, {'height': 356, 'url': 'https://preview.redd.it/99vxs9xlsqt81.jpg?width=216&amp;crop=smart&amp;auto=webp&amp;s=3171cbf6638621d23427d122ddf11b494c8591fc', 'width': 216}, {'height': 527, 'url': 'https://preview.redd.it/99vxs9xlsqt81.jpg?width=320&amp;crop=smart&amp;auto=webp&amp;s=08c807b20c5d623dbe115909896d61c30064c49e', 'width': 320}, {'height': 1055, 'url': 'https://preview.redd.it/99vxs9xlsqt81.jpg?width=640&amp;crop=smart&amp;auto=webp&amp;s=5b25c192a933837571690bf63bde09c8380ef6a8', 'width': 640}, {'height': 1583, 'url': 'https://preview.redd.it/99vxs9xlsqt81.jpg?width=960&amp;crop=smart&amp;auto=webp&amp;s=5fad8ac3e7ae642e5bb9422831b9f4b4aae212a0', 'width': 960}, {'height': 1781, 'url': 'https://preview.redd.it/99vxs9xlsqt81.jpg?width=1080&amp;crop=smart&amp;auto=webp&amp;s=15ff8584767404c38081214a2c4231f0d0bb5883', 'width': 1080}], 'source': {'height': 1781, 'url': 'https://preview.redd.it/99vxs9xlsqt81.jpg?auto=webp&amp;s=2ffb83b1bafd32ef1500b5c1379630543155de1d', 'width': 1080}, 'variants': {}}]}",0,reddit,1650050117,1,,,,True,False,False,UkraineWarReports,t5_5wncl5,53155,public,https://b.thumbs.redditmedia.com/KkvO13UMwHcsBHViWa0zzzK6G8Kkf4IHl6b7xXffC_E.jpg,140.0,140.0,"Nice infographic, Ukraine's trophies for April 15.",0,[],1.0,https://i.redd.it/99vxs9xlsqt81.jpg,https://i.redd.it/99vxs9xlsqt81.jpg,no_ads,0,1650021306.0,
[],False,Omeganian,,default,[],,dark,text,t2_1k3os0ri,False,False,False,[],False,False,1650048761,self.UkraineWarReports,https://www.reddit.com/r/UkraineWarReports/comments/u4ezww/saw_this_little_article_about_parallels_between/,{},u4ezww,False,True,False,False,False,True,True,False,#ffd635,[],fb586214-9593-11ec-afc5-4a23e411e665,Discussion,dark,text,False,,,False,False,1,0,False,no_ads,/r/UkraineWarReports/comments/u4ezww/saw_this_little_article_about_parallels_between/,False,self,"{'enabled': False, 'images': [{'id': 'XqSdDtlndead-FyZfIV_a0mP632iiMTwkvOg77eJ8po', 'resolutions': [{'height': 60, 'url': 'https://external-preview.redd.it/bNhdW4U3YImUUFxBZLL9kf_QoaBJVkiljaYU2cUkWvs.jpg?width=108&amp;crop=smart&amp;auto=webp&amp;s=25bcb5dca79fd1ce796bb8dd99fd7b3917bcc147', 'width': 108}, {'height': 121, 'url': 'https://external-preview.redd.it/bNhdW4U3YImUUFxBZLL9kf_QoaBJVkiljaYU2cUkWvs.jpg?width=216&amp;crop=smart&amp;auto=webp&amp;s=73c497c34d6acb9da888cf914017eeb85b2c7d85', 'width': 216}, {'height': 180, 'url': 'https://external-preview.redd.it/bNhdW4U3YImUUFxBZLL9kf_QoaBJVkiljaYU2cUkWvs.jpg?width=320&amp;crop=smart&amp;auto=webp&amp;s=43eac10dd110862550522cc138adf7ee4171405d', 'width': 320}], 'source': {'height': 225, 'url': 'https://external-preview.redd.it/bNhdW4U3YImUUFxBZLL9kf_QoaBJVkiljaYU2cUkWvs.jpg?auto=webp&amp;s=43ed9811306f196c87cb1b1f9f8f9e3950ac966b', 'width': 400}, 'variants': {}}]}",0,,1650048771,1,,,[Did Hober Mallow (aka Isaac Asimov) Predict the Outcome of the Russian Invasion of Ukraine?](https://www.dailykos.com/stories/2022/3/22/2087538/-Did-Hober-Mallow-Predict-the-Outcome-of-the-Russian-Invasion-of-Ukraine),True,False,False,UkraineWarReports,t5_5wncl5,53153,public,self,,,Saw this little article about parallels between Asimov's books and the current situation.,0,[],1.0,https://www.reddit.com/r/UkraineWarReports/comments/u4ezww/saw_this_little_article_about_parallels_between/,,no_ads,0,1650019961.0,
[],False,Shitmouth99,,default,[],,dark,text,t2_9tknxhki,False,False,False,[],False,False,1650048666,youtu.be,https://www.reddit.com/r/UkraineWarReports/comments/u4eytd/ukraine_russia_war_combat_footage_compilation_4/,{},u4eytd,False,False,False,False,False,False,False,False,,[],,,dark,text,False,"{'oembed': {'author_name': 'WarPig', 'author_url': 'https://www.youtube.com/channel/UCjQZtvQFBeKEGSq95GJ6Wow', 'height': 200, 'html': '&lt;iframe width=""356"" height=""200"" src=""https://www.youtube.com/embed/JxXv_9orIZ8?feature=oembed&amp;enablejsapi=1"" frameborder=""0"" allow=""accelerometer; autoplay; clipboard-write; encrypted-media; gyroscope; picture-in-picture"" allowfullscreen&gt;&lt;/iframe&gt;', 'provider_name': 'YouTube', 'provider_url': 'https://www.youtube.com/', 'thumbnail_height': 360, 'thumbnail_url': 'https://i.ytimg.com/vi/JxXv_9orIZ8/hqdefault.jpg', 'thumbnail_width': 480, 'title': 'Ukraine Russia War Combat Footage 4', 'type': 'video', 'version': '1.0', 'width': 356}, 'type': 'youtube.com'}","{'content': '&lt;iframe width=""356"" height=""200"" src=""https://www.youtube.com/embed/JxXv_9orIZ8?feature=oembed&amp;enablejsapi=1"" frameborder=""0"" allow=""accelerometer; autoplay; clipboard-write; encrypted-media; gyroscope; picture-in-picture"" allowfullscreen&gt;&lt;/iframe&gt;', 'height': 200, 'scrolling': False, 'width': 356}",False,True,1,0,False,no_ads,/r/UkraineWarReports/comments/u4eytd/ukraine_russia_war_combat_footage_compilation_4/,False,rich:video,"{'enabled': False, 'images': [{'id': 'HmrNaG92EYUIzNrY3nya-eaa31N2_XKXOqFZOrmhoLU', 'resolutions': [{'height': 81, 'url': 'https://external-preview.redd.it/JLsB6p6Qy9fngTVGphVlwtvmw23F-_MR7_57rT_L72U.jpg?width=108&amp;crop=smart&amp;auto=webp&amp;s=0d52cb1da3a9e1f33ac11536b022a796645491cf', 'width': 108}, {'height': 162, 'url': 'https://external-preview.redd.it/JLsB6p6Qy9fngTVGphVlwtvmw23F-_MR7_57rT_L72U.jpg?width=216&amp;crop=smart&amp;auto=webp&amp;s=5775318d723072c4612f603f9eb95ac6031ea7a2', 'width': 216}, {'height': 240, 'url': 'https://external-preview.redd.it/JLsB6p6Qy9fngTVGphVlwtvmw23F-_MR7_57rT_L72U.jpg?width=320&amp;crop=smart&amp;auto=webp&amp;s=965bb58b26f7335b38e75abf3443ec8f08ed2d09', 'width': 320}], 'source': {'height': 360, 'url': 'https://external-preview.redd.it/JLsB6p6Qy9fngTVGphVlwtvmw23F-_MR7_57rT_L72U.jpg?auto=webp&amp;s=d6f102ea26574dfa7264d9f1ada1d2dafa7497e3', 'width': 480}, 'variants': {}}]}",0,reddit,1650048676,1,"{'oembed': {'author_name': 'WarPig', 'author_url': 'https://www.youtube.com/channel/UCjQZtvQFBeKEGSq95GJ6Wow', 'height': 200, 'html': '&lt;iframe width=""356"" height=""200"" src=""https://www.youtube.com/embed/JxXv_9orIZ8?feature=oembed&amp;enablejsapi=1"" frameborder=""0"" allow=""accelerometer; autoplay; clipboard-write; encrypted-media; gyroscope; picture-in-picture"" allowfullscreen&gt;&lt;/iframe&gt;', 'provider_name': 'YouTube', 'provider_url': 'https://www.youtube.com/', 'thumbnail_height': 360, 'thumbnail_url': 'https://i.ytimg.com/vi/JxXv_9orIZ8/hqdefault.jpg', 'thumbnail_width': 480, 'title': 'Ukraine Russia War Combat Footage 4', 'type': 'video', 'version': '1.0', 'width': 356}, 'type': 'youtube.com'}","{'content': '&lt;iframe width=""356"" height=""200"" src=""https://www.youtube.com/embed/JxXv_9orIZ8?feature=oembed&amp;enablejsapi=1"" frameborder=""0"" allow=""accelerometer; autoplay; clipboard-write; encrypted-media; gyroscope; picture-in-picture"" allowfullscreen&gt;&lt;/iframe&gt;', 'height': 200, 'media_domain_url': 'https://www.redditmedia.com/mediaembed/u4eytd', 'scrolling': False, 'width': 356}",,True,False,False,UkraineWarReports,t5_5wncl5,53153,public,https://a.thumbs.redditmedia.com/hkOSmnch2AYElLvswFxMjFfP002ebBJKF5iVMV0L3U8.jpg,105.0,140.0,Ukraine Russia War Combat Footage Compilation 4,0,[],1.0,https://youtu.be/JxXv_9orIZ8,https://youtu.be/JxXv_9orIZ8,no_ads,0,1650019866.0,
[],False,kazuzumo,,default,[],,dark,text,t2_l72rv3et,False,False,True,[],False,False,1650047003,youtube.com,https://www.reddit.com/r/UkraineWarReports/comments/u4edn8/czech_instructorwho_came_to_join_the_foreign/,{},u4edn8,False,True,False,False,False,True,False,False,,[],,,dark,text,False,"{'oembed': {'author_name': '–î–æ–±—Ä–µ –ú—ñ—Å—Ç–æ', 'author_url': 'https://www.youtube.com/channel/UCOhFKf-sZlMn-sOkGuqcKgg', 'height': 200, 'html': '&lt;iframe width=""356"" height=""200"" src=""https://www.youtube.com/embed/NGYAAoGG86E?feature=oembed&amp;enablejsapi=1"" frameborder=""0"" allow=""accelerometer; autoplay; clipboard-write; encrypted-media; gyroscope; picture-in-picture"" allowfullscreen&gt;&lt;/iframe&gt;', 'provider_name': 'YouTube', 'provider_url': 'https://www.youtube.com/', 'thumbnail_height': 360, 'thumbnail_url': 'https://i.ytimg.com/vi/NGYAAoGG86E/hqdefault.jpg', 'thumbnail_width': 480, 'title': 'Czech instructor,who came to join the foreign legion,to fight against genocide from Russian troops', 'type': 'video', 'version': '1.0', 'width': 356}, 'type': 'youtube.com'}","{'content': '&lt;iframe width=""356"" height=""200"" src=""https://www.youtube.com/embed/NGYAAoGG86E?feature=oembed&amp;enablejsapi=1"" frameborder=""0"" allow=""accelerometer; autoplay; clipboard-write; encrypted-media; gyroscope; picture-in-picture"" allowfullscreen&gt;&lt;/iframe&gt;', 'height': 200, 'scrolling': False, 'width': 356}",False,True,1,0,False,no_ads,/r/UkraineWarReports/comments/u4edn8/czech_instructorwho_came_to_join_the_foreign/,False,rich:video,"{'enabled': False, 'images': [{'id': 'gsI5kN4pd4qYznbsluVfNORE2sCVv-fGgOCFkQFVEHM', 'resolutions': [{'height': 81, 'url': 'https://external-preview.redd.it/sxy_-NuGzc5v0alWMnhwOr4U_3P3fWhyQa-I3ofSNrQ.jpg?width=108&amp;crop=smart&amp;auto=webp&amp;s=ce95f082ae31be5344e64f80ca2d56e35f99d031', 'width': 108}, {'height': 162, 'url': 'https://external-preview.redd.it/sxy_-NuGzc5v0alWMnhwOr4U_3P3fWhyQa-I3ofSNrQ.jpg?width=216&amp;crop=smart&amp;auto=webp&amp;s=b2c06e75aaabd9fe93a6a8189df30157ab60bfcc', 'width': 216}, {'height': 240, 'url': 'https://external-preview.redd.it/sxy_-NuGzc5v0alWMnhwOr4U_3P3fWhyQa-I3ofSNrQ.jpg?width=320&amp;crop=smart&amp;auto=webp&amp;s=2fffec322ea1bfa09a8c56ea734b33958d7e716e', 'width': 320}], 'source': {'height': 360, 'url': 'https://external-preview.redd.it/sxy_-NuGzc5v0alWMnhwOr4U_3P3fWhyQa-I3ofSNrQ.jpg?auto=webp&amp;s=f1c3eddc71fe0f9d986519ed4c7bc15b3b076ac4', 'width': 480}, 'variants': {}}]}",0,,1650047014,1,"{'oembed': {'author_name': '–î–æ–±—Ä–µ –ú—ñ—Å—Ç–æ', 'author_url': 'https://www.youtube.com/channel/UCOhFKf-sZlMn-sOkGuqcKgg', 'height': 200, 'html': '&lt;iframe width=""356"" height=""200"" src=""https://www.youtube.com/embed/NGYAAoGG86E?feature=oembed&amp;enablejsapi=1"" frameborder=""0"" allow=""accelerometer; autoplay; clipboard-write; encrypted-media; gyroscope; picture-in-picture"" allowfullscreen&gt;&lt;/iframe&gt;', 'provider_name': 'YouTube', 'provider_url': 'https://www.youtube.com/', 'thumbnail_height': 360, 'thumbnail_url': 'https://i.ytimg.com/vi/NGYAAoGG86E/hqdefault.jpg', 'thumbnail_width': 480, 'title': 'Czech instructor,who came to join the foreign legion,to fight against genocide from Russian troops', 'type': 'video', 'version': '1.0', 'width': 356}, 'type': 'youtube.com'}","{'content': '&lt;iframe width=""356"" height=""200"" src=""https://www.youtube.com/embed/NGYAAoGG86E?feature=oembed&amp;enablejsapi=1"" frameborder=""0"" allow=""accelerometer; autoplay; clipboard-write; encrypted-media; gyroscope; picture-in-picture"" allowfullscreen&gt;&lt;/iframe&gt;', 'height': 200, 'media_domain_url': 'https://www.redditmedia.com/mediaembed/u4edn8', 'scrolling': False, 'width': 356}",,True,False,False,UkraineWarReports,t5_5wncl5,53149,public,https://a.thumbs.redditmedia.com/4S6MsXwZ2RAqHNMzBdz7PwfApkeGYKhEY-oEU2T08z8.jpg,105.0,140.0,"Czech instructor,who came to join the foreign legion,to fight against genocide from Russian troops",0,[],1.0,https://www.youtube.com/watch?v=NGYAAoGG86E,https://www.youtube.com/watch?v=NGYAAoGG86E,no_ads,0,1650018203.0,
[],False,knowledge_truth,,default,[],,dark,text,t2_bimjfhgn,False,False,False,[],False,False,1650046237,youtube.com,https://www.reddit.com/r/UkraineWarReports/comments/u4e3lq/the_ukrainian_border_guards_hit_a_russian_vehicle/,{},u4e3lq,False,False,False,False,False,False,False,False,#46d160,[],d2a573dc-973e-11ec-a470-72cf41f19d3e,Confirmed,dark,text,False,"{'oembed': {'author_name': 'News 247', 'author_url': 'https://www.youtube.com/channel/UCjEyGaPUMqIPnDDj90gnQ-w', 'height': 200, 'html': '&lt;iframe width=""356"" height=""200"" src=""https://www.youtube.com/embed/wM6ZpEgQO6Y?feature=oembed&amp;enablejsapi=1"" frameborder=""0"" allow=""accelerometer; autoplay; clipboard-write; encrypted-media; gyroscope; picture-in-picture"" allowfullscreen&gt;&lt;/iframe&gt;', 'provider_name': 'YouTube', 'provider_url': 'https://www.youtube.com/', 'thumbnail_height': 360, 'thumbnail_url': 'https://i.ytimg.com/vi/wM6ZpEgQO6Y/hqdefault.jpg', 'thumbnail_width': 480, 'title': 'The Ukrainian Border Guards Hit A Russian Vehicle (Possibly a BTR variant) Destroying It.- News 247', 'type': 'video', 'version': '1.0', 'width': 356}, 'type': 'youtube.com'}","{'content': '&lt;iframe width=""356"" height=""200"" src=""https://www.youtube.com/embed/wM6ZpEgQO6Y?feature=oembed&amp;enablejsapi=1"" frameborder=""0"" allow=""accelerometer; autoplay; clipboard-write; encrypted-media; gyroscope; picture-in-picture"" allowfullscreen&gt;&lt;/iframe&gt;', 'height': 200, 'scrolling': False, 'width': 356}",False,True,1,0,False,no_ads,/r/UkraineWarReports/comments/u4e3lq/the_ukrainian_border_guards_hit_a_russian_vehicle/,False,rich:video,"{'enabled': False, 'images': [{'id': 'kGRB7nPhMcBTtVBbp7qv82iV8wteYZWybdSpAUDF8mU', 'resolutions': [{'height': 81, 'url': 'https://external-preview.redd.it/KT9lAE5ITpf-2gDSYbrUmodPWW0ilzX_kGczJ1--FKY.jpg?width=108&amp;crop=smart&amp;auto=webp&amp;s=3fcb6ee51fc19439f119f2caf04b6a122cea1c2f', 'width': 108}, {'height': 162, 'url': 'https://external-preview.redd.it/KT9lAE5ITpf-2gDSYbrUmodPWW0ilzX_kGczJ1--FKY.jpg?width=216&amp;crop=smart&amp;auto=webp&amp;s=6d5d466446fc44d359d03acfa2b5a014a7c3aea8', 'width': 216}, {'height': 240, 'url': 'https://external-preview.redd.it/KT9lAE5ITpf-2gDSYbrUmodPWW0ilzX_kGczJ1--FKY.jpg?width=320&amp;crop=smart&amp;auto=webp&amp;s=dc1a9e4ebbdb763c97f8ae3737d34762439e8ec5', 'width': 320}], 'source': {'height': 360, 'url': 'https://external-preview.redd.it/KT9lAE5ITpf-2gDSYbrUmodPWW0ilzX_kGczJ1--FKY.jpg?auto=webp&amp;s=37c95bf6dac88f79e88216cd4901bb111065da99', 'width': 480}, 'variants': {}}]}",0,reddit,1650046247,1,"{'oembed': {'author_name': 'News 247', 'author_url': 'https://www.youtube.com/channel/UCjEyGaPUMqIPnDDj90gnQ-w', 'height': 200, 'html': '&lt;iframe width=""356"" height=""200"" src=""https://www.youtube.com/embed/wM6ZpEgQO6Y?feature=oembed&amp;enablejsapi=1"" frameborder=""0"" allow=""accelerometer; autoplay; clipboard-write; encrypted-media; gyroscope; picture-in-picture"" allowfullscreen&gt;&lt;/iframe&gt;', 'provider_name': 'YouTube', 'provider_url': 'https://www.youtube.com/', 'thumbnail_height': 360, 'thumbnail_url': 'https://i.ytimg.com/vi/wM6ZpEgQO6Y/hqdefault.jpg', 'thumbnail_width': 480, 'title': 'The Ukrainian Border Guards Hit A Russian Vehicle (Possibly a BTR variant) Destroying It.- News 247', 'type': 'video', 'version': '1.0', 'width': 356}, 'type': 'youtube.com'}","{'content': '&lt;iframe width=""356"" height=""200"" src=""https://www.youtube.com/embed/wM6ZpEgQO6Y?feature=oembed&amp;enablejsapi=1"" frameborder=""0"" allow=""accelerometer; autoplay; clipboard-write; encrypted-media; gyroscope; picture-in-picture"" allowfullscreen&gt;&lt;/iframe&gt;', 'height': 200, 'media_domain_url': 'https://www.redditmedia.com/mediaembed/u4e3lq', 'scrolling': False, 'width': 356}",,False,False,False,UkraineWarReports,t5_5wncl5,53147,public,https://b.thumbs.redditmedia.com/l5vUILKf0qKGqQx-sK-EDbetuSxjiF5zE4sBdJT49HE.jpg,105.0,140.0,The Ukrainian Border Guards Hit A Russian Vehicle (Possibly a BTR varian...,0,[],1.0,https://youtube.com/watch?v=wM6ZpEgQO6Y&amp;feature=share,https://youtube.com/watch?v=wM6ZpEgQO6Y&amp;feature=share,no_ads,0,1650017437.0,
[],False,Adast_Adamov,,default,[],,dark,text,t2_njnzu9y,False,False,False,[],False,False,1650043592,self.UkraineWarReports,https://www.reddit.com/r/UkraineWarReports/comments/u4d4r8/russian_state_media_is_starting_to_change/,{},u4d4r8,False,True,False,False,False,True,True,False,,[],,,dark,text,False,,,False,False,1,0,False,no_ads,/r/UkraineWarReports/comments/u4d4r8/russian_state_media_is_starting_to_change/,False,self,"{'enabled': False, 'images': [{'id': 'lgEIGujxmbi4_s1_5cYw72h3YjyjJvZ_FCEy7gZcx7M', 'resolutions': [{'height': 60, 'url': 'https://external-preview.redd.it/RTIJ2YECcgwN4ZB4JnbcEuChHnsHsCa8pXOpN9CaVYk.jpg?width=108&amp;crop=smart&amp;auto=webp&amp;s=0c17974537afa87968c6d0fe8ac37809388fcc2a', 'width': 108}], 'source': {'height': 78, 'url': 'https://external-preview.redd.it/RTIJ2YECcgwN4ZB4JnbcEuChHnsHsCa8pXOpN9CaVYk.jpg?auto=webp&amp;s=31f4a337ee8c5c363275b39ca7c3c124df530982', 'width': 140}, 'variants': {}}]}",0,,1650043603,1,,,[https://twitter.com/JuliaDavisNews/status/1514811357178212362](https://twitter.com/JuliaDavisNews/status/1514811357178212362),True,False,False,UkraineWarReports,t5_5wncl5,53143,public,self,,,Russian state media is starting to change rhetoric. Now they admit that their goal is a genocide.,0,[],1.0,https://www.reddit.com/r/UkraineWarReports/comments/u4d4r8/russian_state_media_is_starting_to_change/,,no_ads,0,1650014792.0,
[],False,Ok_Vegetable3269,,default,[],,dark,text,t2_lc1kyd1c,False,False,False,[],False,False,1650043195,youtu.be,https://www.reddit.com/r/UkraineWarReports/comments/u4czkj/footage_of_ukrainian_r18_drone_destroying_russian/,{},u4czkj,False,True,False,False,False,True,False,False,#373c3f,[],63373420-9a38-11ec-9ff9-e6ab617e17b4,Bombing,light,text,False,"{'oembed': {'author_name': 'FAMA', 'author_url': 'https://www.youtube.com/channel/UCRC6uPqtHJhJA5ofu_9O8Cw', 'height': 200, 'html': '&lt;iframe width=""356"" height=""200"" src=""https://www.youtube.com/embed/RN_sMs83qgI?feature=oembed&amp;enablejsapi=1"" frameborder=""0"" allow=""accelerometer; autoplay; clipboard-write; encrypted-media; gyroscope; picture-in-picture"" allowfullscreen&gt;&lt;/iframe&gt;', 'provider_name': 'YouTube', 'provider_url': 'https://www.youtube.com/', 'thumbnail_height': 360, 'thumbnail_url': 'https://i.ytimg.com/vi/RN_sMs83qgI/hqdefault.jpg', 'thumbnail_width': 480, 'title': 'Ukrainian R18 drones destroy Russian tanks #ukraine #russia #war #r18  #drones', 'type': 'video', 'version': '1.0', 'width': 356}, 'type': 'youtube.com'}","{'content': '&lt;iframe width=""356"" height=""200"" src=""https://www.youtube.com/embed/RN_sMs83qgI?feature=oembed&amp;enablejsapi=1"" frameborder=""0"" allow=""accelerometer; autoplay; clipboard-write; encrypted-media; gyroscope; picture-in-picture"" allowfullscreen&gt;&lt;/iframe&gt;', 'height': 200, 'scrolling': False, 'width': 356}",False,True,1,0,False,no_ads,/r/UkraineWarReports/comments/u4czkj/footage_of_ukrainian_r18_drone_destroying_russian/,False,rich:video,"{'enabled': False, 'images': [{'id': 'uuC9MDIlK-OmW0suXQ5mUBOAtVWKuY4SV5DApms5BSo', 'resolutions': [{'height': 81, 'url': 'https://external-preview.redd.it/8WK8yb7CIDl239FSDK4EDGobhPCNGSlYicaHpMut_k0.jpg?width=108&amp;crop=smart&amp;auto=webp&amp;s=e045b74d871ebdb4bd62f86828ac27e4f8622666', 'width': 108}, {'height': 162, 'url': 'https://external-preview.redd.it/8WK8yb7CIDl239FSDK4EDGobhPCNGSlYicaHpMut_k0.jpg?width=216&amp;crop=smart&amp;auto=webp&amp;s=67d44b80b063df3c2233d4129782085d9389d7b7', 'width': 216}, {'height': 240, 'url': 'https://external-preview.redd.it/8WK8yb7CIDl239FSDK4EDGobhPCNGSlYicaHpMut_k0.jpg?width=320&amp;crop=smart&amp;auto=webp&amp;s=ec3cd55301fb0a7c357ce9b525fc87d6bbaae585', 'width': 320}], 'source': {'height': 360, 'url': 'https://external-preview.redd.it/8WK8yb7CIDl239FSDK4EDGobhPCNGSlYicaHpMut_k0.jpg?auto=webp&amp;s=a8d9914a0f81dd825b6b799ec802ce9aeb19de5f', 'width': 480}, 'variants': {}}]}",0,,1650043206,1,"{'oembed': {'author_name': 'FAMA', 'author_url': 'https://www.youtube.com/channel/UCRC6uPqtHJhJA5ofu_9O8Cw', 'height': 200, 'html': '&lt;iframe width=""356"" height=""200"" src=""https://www.youtube.com/embed/RN_sMs83qgI?feature=oembed&amp;enablejsapi=1"" frameborder=""0"" allow=""accelerometer; autoplay; clipboard-write; encrypted-media; gyroscope; picture-in-picture"" allowfullscreen&gt;&lt;/iframe&gt;', 'provider_name': 'YouTube', 'provider_url': 'https://www.youtube.com/', 'thumbnail_height': 360, 'thumbnail_url': 'https://i.ytimg.com/vi/RN_sMs83qgI/hqdefault.jpg', 'thumbnail_width': 480, 'title': 'Ukrainian R18 drones destroy Russian tanks #ukraine #russia #war #r18  #drones', 'type': 'video', 'version': '1.0', 'width': 356}, 'type': 'youtube.com'}","{'content': '&lt;iframe width=""356"" height=""200"" src=""https://www.youtube.com/embed/RN_sMs83qgI?feature=oembed&amp;enablejsapi=1"" frameborder=""0"" allow=""accelerometer; autoplay; clipboard-write; encrypted-media; gyroscope; picture-in-picture"" allowfullscreen&gt;&lt;/iframe&gt;', 'height': 200, 'media_domain_url': 'https://www.redditmedia.com/mediaembed/u4czkj', 'scrolling': False, 'width': 356}",,True,False,False,UkraineWarReports,t5_5wncl5,53143,public,https://b.thumbs.redditmedia.com/VdtxHyL-Vp0f7tDMD1aabbFeGca6dsUDsbUl0VDmyiI.jpg,105.0,140.0,"Footage of Ukrainian R18 drone destroying Russian tanks, 15 April, location unknown",0,[],1.0,https://youtu.be/RN_sMs83qgI,https://youtu.be/RN_sMs83qgI,no_ads,0,1650014395.0,
[],False,Moneymaker2106,,default,[],,dark,text,t2_kwhdnl5n,False,False,False,[],False,False,1650042680,/r/UkraineWarReports/comments/u4csxj/tyumen_grads_deployed_to_donbass_russian_media/,https://www.reddit.com/r/UkraineWarReports/comments/u4csxj/tyumen_grads_deployed_to_donbass_russian_media/,{},u4csxj,False,True,False,False,False,True,False,True,#0079d3,[],3107029a-9593-11ec-99b2-96043af7b916,Video üé•,light,text,False,,,False,False,0,0,False,no_ads,/r/UkraineWarReports/comments/u4csxj/tyumen_grads_deployed_to_donbass_russian_media/,False,hosted:video,"{'enabled': False, 'images': [{'id': 'sPMu3VtbNkpJtTxZSiGsP2rwaxpTpuL_PXJ0XO3tf5Y', 'resolutions': [{'height': 82, 'url': 'https://external-preview.redd.it/WPnZWhavhkyhJGUeoeN8YsGAPNGca8oThegFHQgjqXY.png?width=108&amp;crop=smart&amp;format=pjpg&amp;auto=webp&amp;s=7781f8664be12ac5eee1487947643f4c581012cc', 'width': 108}, {'height': 164, 'url': 'https://external-preview.redd.it/WPnZWhavhkyhJGUeoeN8YsGAPNGca8oThegFHQgjqXY.png?width=216&amp;crop=smart&amp;format=pjpg&amp;auto=webp&amp;s=21238be98109288298862e4a154015f9b4836b89', 'width': 216}, {'height': 244, 'url': 'https://external-preview.redd.it/WPnZWhavhkyhJGUeoeN8YsGAPNGca8oThegFHQgjqXY.png?width=320&amp;crop=smart&amp;format=pjpg&amp;auto=webp&amp;s=97b7c9132147f42f1a8fa15265dac3261ec45532', 'width': 320}], 'source': {'height': 270, 'url': 'https://external-preview.redd.it/WPnZWhavhkyhJGUeoeN8YsGAPNGca8oThegFHQgjqXY.png?format=pjpg&amp;auto=webp&amp;s=878790a01209603619d48b18f4174efed42553e8', 'width': 354}, 'variants': {}}]}",0,,1650042690,1,,,,True,False,False,UkraineWarReports,t5_5wncl5,53141,public,https://b.thumbs.redditmedia.com/LF9GHe0K-ECoLC-M5MDDJAIsMwHOMVDgfkA8mLzEcoc.jpg,106.0,140.0,"Tyumen, Grads deployed to Donbass - Russian media This amount of equipment suggests that the next stage of the war will be significantly more deadly and destructive.",0,[],1.0,https://v.redd.it/1xye2juh6qt81,https://v.redd.it/1xye2juh6qt81,no_ads,0,1650013880.0,
[],False,Solid_Ad_7578,,default,[],,dark,text,t2_dspmi7yj,False,False,False,[],False,False,1650039964,reddit.com,https://www.reddit.com/r/UkraineWarReports/comments/u4bt96/russia_economy_news/,{},u4bt96,False,False,False,False,False,False,False,False,,[],,,dark,text,False,,,False,True,1,0,False,no_ads,/r/UkraineWarReports/comments/u4bt96/russia_economy_news/,False,,,0,reddit,1650039974,1,,,,True,False,False,UkraineWarReports,t5_5wncl5,53133,public,https://b.thumbs.redditmedia.com/am6uyvTrTuBiew1S8PV41p9BOaIK0RizLr793i5nffA.jpg,140.0,140.0,Russia economy news,0,[],1.0,https://www.reddit.com/gallery/u4bt96,https://www.reddit.com/gallery/u4bt96,no_ads,0,1650011164.0,True
[],False,Long_May_sHe_Reign22,,default,[],,dark,text,t2_jxzucmic,False,False,True,[],False,False,1650039682,i.redd.it,https://www.reddit.com/r/UkraineWarReports/comments/u4bpks/why_russia_acting_like_us_is_the_only_country/,{},u4bpks,False,False,False,False,True,False,False,False,,[],,,dark,text,False,,,False,True,1,0,False,no_ads,/r/UkraineWarReports/comments/u4bpks/why_russia_acting_like_us_is_the_only_country/,False,image,"{'enabled': True, 'images': [{'id': 'E5Pe4ePKakLOINUelswsfq5Qh7L-GOOdQj5IVDZWccg', 'resolutions': [{'height': 117, 'url': 'https://preview.redd.it/w4phdxzlxpt81.jpg?width=108&amp;crop=smart&amp;auto=webp&amp;s=78260957aa12eff8bb09860a25893c23338367dd', 'width': 108}, {'height': 234, 'url': 'https://preview.redd.it/w4phdxzlxpt81.jpg?width=216&amp;crop=smart&amp;auto=webp&amp;s=6b56aec5d0651bc2b3a2c91f89e245b4cc1725d6', 'width': 216}, {'height': 347, 'url': 'https://preview.redd.it/w4phdxzlxpt81.jpg?width=320&amp;crop=smart&amp;auto=webp&amp;s=846add8c2c591986c5e492e9760991eccfabaeea', 'width': 320}, {'height': 694, 'url': 'https://preview.redd.it/w4phdxzlxpt81.jpg?width=640&amp;crop=smart&amp;auto=webp&amp;s=a60e1452ee08a959b0c3ffe09d9b5f90dbc2af7a', 'width': 640}], 'source': {'height': 899, 'url': 'https://preview.redd.it/w4phdxzlxpt81.jpg?auto=webp&amp;s=f316d2e21b4d87725dc841e33c556ec6b3c98d0a', 'width': 828}, 'variants': {}}]}",0,reddit,1650039692,1,,,,False,False,False,UkraineWarReports,t5_5wncl5,53133,public,https://b.thumbs.redditmedia.com/VJzgUojmLaTO33zrsXnYbw_RtuPKr6IJbEKwdg1UHDA.jpg,140.0,140.0,Why Russia acting like U.S. is the ONLY country supplying weapons??,0,[],1.0,https://i.redd.it/w4phdxzlxpt81.jpg,https://i.redd.it/w4phdxzlxpt81.jpg,no_ads,0,1650010882.0,
[],False,CandleWorking310,,default,[],,dark,text,t2_k7b3ggrv,False,False,False,[],False,False,1650038868,mobile.twitter.com,https://www.reddit.com/r/UkraineWarReports/comments/u4bf2i/the_moskva_effect_on_the_kremlin_its_a_great/,{},u4bf2i,False,False,False,False,False,False,False,False,,[],,,dark,text,False,"{'oembed': {'author_name': 'Eugene Wilkie', 'author_url': 'https://twitter.com/ResusCGMedia', 'cache_age': 3153600000, 'height': None, 'html': '&lt;blockquote class=""twitter-video""&gt;&lt;p lang=""en"" dir=""ltr""&gt;Good Morning Putin! üòå &lt;br&gt;The Mosvka Effect on The Kremlin. &lt;a href=""https://t.co/BNX4fM7oLD""&gt;pic.twitter.com/BNX4fM7oLD&lt;/a&gt;&lt;/p&gt;&amp;mdash; Eugene Wilkie (@ResusCGMedia) &lt;a href=""https://twitter.com/ResusCGMedia/status/1514592744756240386?ref_src=twsrc%5Etfw""&gt;April 14, 2022&lt;/a&gt;&lt;/blockquote&gt;\n&lt;script async src=""https://platform.twitter.com/widgets.js"" charset=""utf-8""&gt;&lt;/script&gt;\n', 'provider_name': 'Twitter', 'provider_url': 'https://twitter.com', 'type': 'rich', 'url': 'https://twitter.com/ResusCGMedia/status/1514592744756240386', 'version': '1.0', 'width': 350}, 'type': 'twitter.com'}","{'content': '&lt;blockquote class=""twitter-video""&gt;&lt;p lang=""en"" dir=""ltr""&gt;Good Morning Putin! üòå &lt;br&gt;The Mosvka Effect on The Kremlin. &lt;a href=""https://t.co/BNX4fM7oLD""&gt;pic.twitter.com/BNX4fM7oLD&lt;/a&gt;&lt;/p&gt;&amp;mdash; Eugene Wilkie (@ResusCGMedia) &lt;a href=""https://twitter.com/ResusCGMedia/status/1514592744756240386?ref_src=twsrc%5Etfw""&gt;April 14, 2022&lt;/a&gt;&lt;/blockquote&gt;\n&lt;script async src=""https://platform.twitter.com/widgets.js"" charset=""utf-8""&gt;&lt;/script&gt;\n', 'height': 200, 'scrolling': False, 'width': 350}",False,True,1,0,False,no_ads,/r/UkraineWarReports/comments/u4bf2i/the_moskva_effect_on_the_kremlin_its_a_great/,False,link,"{'enabled': False, 'images': [{'id': 'Lbp9wrsBqnazOokA928692OFEPcbvUY5IzmP3vhaUsc', 'resolutions': [{'height': 216, 'url': 'https://external-preview.redd.it/Y1hn_VXGSee6jcIXO0A_fZJy95AwNX47LB8ui564eFg.jpg?width=108&amp;crop=smart&amp;auto=webp&amp;s=525a8b6286f5ae14c83e532a878d039f41422e17', 'width': 108}, {'height': 432, 'url': 'https://external-preview.redd.it/Y1hn_VXGSee6jcIXO0A_fZJy95AwNX47LB8ui564eFg.jpg?width=216&amp;crop=smart&amp;auto=webp&amp;s=636692726184d2684e4e9eb04941afb0f27efb0c', 'width': 216}, {'height': 640, 'url': 'https://external-preview.redd.it/Y1hn_VXGSee6jcIXO0A_fZJy95AwNX47LB8ui564eFg.jpg?width=320&amp;crop=smart&amp;auto=webp&amp;s=7ebf7a8533dd7dd2790c3e15337c6e7a11913f03', 'width': 320}], 'source': {'height': 690, 'url': 'https://external-preview.redd.it/Y1hn_VXGSee6jcIXO0A_fZJy95AwNX47LB8ui564eFg.jpg?auto=webp&amp;s=394e5d973085cdef0e676938dd7b111901777f47', 'width': 320}, 'variants': {}}]}",0,reddit,1650038879,1,"{'oembed': {'author_name': 'Eugene Wilkie', 'author_url': 'https://twitter.com/ResusCGMedia', 'cache_age': 3153600000, 'height': None, 'html': '&lt;blockquote class=""twitter-video""&gt;&lt;p lang=""en"" dir=""ltr""&gt;Good Morning Putin! üòå &lt;br&gt;The Mosvka Effect on The Kremlin. &lt;a href=""https://t.co/BNX4fM7oLD""&gt;pic.twitter.com/BNX4fM7oLD&lt;/a&gt;&lt;/p&gt;&amp;mdash; Eugene Wilkie (@ResusCGMedia) &lt;a href=""https://twitter.com/ResusCGMedia/status/1514592744756240386?ref_src=twsrc%5Etfw""&gt;April 14, 2022&lt;/a&gt;&lt;/blockquote&gt;\n&lt;script async src=""https://platform.twitter.com/widgets.js"" charset=""utf-8""&gt;&lt;/script&gt;\n', 'provider_name': 'Twitter', 'provider_url': 'https://twitter.com', 'type': 'rich', 'url': 'https://twitter.com/ResusCGMedia/status/1514592744756240386', 'version': '1.0', 'width': 350}, 'type': 'twitter.com'}","{'content': '&lt;blockquote class=""twitter-video""&gt;&lt;p lang=""en"" dir=""ltr""&gt;Good Morning Putin! üòå &lt;br&gt;The Mosvka Effect on The Kremlin. &lt;a href=""https://t.co/BNX4fM7oLD""&gt;pic.twitter.com/BNX4fM7oLD&lt;/a&gt;&lt;/p&gt;&amp;mdash; Eugene Wilkie (@ResusCGMedia) &lt;a href=""https://twitter.com/ResusCGMedia/status/1514592744756240386?ref_src=twsrc%5Etfw""&gt;April 14, 2022&lt;/a&gt;&lt;/blockquote&gt;\n&lt;script async src=""https://platform.twitter.com/widgets.js"" charset=""utf-8""&gt;&lt;/script&gt;\n', 'height': 200, 'media_domain_url': 'https://www.redditmedia.com/mediaembed/u4bf2i', 'scrolling': False, 'width': 350}",,True,False,False,UkraineWarReports,t5_5wncl5,53132,public,https://b.thumbs.redditmedia.com/-PA4IJS2cVmWU5P8QRSWlviGALqzMekUhKLbvvDOgHY.jpg,140.0,140.0,The Moskva Effect on the Kremlin. It‚Äôs a great video clip üòÇ,0,[],1.0,https://mobile.twitter.com/resuscgmedia/status/1514592744756240386,https://mobile.twitter.com/resuscgmedia/status/1514592744756240386,no_ads,0,1650010068.0,
