all_awardings,allow_live_comments,author,author_flair_css_class,author_flair_richtext,author_flair_text,author_flair_type,author_fullname,author_is_blocked,author_patreon_flair,author_premium,awarders,can_mod_post,contest_mode,created_utc,domain,full_link,gildings,id,is_created_from_ads_ui,is_crosspostable,is_meta,is_original_content,is_reddit_media_domain,is_robot_indexable,is_self,is_video,link_flair_background_color,link_flair_richtext,link_flair_text_color,link_flair_type,locked,media_only,no_follow,num_comments,num_crossposts,over_18,parent_whitelist_status,permalink,pinned,post_hint,preview,pwls,removed_by_category,retrieved_on,score,selftext,send_replies,spoiler,stickied,subreddit,subreddit_id,subreddit_subscribers,subreddit_type,thumbnail,title,total_awards_received,treatment_tags,upvote_ratio,url,whitelist_status,wls,created,media,media_embed,secure_media,secure_media_embed,thumbnail_height,thumbnail_width,url_overridden_by_dest,crosspost_parent,crosspost_parent_list
[],False,to_change,,[],,text,t2_1pyv5bw5,False,False,False,[],False,False,1648247107,self.CredibleDefense,https://www.reddit.com/r/CredibleDefense/comments/to3xn3/why_did_okh_halder_and_von_brauchitsch_display/,{},to3xn3,False,False,False,False,False,False,True,False,,[],dark,text,False,False,True,0,0,False,some_ads,/r/CredibleDefense/comments/to3xn3/why_did_okh_halder_and_von_brauchitsch_display/,False,self,"{'enabled': False, 'images': [{'id': 'rki8Lpd2XO-oLYQ57bBj1qP0reJAtKQE6cIwBXqT6xU', 'resolutions': [{'height': 81, 'url': 'https://external-preview.redd.it/V63ts020UtXK3mslpBeegHwRSqg2U5InIj_k6Cd27Kk.jpg?width=108&amp;crop=smart&amp;auto=webp&amp;s=84369dca53207c7610ff7de3e6a180e434a13583', 'width': 108}, {'height': 162, 'url': 'https://external-preview.redd.it/V63ts020UtXK3mslpBeegHwRSqg2U5InIj_k6Cd27Kk.jpg?width=216&amp;crop=smart&amp;auto=webp&amp;s=99955b2b45523bc554938b2321991084dd4be731', 'width': 216}, {'height': 240, 'url': 'https://external-preview.redd.it/V63ts020UtXK3mslpBeegHwRSqg2U5InIj_k6Cd27Kk.jpg?width=320&amp;crop=smart&amp;auto=webp&amp;s=f91b2aa8b609ad51d8fb74aafc9537325f19ca2f', 'width': 320}], 'source': {'height': 360, 'url': 'https://external-preview.redd.it/V63ts020UtXK3mslpBeegHwRSqg2U5InIj_k6Cd27Kk.jpg?auto=webp&amp;s=2a3d1c2f8d67e81fb7fcb953157f6099d47fdd8e', 'width': 480}, 'variants': {}}]}",7,reddit,1648247118,1,[removed],True,False,False,CredibleDefense,t5_2y5ib,52310,public,self,Why did OKH (Halder and von Brauchitsch) display initial hesitation at the Manstein Plan for the invasion of France given that the ideas of Schwerpunkt and Bewegungskrieg were a deep-rooted and accepted part of Wermacht doctrine?,0,[],1.0,https://www.reddit.com/r/CredibleDefense/comments/to3xn3/why_did_okh_halder_and_von_brauchitsch_display/,some_ads,7,1648218307.0,,,,,,,,,
[],False,Real_Carl_Ramirez,,[],,text,t2_3i5pny18,False,False,False,[],False,False,1648216088,self.CredibleDefense,https://www.reddit.com/r/CredibleDefense/comments/tnmbos/how_is_western_weaponry_getting_through_to_the/,{},tnmbos,False,False,False,False,False,False,True,False,,[],dark,text,False,False,True,0,0,False,some_ads,/r/CredibleDefense/comments/tnmbos/how_is_western_weaponry_getting_through_to_the/,False,,,7,reddit,1648216098,1,[removed],True,False,False,CredibleDefense,t5_2y5ib,52255,public,self,How is Western weaponry getting through to the Ukrainian military? And why hasn't Russia simply destroyed the conduits for weapons flowing into Ukraine?,0,[],1.0,https://www.reddit.com/r/CredibleDefense/comments/tnmbos/how_is_western_weaponry_getting_through_to_the/,some_ads,7,1648187288.0,,,,,,,,,
[],False,OkFaithlessness2414,,[],,text,t2_a9aoh1q4,False,False,False,[],False,False,1648212858,youtu.be,https://www.reddit.com/r/CredibleDefense/comments/tnlabm/stuxnet_the_worlds_first_digital_weapon/,{},tnlabm,False,False,False,False,False,False,False,False,,[],dark,text,False,False,True,0,0,False,some_ads,/r/CredibleDefense/comments/tnlabm/stuxnet_the_worlds_first_digital_weapon/,False,rich:video,"{'enabled': False, 'images': [{'id': 'D5mryf12hIvIyN1Yw-GevAEWkLco29VmvnE8L8Xofkc', 'resolutions': [{'height': 81, 'url': 'https://external-preview.redd.it/FQBXgSTTMHOFF5G8sgjYtf5PzSS6TY_kKGSDhuWYoXQ.jpg?width=108&amp;crop=smart&amp;auto=webp&amp;s=c25a10f718e61b176fb61b6acbf80a45b14a0247', 'width': 108}, {'height': 162, 'url': 'https://external-preview.redd.it/FQBXgSTTMHOFF5G8sgjYtf5PzSS6TY_kKGSDhuWYoXQ.jpg?width=216&amp;crop=smart&amp;auto=webp&amp;s=9faad7f1805d83abd86651da0bf41482cb0e7700', 'width': 216}, {'height': 240, 'url': 'https://external-preview.redd.it/FQBXgSTTMHOFF5G8sgjYtf5PzSS6TY_kKGSDhuWYoXQ.jpg?width=320&amp;crop=smart&amp;auto=webp&amp;s=1fc1584b2c068d465bd72fc4758cd17d259742cb', 'width': 320}], 'source': {'height': 360, 'url': 'https://external-preview.redd.it/FQBXgSTTMHOFF5G8sgjYtf5PzSS6TY_kKGSDhuWYoXQ.jpg?auto=webp&amp;s=32f3047e52aa3acea0992cb5e7cf6d8a82b5c865', 'width': 480}, 'variants': {}}]}",7,reddit,1648212868,1,,True,False,False,CredibleDefense,t5_2y5ib,52250,public,image,Stuxnet - The world's first digital weapon,0,[],1.0,https://youtu.be/Np3kXExcHp8,some_ads,7,1648184058.0,"{'oembed': {'author_name': 'Yaniv Hoffman', 'author_url': 'https://www.youtube.com/channel/UCWsdOwuIUInJwyXxI9j_Adw', 'height': 200, 'html': '&lt;iframe width=""356"" height=""200"" src=""https://www.youtube.com/embed/Np3kXExcHp8?feature=oembed&amp;enablejsapi=1"" frameborder=""0"" allow=""accelerometer; autoplay; clipboard-write; encrypted-media; gyroscope; picture-in-picture"" allowfullscreen&gt;&lt;/iframe&gt;', 'provider_name': 'YouTube', 'provider_url': 'https://www.youtube.com/', 'thumbnail_height': 360, 'thumbnail_url': 'https://i.ytimg.com/vi/Np3kXExcHp8/hqdefault.jpg', 'thumbnail_width': 480, 'title': ""Stuxnet worm | The world's first digital weapon"", 'type': 'video', 'version': '1.0', 'width': 356}, 'type': 'youtube.com'}","{'content': '&lt;iframe width=""356"" height=""200"" src=""https://www.youtube.com/embed/Np3kXExcHp8?feature=oembed&amp;enablejsapi=1"" frameborder=""0"" allow=""accelerometer; autoplay; clipboard-write; encrypted-media; gyroscope; picture-in-picture"" allowfullscreen&gt;&lt;/iframe&gt;', 'height': 200, 'scrolling': False, 'width': 356}","{'oembed': {'author_name': 'Yaniv Hoffman', 'author_url': 'https://www.youtube.com/channel/UCWsdOwuIUInJwyXxI9j_Adw', 'height': 200, 'html': '&lt;iframe width=""356"" height=""200"" src=""https://www.youtube.com/embed/Np3kXExcHp8?feature=oembed&amp;enablejsapi=1"" frameborder=""0"" allow=""accelerometer; autoplay; clipboard-write; encrypted-media; gyroscope; picture-in-picture"" allowfullscreen&gt;&lt;/iframe&gt;', 'provider_name': 'YouTube', 'provider_url': 'https://www.youtube.com/', 'thumbnail_height': 360, 'thumbnail_url': 'https://i.ytimg.com/vi/Np3kXExcHp8/hqdefault.jpg', 'thumbnail_width': 480, 'title': ""Stuxnet worm | The world's first digital weapon"", 'type': 'video', 'version': '1.0', 'width': 356}, 'type': 'youtube.com'}","{'content': '&lt;iframe width=""356"" height=""200"" src=""https://www.youtube.com/embed/Np3kXExcHp8?feature=oembed&amp;enablejsapi=1"" frameborder=""0"" allow=""accelerometer; autoplay; clipboard-write; encrypted-media; gyroscope; picture-in-picture"" allowfullscreen&gt;&lt;/iframe&gt;', 'height': 200, 'media_domain_url': 'https://www.redditmedia.com/mediaembed/tnlabm', 'scrolling': False, 'width': 356}",105.0,140.0,https://youtu.be/Np3kXExcHp8,,
[],False,TanktopSamurai,,[],,text,t2_e17sd7z,False,False,False,[],False,False,1648201619,youtu.be,https://www.reddit.com/r/CredibleDefense/comments/tnicqf/all_bling_no_basics_why_ukraine_has_embarrassed/,{},tnicqf,False,False,False,False,False,False,False,False,,[],dark,text,False,False,True,0,0,False,some_ads,/r/CredibleDefense/comments/tnicqf/all_bling_no_basics_why_ukraine_has_embarrassed/,False,rich:video,"{'enabled': False, 'images': [{'id': 'NfPuFbPQbC4r5p51gZ2ksuofiJFwdjT0blG8xkdvEug', 'resolutions': [{'height': 81, 'url': 'https://external-preview.redd.it/uHbUqocYI5PZ7jmxzci8fWhQzWKVDEp2ZqxU64fbMN8.jpg?width=108&amp;crop=smart&amp;auto=webp&amp;s=41f7c7e1f91a3308f3a48ec0e00a3d50232f30a3', 'width': 108}, {'height': 162, 'url': 'https://external-preview.redd.it/uHbUqocYI5PZ7jmxzci8fWhQzWKVDEp2ZqxU64fbMN8.jpg?width=216&amp;crop=smart&amp;auto=webp&amp;s=1f2a6136134b1974427d914e63ecd4ba590ce9d5', 'width': 216}, {'height': 240, 'url': 'https://external-preview.redd.it/uHbUqocYI5PZ7jmxzci8fWhQzWKVDEp2ZqxU64fbMN8.jpg?width=320&amp;crop=smart&amp;auto=webp&amp;s=da362f53cac23cb4b4847a6444f8dc2db7e75b39', 'width': 320}], 'source': {'height': 360, 'url': 'https://external-preview.redd.it/uHbUqocYI5PZ7jmxzci8fWhQzWKVDEp2ZqxU64fbMN8.jpg?auto=webp&amp;s=f5cefc6953856fa9d430b484c8d6cddfd77ddf56', 'width': 480}, 'variants': {}}]}",7,reddit,1648201629,1,,True,False,False,CredibleDefense,t5_2y5ib,52235,public,image,"All Bling, no Basics - Why Ukraine has embarrassed the Russian Military",0,[],1.0,https://youtu.be/KJkmcNjh_bg,some_ads,7,1648172819.0,"{'oembed': {'author_name': 'Perun', 'author_url': 'https://www.youtube.com/channel/UCC3ehuUksTyQ7bbjGntmx3Q', 'height': 200, 'html': '&lt;iframe width=""356"" height=""200"" src=""https://www.youtube.com/embed/KJkmcNjh_bg?feature=oembed&amp;enablejsapi=1"" frameborder=""0"" allow=""accelerometer; autoplay; clipboard-write; encrypted-media; gyroscope; picture-in-picture"" allowfullscreen&gt;&lt;/iframe&gt;', 'provider_name': 'YouTube', 'provider_url': 'https://www.youtube.com/', 'thumbnail_height': 360, 'thumbnail_url': 'https://i.ytimg.com/vi/KJkmcNjh_bg/hqdefault.jpg', 'thumbnail_width': 480, 'title': 'All Bling, no Basics - Why Ukraine has embarrassed the Russian Military', 'type': 'video', 'version': '1.0', 'width': 356}, 'type': 'youtube.com'}","{'content': '&lt;iframe width=""356"" height=""200"" src=""https://www.youtube.com/embed/KJkmcNjh_bg?feature=oembed&amp;enablejsapi=1"" frameborder=""0"" allow=""accelerometer; autoplay; clipboard-write; encrypted-media; gyroscope; picture-in-picture"" allowfullscreen&gt;&lt;/iframe&gt;', 'height': 200, 'scrolling': False, 'width': 356}","{'oembed': {'author_name': 'Perun', 'author_url': 'https://www.youtube.com/channel/UCC3ehuUksTyQ7bbjGntmx3Q', 'height': 200, 'html': '&lt;iframe width=""356"" height=""200"" src=""https://www.youtube.com/embed/KJkmcNjh_bg?feature=oembed&amp;enablejsapi=1"" frameborder=""0"" allow=""accelerometer; autoplay; clipboard-write; encrypted-media; gyroscope; picture-in-picture"" allowfullscreen&gt;&lt;/iframe&gt;', 'provider_name': 'YouTube', 'provider_url': 'https://www.youtube.com/', 'thumbnail_height': 360, 'thumbnail_url': 'https://i.ytimg.com/vi/KJkmcNjh_bg/hqdefault.jpg', 'thumbnail_width': 480, 'title': 'All Bling, no Basics - Why Ukraine has embarrassed the Russian Military', 'type': 'video', 'version': '1.0', 'width': 356}, 'type': 'youtube.com'}","{'content': '&lt;iframe width=""356"" height=""200"" src=""https://www.youtube.com/embed/KJkmcNjh_bg?feature=oembed&amp;enablejsapi=1"" frameborder=""0"" allow=""accelerometer; autoplay; clipboard-write; encrypted-media; gyroscope; picture-in-picture"" allowfullscreen&gt;&lt;/iframe&gt;', 'height': 200, 'media_domain_url': 'https://www.redditmedia.com/mediaembed/tnicqf', 'scrolling': False, 'width': 356}",105.0,140.0,https://youtu.be/KJkmcNjh_bg,,
[],False,bleepblopbloopy,,[],,text,t2_4lu6l,False,False,True,[],False,False,1648185723,mwi.usma.edu,https://www.reddit.com/r/CredibleDefense/comments/tneup1/dont_underestimate_the_bearrussia_is_one_of_the/,{},tneup1,False,True,False,False,False,True,False,False,,[],dark,text,False,False,True,0,0,False,some_ads,/r/CredibleDefense/comments/tneup1/dont_underestimate_the_bearrussia_is_one_of_the/,False,link,"{'enabled': False, 'images': [{'id': '8DXliXyAn0gOWI_c8DMibt36_ADhlFdUGqm6B8hQVCw', 'resolutions': [{'height': 64, 'url': 'https://external-preview.redd.it/5C2pxFFtKrf1tF3Db0m5UqY6hhRJXPNyLNwDqP39EwI.jpg?width=108&amp;crop=smart&amp;auto=webp&amp;s=3d2210edecdd97020f76b3412fdeb1d1cb2f8944', 'width': 108}, {'height': 129, 'url': 'https://external-preview.redd.it/5C2pxFFtKrf1tF3Db0m5UqY6hhRJXPNyLNwDqP39EwI.jpg?width=216&amp;crop=smart&amp;auto=webp&amp;s=93dd352cfcddcd293babab8217a107a4deda90e8', 'width': 216}, {'height': 192, 'url': 'https://external-preview.redd.it/5C2pxFFtKrf1tF3Db0m5UqY6hhRJXPNyLNwDqP39EwI.jpg?width=320&amp;crop=smart&amp;auto=webp&amp;s=a7185c067c3bba723bc2596f4036713acd7e195c', 'width': 320}, {'height': 384, 'url': 'https://external-preview.redd.it/5C2pxFFtKrf1tF3Db0m5UqY6hhRJXPNyLNwDqP39EwI.jpg?width=640&amp;crop=smart&amp;auto=webp&amp;s=36b8236cc95b28c4dddb453050cd9e5677d4ee63', 'width': 640}, {'height': 576, 'url': 'https://external-preview.redd.it/5C2pxFFtKrf1tF3Db0m5UqY6hhRJXPNyLNwDqP39EwI.jpg?width=960&amp;crop=smart&amp;auto=webp&amp;s=fed53244ddcddbf642363b62c93faf9548ae6300', 'width': 960}, {'height': 648, 'url': 'https://external-preview.redd.it/5C2pxFFtKrf1tF3Db0m5UqY6hhRJXPNyLNwDqP39EwI.jpg?width=1080&amp;crop=smart&amp;auto=webp&amp;s=70ee4d196ff4adc74a6076c0a72d62be25c475c3', 'width': 1080}], 'source': {'height': 720, 'url': 'https://external-preview.redd.it/5C2pxFFtKrf1tF3Db0m5UqY6hhRJXPNyLNwDqP39EwI.jpg?auto=webp&amp;s=07bae39757c71f1270eb6914ed41278b9428e28b', 'width': 1200}, 'variants': {}}]}",7,,1648185734,1,,True,False,False,CredibleDefense,t5_2y5ib,52219,public,default,Don’t Underestimate the Bear—Russia Is One of the World’s Most Effective Modern Counterinsurgents. An analysis of the historical record reveals that this brutal approach is not only a trademark of Russian COIN but has also brought unprecedented success. An astonishing 87.5 percent success rate.,0,[],1.0,https://mwi.usma.edu/dont-underestimate-the-bear-russia-is-one-of-the-worlds-most-effective-modern-counterinsurgents/,some_ads,7,1648156923.0,,,,,84.0,140.0,https://mwi.usma.edu/dont-underestimate-the-bear-russia-is-one-of-the-worlds-most-effective-modern-counterinsurgents/,,
[],False,RoboticElfJedi,,[],,text,t2_dq89h,False,False,False,[],False,False,1648185285,theage.com.au,https://www.reddit.com/r/CredibleDefense/comments/tneqp5/vladimir_putins_invasion_is_a_miltary_debacle_but/,{},tneqp5,False,False,False,False,False,False,False,False,,[],dark,text,False,False,True,0,0,False,some_ads,/r/CredibleDefense/comments/tneqp5/vladimir_putins_invasion_is_a_miltary_debacle_but/,False,link,"{'enabled': False, 'images': [{'id': 'QEal9EZrIb2bW_FQ7wYh4o3YLuvLELssk5cfCA5lHvo', 'resolutions': [{'height': 56, 'url': 'https://external-preview.redd.it/5TuJIdXnOUORHfO_rIFhRxaivV68F4JxXuM9io8JjgI.jpg?width=108&amp;crop=smart&amp;auto=webp&amp;s=d9a876a634ca846b4474c5be66cd9093343ff982', 'width': 108}, {'height': 113, 'url': 'https://external-preview.redd.it/5TuJIdXnOUORHfO_rIFhRxaivV68F4JxXuM9io8JjgI.jpg?width=216&amp;crop=smart&amp;auto=webp&amp;s=d8521ab4100dd33476fa61e28793978f1e7a3f0d', 'width': 216}, {'height': 167, 'url': 'https://external-preview.redd.it/5TuJIdXnOUORHfO_rIFhRxaivV68F4JxXuM9io8JjgI.jpg?width=320&amp;crop=smart&amp;auto=webp&amp;s=9dea2f1d470af923aecf56bad7d9b8f232c6c266', 'width': 320}, {'height': 334, 'url': 'https://external-preview.redd.it/5TuJIdXnOUORHfO_rIFhRxaivV68F4JxXuM9io8JjgI.jpg?width=640&amp;crop=smart&amp;auto=webp&amp;s=e359a3cdf33e20901ebc956956ca818510eda32a', 'width': 640}, {'height': 502, 'url': 'https://external-preview.redd.it/5TuJIdXnOUORHfO_rIFhRxaivV68F4JxXuM9io8JjgI.jpg?width=960&amp;crop=smart&amp;auto=webp&amp;s=290788f006404873e29a8b0bbcddbd71df6053be', 'width': 960}, {'height': 565, 'url': 'https://external-preview.redd.it/5TuJIdXnOUORHfO_rIFhRxaivV68F4JxXuM9io8JjgI.jpg?width=1080&amp;crop=smart&amp;auto=webp&amp;s=d70549d6c232416d5274c38e51b2eef25316bf88', 'width': 1080}], 'source': {'height': 628, 'url': 'https://external-preview.redd.it/5TuJIdXnOUORHfO_rIFhRxaivV68F4JxXuM9io8JjgI.jpg?auto=webp&amp;s=f55181c2244fad151ef73effd0c36ddd203ef7ac', 'width': 1200}, 'variants': {}}]}",7,reddit,1648185296,1,,True,False,False,CredibleDefense,t5_2y5ib,52218,public,default,Vladimir Putin’s invasion is a miltary debacle but can Ukraine take an offensive risk?,0,[],1.0,https://www.theage.com.au/national/putin-s-war-is-the-model-of-a-military-debacle-but-can-ukraine-risk-switching-to-the-offensive-20220324-p5a7rh.html,some_ads,7,1648156485.0,,,,,73.0,140.0,https://www.theage.com.au/national/putin-s-war-is-the-model-of-a-military-debacle-but-can-ukraine-risk-switching-to-the-offensive-20220324-p5a7rh.html,,
[],False,KimMinju_Angel,,[],,text,t2_703c8y2o,False,False,False,[],False,False,1648174956,breakingdefense.com,https://www.reddit.com/r/CredibleDefense/comments/tnbug3/iron_dome_laserbased_option_iron_beam_takes_major/,{},tnbug3,False,False,False,False,False,False,False,False,,[],dark,text,False,False,True,0,0,False,some_ads,/r/CredibleDefense/comments/tnbug3/iron_dome_laserbased_option_iron_beam_takes_major/,False,link,"{'enabled': False, 'images': [{'id': 'oJjM7M7iP-Sbei0KTThprtFU-zYbWJgYewe_Zdz1Bkc', 'resolutions': [{'height': 60, 'url': 'https://external-preview.redd.it/PmHQbGUPUgXYSxNI1wFkrbMENxcwtmEA7G61RzPO88w.jpg?width=108&amp;crop=smart&amp;auto=webp&amp;s=fbca4e8aa2348be8235449be3239093671354753', 'width': 108}, {'height': 121, 'url': 'https://external-preview.redd.it/PmHQbGUPUgXYSxNI1wFkrbMENxcwtmEA7G61RzPO88w.jpg?width=216&amp;crop=smart&amp;auto=webp&amp;s=94b29eef19ca6be9ecbdd4df1303f41f2a38aa55', 'width': 216}, {'height': 179, 'url': 'https://external-preview.redd.it/PmHQbGUPUgXYSxNI1wFkrbMENxcwtmEA7G61RzPO88w.jpg?width=320&amp;crop=smart&amp;auto=webp&amp;s=fbdfa7e3a5a28ccd8f8c5178a50ee7db82cf939e', 'width': 320}, {'height': 359, 'url': 'https://external-preview.redd.it/PmHQbGUPUgXYSxNI1wFkrbMENxcwtmEA7G61RzPO88w.jpg?width=640&amp;crop=smart&amp;auto=webp&amp;s=bd120f8a530762436bfcb9e2176aef6ed21f848b', 'width': 640}, {'height': 539, 'url': 'https://external-preview.redd.it/PmHQbGUPUgXYSxNI1wFkrbMENxcwtmEA7G61RzPO88w.jpg?width=960&amp;crop=smart&amp;auto=webp&amp;s=c369e371d326e8ef74cde8162dd271081f45aff8', 'width': 960}, {'height': 607, 'url': 'https://external-preview.redd.it/PmHQbGUPUgXYSxNI1wFkrbMENxcwtmEA7G61RzPO88w.jpg?width=1080&amp;crop=smart&amp;auto=webp&amp;s=3632dd94d161c8c599fc3247a303b67c7227f583', 'width': 1080}], 'source': {'height': 638, 'url': 'https://external-preview.redd.it/PmHQbGUPUgXYSxNI1wFkrbMENxcwtmEA7G61RzPO88w.jpg?auto=webp&amp;s=374a37eecf84962d43710ed3d4bd0f0cb5d615f0', 'width': 1135}, 'variants': {}}]}",7,reddit,1648174967,1,,True,False,False,CredibleDefense,t5_2y5ib,52204,public,default,"Iron Dome laser-based option, Iron Beam, takes major step forward - Breaking Defense",0,[],1.0,https://breakingdefense.com/2022/03/iron-dome-laser-based-option-iron-beam-takes-major-step-forward/,some_ads,7,1648146156.0,,,,,78.0,140.0,https://breakingdefense.com/2022/03/iron-dome-laser-based-option-iron-beam-takes-major-step-forward/,,
[],False,ga1actic_muffin,,[],,text,t2_hzryq,False,False,False,[],False,False,1648174726,self.CredibleDefense,https://www.reddit.com/r/CredibleDefense/comments/tnbrwf/could_a_rapid_deployable_dronefeild_be_an/,{},tnbrwf,False,False,False,False,False,False,True,False,,[],dark,text,False,False,True,0,0,False,some_ads,/r/CredibleDefense/comments/tnbrwf/could_a_rapid_deployable_dronefeild_be_an/,False,,,7,reddit,1648174737,1,[removed],True,False,False,CredibleDefense,t5_2y5ib,52203,public,self,"Could a rapid deployable ""dronefeild"" be an effective defense against Hypersonic nuclear weapons?",0,[],1.0,https://www.reddit.com/r/CredibleDefense/comments/tnbrwf/could_a_rapid_deployable_dronefeild_be_an/,some_ads,7,1648145926.0,,,,,,,,,
[],False,ShihPoosRule,,[],,text,t2_6cbnlu7i,False,False,False,[],False,False,1648171702,self.CredibleDefense,https://www.reddit.com/r/CredibleDefense/comments/tnaudp/i_need_for_everyone_to_put_on_their_tinfoil_hats/,{},tnaudp,False,False,False,False,False,False,True,False,,[],dark,text,False,False,True,0,0,False,some_ads,/r/CredibleDefense/comments/tnaudp/i_need_for_everyone_to_put_on_their_tinfoil_hats/,False,self,"{'enabled': False, 'images': [{'id': 'HHGYhV6maZ9PuVzjUJJtnTCMQ_B29MBrhsUCv2eVlMU', 'resolutions': [{'height': 56, 'url': 'https://external-preview.redd.it/P6BLlFQrcHGEkD0E8b7khKKlkl7oQc321gWUKJXk-eo.jpg?width=108&amp;crop=smart&amp;auto=webp&amp;s=c34827842d4501cd96f0772098c9202779d9a631', 'width': 108}, {'height': 113, 'url': 'https://external-preview.redd.it/P6BLlFQrcHGEkD0E8b7khKKlkl7oQc321gWUKJXk-eo.jpg?width=216&amp;crop=smart&amp;auto=webp&amp;s=d2a79f7593458ee13c821cb76a51425b314466c0', 'width': 216}, {'height': 168, 'url': 'https://external-preview.redd.it/P6BLlFQrcHGEkD0E8b7khKKlkl7oQc321gWUKJXk-eo.jpg?width=320&amp;crop=smart&amp;auto=webp&amp;s=ec6eccc94d32179ff026b4e75b9820fe014ad579', 'width': 320}, {'height': 336, 'url': 'https://external-preview.redd.it/P6BLlFQrcHGEkD0E8b7khKKlkl7oQc321gWUKJXk-eo.jpg?width=640&amp;crop=smart&amp;auto=webp&amp;s=cae52960043c1fdb08fbc6e3d7c3ce85583fb68a', 'width': 640}, {'height': 504, 'url': 'https://external-preview.redd.it/P6BLlFQrcHGEkD0E8b7khKKlkl7oQc321gWUKJXk-eo.jpg?width=960&amp;crop=smart&amp;auto=webp&amp;s=dfb06798945765809314da91112f1c3cbd89673e', 'width': 960}, {'height': 567, 'url': 'https://external-preview.redd.it/P6BLlFQrcHGEkD0E8b7khKKlkl7oQc321gWUKJXk-eo.jpg?width=1080&amp;crop=smart&amp;auto=webp&amp;s=9e78f1088507dadadb1410da9cbeeba53dc293dd', 'width': 1080}], 'source': {'height': 630, 'url': 'https://external-preview.redd.it/P6BLlFQrcHGEkD0E8b7khKKlkl7oQc321gWUKJXk-eo.jpg?auto=webp&amp;s=fc12ea0413ec2b7d73456e555c6a92e9480b0d0a', 'width': 1200}, 'variants': {}}]}",7,reddit,1648171712,1,[removed],True,False,False,CredibleDefense,t5_2y5ib,52197,public,self,I need for everyone to put on their tinfoil hats for a minute. What happens when a world power develops the ability to create “natural disasters” in other parts of the world?,0,[],1.0,https://www.reddit.com/r/CredibleDefense/comments/tnaudp/i_need_for_everyone_to_put_on_their_tinfoil_hats/,some_ads,7,1648142902.0,,,,,,,,,
[],False,TermsOfContradiction,,[],,text,t2_4doeu,False,False,False,[],False,False,1648166607,rand.org,https://www.reddit.com/r/CredibleDefense/comments/tn98zk/command_and_control_in_us_naval_competition_with/,{},tn98zk,False,True,False,False,False,True,False,False,,[],dark,text,False,False,True,0,0,False,some_ads,/r/CredibleDefense/comments/tn98zk/command_and_control_in_us_naval_competition_with/,False,link,"{'enabled': False, 'images': [{'id': 'o5h2Q1JT1SEhSmXr3wP74sQO1NHn4YESHnnSRA9AEzc', 'resolutions': [{'height': 80, 'url': 'https://external-preview.redd.it/_wBBZrHVp4tAB4cvKDQn4w2kYGiiHeocThOnaVrWuto.jpg?width=108&amp;crop=smart&amp;auto=webp&amp;s=fabb870c9421392e66bed17f00293e31cc8335de', 'width': 108}, {'height': 161, 'url': 'https://external-preview.redd.it/_wBBZrHVp4tAB4cvKDQn4w2kYGiiHeocThOnaVrWuto.jpg?width=216&amp;crop=smart&amp;auto=webp&amp;s=c4aef78483ff8fc420e360a48fb922b97c98d5d1', 'width': 216}, {'height': 238, 'url': 'https://external-preview.redd.it/_wBBZrHVp4tAB4cvKDQn4w2kYGiiHeocThOnaVrWuto.jpg?width=320&amp;crop=smart&amp;auto=webp&amp;s=a94cda65e34379b08ec39d6021cbb5e2e23819be', 'width': 320}, {'height': 477, 'url': 'https://external-preview.redd.it/_wBBZrHVp4tAB4cvKDQn4w2kYGiiHeocThOnaVrWuto.jpg?width=640&amp;crop=smart&amp;auto=webp&amp;s=02bdf601a2ed44e141751cc7f1d874702695d428', 'width': 640}, {'height': 716, 'url': 'https://external-preview.redd.it/_wBBZrHVp4tAB4cvKDQn4w2kYGiiHeocThOnaVrWuto.jpg?width=960&amp;crop=smart&amp;auto=webp&amp;s=fc8ec8287a174bcaa5e89813e4759350626c726f', 'width': 960}, {'height': 805, 'url': 'https://external-preview.redd.it/_wBBZrHVp4tAB4cvKDQn4w2kYGiiHeocThOnaVrWuto.jpg?width=1080&amp;crop=smart&amp;auto=webp&amp;s=560b07f44fd54d0c252627f73e8ce01e3da29215', 'width': 1080}], 'source': {'height': 1200, 'url': 'https://external-preview.redd.it/_wBBZrHVp4tAB4cvKDQn4w2kYGiiHeocThOnaVrWuto.jpg?auto=webp&amp;s=3723b828cbe2d34aa51acc2d20fcd1a39fe65946', 'width': 1608}, 'variants': {}}]}",7,,1648166617,1,,True,False,False,CredibleDefense,t5_2y5ib,52191,public,default,Command and Control in U.S. Naval Competition with China. The U.S. Navy and the PLA Navy will likely be challenged to fully shift to new strategic postures if they do not adapt their existing concepts of command and control.,0,[],1.0,https://www.rand.org/pubs/research_reports/RRA127-1.html,some_ads,7,1648137807.0,,,,,104.0,140.0,https://www.rand.org/pubs/research_reports/RRA127-1.html,,
[],False,menaceman42,,[],,text,t2_13vykt,False,False,True,[],False,False,1648166498,pravda.com.ua,https://www.reddit.com/r/CredibleDefense/comments/tn97nq/how_credible_is_this/,{},tn97nq,False,False,False,False,False,False,False,False,,[],dark,text,False,False,True,0,0,False,some_ads,/r/CredibleDefense/comments/tn97nq/how_credible_is_this/,False,link,"{'enabled': False, 'images': [{'id': 'ERKjyWetCBhbGTI3VEMwdOpQ5nwjcjTQ-RkQdK7uLUM', 'resolutions': [{'height': 60, 'url': 'https://external-preview.redd.it/1uE0f-xsG8UrUANgSfOqeVG-yxjgxDuSEAzZedqxexU.jpg?width=108&amp;crop=smart&amp;auto=webp&amp;s=4a37bdfc771dca4220540fd766c1338a3f411cc3', 'width': 108}, {'height': 121, 'url': 'https://external-preview.redd.it/1uE0f-xsG8UrUANgSfOqeVG-yxjgxDuSEAzZedqxexU.jpg?width=216&amp;crop=smart&amp;auto=webp&amp;s=4ed310b485129c8d513baa9e591e13928290298b', 'width': 216}, {'height': 179, 'url': 'https://external-preview.redd.it/1uE0f-xsG8UrUANgSfOqeVG-yxjgxDuSEAzZedqxexU.jpg?width=320&amp;crop=smart&amp;auto=webp&amp;s=ee576867a45be5eac11d7c9a2c3140268b7c44b1', 'width': 320}, {'height': 358, 'url': 'https://external-preview.redd.it/1uE0f-xsG8UrUANgSfOqeVG-yxjgxDuSEAzZedqxexU.jpg?width=640&amp;crop=smart&amp;auto=webp&amp;s=70596a5531d0e714126e8aa649da7ee3aba819bb', 'width': 640}], 'source': {'height': 387, 'url': 'https://external-preview.redd.it/1uE0f-xsG8UrUANgSfOqeVG-yxjgxDuSEAzZedqxexU.jpg?auto=webp&amp;s=7cad2ab44e336979e55aec42f6e49a57b0a31113', 'width': 690}, 'variants': {}}]}",7,reddit,1648166508,1,,True,False,False,CredibleDefense,t5_2y5ib,52190,public,default,How credible is this?,0,[],1.0,https://www.pravda.com.ua/eng/news/2022/03/24/7334270/,some_ads,7,1648137698.0,,,,,78.0,140.0,https://www.pravda.com.ua/eng/news/2022/03/24/7334270/,t3_tmtxqj,"[{'all_awardings': [{'award_sub_type': 'GLOBAL', 'award_type': 'global', 'awardings_required_to_grant_benefits': None, 'coin_price': 100, 'coin_reward': 0, 'count': 1, 'days_of_drip_extension': None, 'days_of_premium': None, 'description': ""Shows the Silver Award... and that's it."", 'end_date': None, 'giver_coin_reward': None, 'icon_format': None, 'icon_height': 512, 'icon_url': 'https://www.redditstatic.com/gold/awards/icon/silver_512.png', 'icon_width': 512, 'id': 'gid_1', 'is_enabled': True, 'is_new': False, 'name': 'Silver', 'penny_donate': None, 'penny_price': None, 'resized_icons': [{'height': 16, 'url': 'https://www.redditstatic.com/gold/awards/icon/silver_16.png', 'width': 16}, {'height': 32, 'url': 'https://www.redditstatic.com/gold/awards/icon/silver_32.png', 'width': 32}, {'height': 48, 'url': 'https://www.redditstatic.com/gold/awards/icon/silver_48.png', 'width': 48}, {'height': 64, 'url': 'https://www.redditstatic.com/gold/awards/icon/silver_64.png', 'width': 64}, {'height': 128, 'url': 'https://www.redditstatic.com/gold/awards/icon/silver_128.png', 'width': 128}], 'resized_static_icons': [{'height': 16, 'url': 'https://www.redditstatic.com/gold/awards/icon/silver_16.png', 'width': 16}, {'height': 32, 'url': 'https://www.redditstatic.com/gold/awards/icon/silver_32.png', 'width': 32}, {'height': 48, 'url': 'https://www.redditstatic.com/gold/awards/icon/silver_48.png', 'width': 48}, {'height': 64, 'url': 'https://www.redditstatic.com/gold/awards/icon/silver_64.png', 'width': 64}, {'height': 128, 'url': 'https://www.redditstatic.com/gold/awards/icon/silver_128.png', 'width': 128}], 'start_date': None, 'static_icon_height': 512, 'static_icon_url': 'https://www.redditstatic.com/gold/awards/icon/silver_512.png', 'static_icon_width': 512, 'subreddit_coin_reward': 0, 'subreddit_id': None, 'tiers_by_required_awardings': None}, {'award_sub_type': 'GLOBAL', 'award_type': 'global', 'awardings_required_to_grant_benefits': None, 'coin_price': 125, 'coin_reward': 0, 'count': 1, 'days_of_drip_extension': None, 'days_of_premium': None, 'description': 'When you come across a feel-good thing.', 'end_date': None, 'giver_coin_reward': None, 'icon_format': None, 'icon_height': 2048, 'icon_url': 'https://i.redd.it/award_images/t5_22cerq/5izbv4fn0md41_Wholesome.png', 'icon_width': 2048, 'id': 'award_5f123e3d-4f48-42f4-9c11-e98b566d5897', 'is_enabled': True, 'is_new': False, 'name': 'Wholesome', 'penny_donate': None, 'penny_price': None, 'resized_icons': [{'height': 16, 'url': 'https://preview.redd.it/award_images/t5_22cerq/5izbv4fn0md41_Wholesome.png?width=16&amp;height=16&amp;auto=webp&amp;s=92932f465d58e4c16b12b6eac4ca07d27e3d11c0', 'width': 16}, {'height': 32, 'url': 'https://preview.redd.it/award_images/t5_22cerq/5izbv4fn0md41_Wholesome.png?width=32&amp;height=32&amp;auto=webp&amp;s=d11484a208d68a318bf9d4fcf371171a1cb6a7ef', 'width': 32}, {'height': 48, 'url': 'https://preview.redd.it/award_images/t5_22cerq/5izbv4fn0md41_Wholesome.png?width=48&amp;height=48&amp;auto=webp&amp;s=febdf28b6f39f7da7eb1365325b85e0bb49a9f63', 'width': 48}, {'height': 64, 'url': 'https://preview.redd.it/award_images/t5_22cerq/5izbv4fn0md41_Wholesome.png?width=64&amp;height=64&amp;auto=webp&amp;s=b4406a2d88bf86fa3dc8a45aacf7e0c7bdccc4fb', 'width': 64}, {'height': 128, 'url': 'https://preview.redd.it/award_images/t5_22cerq/5izbv4fn0md41_Wholesome.png?width=128&amp;height=128&amp;auto=webp&amp;s=19555b13e3e196b62eeb9160d1ac1d1b372dcb0b', 'width': 128}], 'resized_static_icons': [{'height': 16, 'url': 'https://preview.redd.it/award_images/t5_22cerq/5izbv4fn0md41_Wholesome.png?width=16&amp;height=16&amp;auto=webp&amp;s=92932f465d58e4c16b12b6eac4ca07d27e3d11c0', 'width': 16}, {'height': 32, 'url': 'https://preview.redd.it/award_images/t5_22cerq/5izbv4fn0md41_Wholesome.png?width=32&amp;height=32&amp;auto=webp&amp;s=d11484a208d68a318bf9d4fcf371171a1cb6a7ef', 'width': 32}, {'height': 48, 'url': 'https://preview.redd.it/award_images/t5_22cerq/5izbv4fn0md41_Wholesome.png?width=48&amp;height=48&amp;auto=webp&amp;s=febdf28b6f39f7da7eb1365325b85e0bb49a9f63', 'width': 48}, {'height': 64, 'url': 'https://preview.redd.it/award_images/t5_22cerq/5izbv4fn0md41_Wholesome.png?width=64&amp;height=64&amp;auto=webp&amp;s=b4406a2d88bf86fa3dc8a45aacf7e0c7bdccc4fb', 'width': 64}, {'height': 128, 'url': 'https://preview.redd.it/award_images/t5_22cerq/5izbv4fn0md41_Wholesome.png?width=128&amp;height=128&amp;auto=webp&amp;s=19555b13e3e196b62eeb9160d1ac1d1b372dcb0b', 'width': 128}], 'start_date': None, 'static_icon_height': 2048, 'static_icon_url': 'https://i.redd.it/award_images/t5_22cerq/5izbv4fn0md41_Wholesome.png', 'static_icon_width': 2048, 'subreddit_coin_reward': 0, 'subreddit_id': None, 'tiers_by_required_awardings': None}], 'allow_live_comments': True, 'approved_at_utc': None, 'approved_by': None, 'archived': False, 'author': 'manticor225', 'author_flair_background_color': None, 'author_flair_css_class': None, 'author_flair_richtext': [], 'author_flair_template_id': None, 'author_flair_text': None, 'author_flair_text_color': None, 'author_flair_type': 'text', 'author_fullname': 't2_f54hy', 'author_is_blocked': False, 'author_patreon_flair': False, 'author_premium': True, 'awarders': [], 'banned_at_utc': None, 'banned_by': None, 'can_gild': True, 'can_mod_post': False, 'category': None, 'clicked': False, 'content_categories': None, 'contest_mode': False, 'created': 1648146581.0, 'created_utc': 1648146581.0, 'discussion_type': None, 'distinguished': None, 'domain': 'pravda.com.ua', 'downs': 0, 'edited': False, 'gilded': 0, 'gildings': {'gid_1': 1}, 'hidden': False, 'hide_score': False, 'id': 'tmtxqj', 'is_created_from_ads_ui': False, 'is_crosspostable': True, 'is_meta': False, 'is_original_content': False, 'is_reddit_media_domain': False, 'is_robot_indexable': True, 'is_self': False, 'is_video': False, 'likes': None, 'link_flair_background_color': '', 'link_flair_css_class': 'russia', 'link_flair_richtext': [], 'link_flair_text': 'Russia/Ukraine', 'link_flair_text_color': 'dark', 'link_flair_type': 'text', 'locked': False, 'media': None, 'media_embed': {}, 'media_only': False, 'mod_note': None, 'mod_reason_by': None, 'mod_reason_title': None, 'mod_reports': [], 'name': 't3_tmtxqj', 'no_follow': False, 'num_comments': 2290, 'num_crossposts': 3, 'num_reports': None, 'over_18': False, 'parent_whitelist_status': 'all_ads', 'permalink': '/r/worldnews/comments/tmtxqj/ukraine_armed_forces_report_russian_troops_are/', 'pinned': False, 'post_hint': 'link', 'preview': {'enabled': False, 'images': [{'id': 'ERKjyWetCBhbGTI3VEMwdOpQ5nwjcjTQ-RkQdK7uLUM', 'resolutions': [{'height': 60, 'url': 'https://external-preview.redd.it/1uE0f-xsG8UrUANgSfOqeVG-yxjgxDuSEAzZedqxexU.jpg?width=108&amp;crop=smart&amp;auto=webp&amp;s=4a37bdfc771dca4220540fd766c1338a3f411cc3', 'width': 108}, {'height': 121, 'url': 'https://external-preview.redd.it/1uE0f-xsG8UrUANgSfOqeVG-yxjgxDuSEAzZedqxexU.jpg?width=216&amp;crop=smart&amp;auto=webp&amp;s=4ed310b485129c8d513baa9e591e13928290298b', 'width': 216}, {'height': 179, 'url': 'https://external-preview.redd.it/1uE0f-xsG8UrUANgSfOqeVG-yxjgxDuSEAzZedqxexU.jpg?width=320&amp;crop=smart&amp;auto=webp&amp;s=ee576867a45be5eac11d7c9a2c3140268b7c44b1', 'width': 320}, {'height': 358, 'url': 'https://external-preview.redd.it/1uE0f-xsG8UrUANgSfOqeVG-yxjgxDuSEAzZedqxexU.jpg?width=640&amp;crop=smart&amp;auto=webp&amp;s=70596a5531d0e714126e8aa649da7ee3aba819bb', 'width': 640}], 'source': {'height': 387, 'url': 'https://external-preview.redd.it/1uE0f-xsG8UrUANgSfOqeVG-yxjgxDuSEAzZedqxexU.jpg?auto=webp&amp;s=7cad2ab44e336979e55aec42f6e49a57b0a31113', 'width': 690}, 'variants': {}}]}, 'pwls': 6, 'quarantine': False, 'removal_reason': None, 'removed_by': None, 'removed_by_category': None, 'report_reasons': None, 'saved': False, 'score': 22245, 'secure_media': None, 'secure_media_embed': {}, 'selftext': '', 'selftext_html': None, 'send_replies': True, 'spoiler': False, 'stickied': False, 'subreddit': 'worldnews', 'subreddit_id': 't5_2qh13', 'subreddit_name_prefixed': 'r/worldnews', 'subreddit_subscribers': 28297648, 'subreddit_type': 'public', 'suggested_sort': None, 'thumbnail': 'default', 'thumbnail_height': 78, 'thumbnail_width': 140, 'title': 'Ukraine Armed Forces report Russian troops are being told that war has to be over by 9 May', 'top_awarded_type': None, 'total_awards_received': 2, 'treatment_tags': [], 'ups': 22245, 'upvote_ratio': 0.96, 'url': 'https://www.pravda.com.ua/eng/news/2022/03/24/7334270/', 'url_overridden_by_dest': 'https://www.pravda.com.ua/eng/news/2022/03/24/7334270/', 'user_reports': [], 'view_count': None, 'visited': False, 'whitelist_status': 'all_ads', 'wls': 6}]"
