all_awardings,allow_live_comments,author,author_flair_css_class,author_flair_richtext,author_flair_text,author_flair_type,author_fullname,author_is_blocked,author_patreon_flair,author_premium,awarders,can_mod_post,contest_mode,created_utc,domain,full_link,gildings,id,is_created_from_ads_ui,is_crosspostable,is_meta,is_original_content,is_reddit_media_domain,is_robot_indexable,is_self,is_video,link_flair_background_color,link_flair_richtext,link_flair_text_color,link_flair_type,locked,media,media_embed,media_only,no_follow,num_comments,num_crossposts,over_18,parent_whitelist_status,permalink,pinned,post_hint,preview,pwls,retrieved_on,score,secure_media,secure_media_embed,selftext,send_replies,spoiler,stickied,subreddit,subreddit_id,subreddit_subscribers,subreddit_type,thumbnail,thumbnail_height,thumbnail_width,title,total_awards_received,treatment_tags,upvote_ratio,url,url_overridden_by_dest,whitelist_status,wls,created,removed_by_category,discussion_type,suggested_sort,gallery_data,is_gallery,media_metadata,author_cakeday
[],False,420KetWig,,[],,text,t2_n4bl4ty5,False,False,False,[],False,False,1653867409,youtu.be,https://www.reddit.com/r/UkraineInvasionVideos/comments/v0n9n2/ukrainian_45th_separate_artillery_brigade_in/,{},v0n9n2,False,True,False,False,False,True,False,False,,[],dark,text,False,"{'oembed': {'author_name': 'Russia Ukraine War 2022', 'author_url': 'https://www.youtube.com/channel/UCy6xTU9s8h9p0OEUeKcIOlA', 'height': 200, 'html': '&lt;iframe width=""356"" height=""200"" src=""https://www.youtube.com/embed/uk0W_GZsv7Y?feature=oembed&amp;enablejsapi=1"" frameborder=""0"" allow=""accelerometer; autoplay; clipboard-write; encrypted-media; gyroscope; picture-in-picture"" allowfullscreen&gt;&lt;/iframe&gt;', 'provider_name': 'YouTube', 'provider_url': 'https://www.youtube.com/', 'thumbnail_height': 360, 'thumbnail_url': 'https://i.ytimg.com/vi/uk0W_GZsv7Y/hqdefault.jpg', 'thumbnail_width': 480, 'title': 'Ukrainian 45th separate artillery brigade in action with D-30 artillery striking Russian targets', 'type': 'video', 'version': '1.0', 'width': 356}, 'type': 'youtube.com'}","{'content': '&lt;iframe width=""356"" height=""200"" src=""https://www.youtube.com/embed/uk0W_GZsv7Y?feature=oembed&amp;enablejsapi=1"" frameborder=""0"" allow=""accelerometer; autoplay; clipboard-write; encrypted-media; gyroscope; picture-in-picture"" allowfullscreen&gt;&lt;/iframe&gt;', 'height': 200, 'scrolling': False, 'width': 356}",False,True,0,0,False,no_ads,/r/UkraineInvasionVideos/comments/v0n9n2/ukrainian_45th_separate_artillery_brigade_in/,False,rich:video,"{'enabled': False, 'images': [{'id': 'UJfUkXKiKSQKl_ywA3dFhOOruOww9UMwCra31lK-FBU', 'resolutions': [{'height': 81, 'url': 'https://external-preview.redd.it/iaTZAz6IzNox7vVOx5qGdwt5OYi-GLazWuWc0YaD4e0.jpg?width=108&amp;crop=smart&amp;auto=webp&amp;s=12d21d53e28c9797462c0c20c4a5fbd4c807cccb', 'width': 108}, {'height': 162, 'url': 'https://external-preview.redd.it/iaTZAz6IzNox7vVOx5qGdwt5OYi-GLazWuWc0YaD4e0.jpg?width=216&amp;crop=smart&amp;auto=webp&amp;s=68d0f0cf4fe8a07ade259764565cd015d0744f19', 'width': 216}, {'height': 240, 'url': 'https://external-preview.redd.it/iaTZAz6IzNox7vVOx5qGdwt5OYi-GLazWuWc0YaD4e0.jpg?width=320&amp;crop=smart&amp;auto=webp&amp;s=d63fa53190eee94c217a29769166a68b21f33479', 'width': 320}], 'source': {'height': 360, 'url': 'https://external-preview.redd.it/iaTZAz6IzNox7vVOx5qGdwt5OYi-GLazWuWc0YaD4e0.jpg?auto=webp&amp;s=00742b089f0fe0a0d330a46cc7fa9e0b7be81535', 'width': 480}, 'variants': {}}]}",0.0,1653867420,1,"{'oembed': {'author_name': 'Russia Ukraine War 2022', 'author_url': 'https://www.youtube.com/channel/UCy6xTU9s8h9p0OEUeKcIOlA', 'height': 200, 'html': '&lt;iframe width=""356"" height=""200"" src=""https://www.youtube.com/embed/uk0W_GZsv7Y?feature=oembed&amp;enablejsapi=1"" frameborder=""0"" allow=""accelerometer; autoplay; clipboard-write; encrypted-media; gyroscope; picture-in-picture"" allowfullscreen&gt;&lt;/iframe&gt;', 'provider_name': 'YouTube', 'provider_url': 'https://www.youtube.com/', 'thumbnail_height': 360, 'thumbnail_url': 'https://i.ytimg.com/vi/uk0W_GZsv7Y/hqdefault.jpg', 'thumbnail_width': 480, 'title': 'Ukrainian 45th separate artillery brigade in action with D-30 artillery striking Russian targets', 'type': 'video', 'version': '1.0', 'width': 356}, 'type': 'youtube.com'}","{'content': '&lt;iframe width=""356"" height=""200"" src=""https://www.youtube.com/embed/uk0W_GZsv7Y?feature=oembed&amp;enablejsapi=1"" frameborder=""0"" allow=""accelerometer; autoplay; clipboard-write; encrypted-media; gyroscope; picture-in-picture"" allowfullscreen&gt;&lt;/iframe&gt;', 'height': 200, 'media_domain_url': 'https://www.redditmedia.com/mediaembed/v0n9n2', 'scrolling': False, 'width': 356}",,False,False,False,UkraineInvasionVideos,t5_5wkihl,50986,public,https://a.thumbs.redditmedia.com/FnjL_tq8789vFEniefoxX3oicBkK7nV6fWSZgA5Wh_0.jpg,105.0,140.0,üî• üá∫üá¶ Ukrainian 45th separate #artillery brigade in action with D-30 artillery striking Russian targets,0,[],1.0,https://youtu.be/uk0W_GZsv7Y,https://youtu.be/uk0W_GZsv7Y,no_ads,0.0,1653838609.0,,,,,,,
[],False,No-Contact-0506,,[],,text,t2_mvsqvg0g,False,False,False,[],False,False,1653858659,i.redd.it,https://www.reddit.com/r/UkraineInvasionVideos/comments/v0kihf/zelensky_made_his_first_frontline_visit_he_went/,{},v0kihf,False,True,False,False,True,True,False,False,,[],dark,text,False,,,False,True,0,0,False,no_ads,/r/UkraineInvasionVideos/comments/v0kihf/zelensky_made_his_first_frontline_visit_he_went/,False,image,"{'enabled': True, 'images': [{'id': 'x1O8PciIljQ1GvqOuTWoTPkQ7lY2zBHDrPgPJtTNQjo', 'resolutions': [{'height': 76, 'url': 'https://preview.redd.it/yuwaiiuddh291.jpg?width=108&amp;crop=smart&amp;auto=webp&amp;s=1a7fec0423a04299716a4c28fd9dd41829d7d88e', 'width': 108}, {'height': 152, 'url': 'https://preview.redd.it/yuwaiiuddh291.jpg?width=216&amp;crop=smart&amp;auto=webp&amp;s=56ecc0f96c6451b5122127ef11496d0c820da948', 'width': 216}], 'source': {'height': 189, 'url': 'https://preview.redd.it/yuwaiiuddh291.jpg?auto=webp&amp;s=4a7ec335c0a2c225d6fe33df4ece7650966c307c', 'width': 267}, 'variants': {}}]}",0.0,1653858670,1,,,,True,False,False,UkraineInvasionVideos,t5_5wkihl,50980,public,https://b.thumbs.redditmedia.com/HD85672aKmyvKQpNmI-oRJaxYzeDVNH6HjcMz-8Wj4E.jpg,99.0,140.0,Zelensky made his first frontline visit. He went to Kharkiv,0,[],1.0,https://i.redd.it/yuwaiiuddh291.jpg,https://i.redd.it/yuwaiiuddh291.jpg,no_ads,0.0,1653829859.0,,,,,,,
[],False,DarkEagleZ2022,,[],,text,t2_9lq4tho9,False,False,False,[],False,False,1653855812,youtu.be,https://www.reddit.com/r/UkraineInvasionVideos/comments/v0jkfh/ukraines_weird_hovering_drones_what_are_they/,{},v0jkfh,False,True,False,False,False,True,False,False,,[],dark,text,False,"{'oembed': {'author_name': 'Frontline Report', 'author_url': 'https://www.youtube.com/channel/UC-iEWh-G6Ok4y6_9PioGrkg', 'height': 200, 'html': '&lt;iframe width=""356"" height=""200"" src=""https://www.youtube.com/embed/DKoj0M-EahQ?feature=oembed&amp;enablejsapi=1"" frameborder=""0"" allow=""accelerometer; autoplay; clipboard-write; encrypted-media; gyroscope; picture-in-picture"" allowfullscreen&gt;&lt;/iframe&gt;', 'provider_name': 'YouTube', 'provider_url': 'https://www.youtube.com/', 'thumbnail_height': 360, 'thumbnail_url': 'https://i.ytimg.com/vi/DKoj0M-EahQ/hqdefault.jpg', 'thumbnail_width': 480, 'title': ""Ukraine's weird hovering drones -  What are they?"", 'type': 'video', 'version': '1.0', 'width': 356}, 'type': 'youtube.com'}","{'content': '&lt;iframe width=""356"" height=""200"" src=""https://www.youtube.com/embed/DKoj0M-EahQ?feature=oembed&amp;enablejsapi=1"" frameborder=""0"" allow=""accelerometer; autoplay; clipboard-write; encrypted-media; gyroscope; picture-in-picture"" allowfullscreen&gt;&lt;/iframe&gt;', 'height': 200, 'scrolling': False, 'width': 356}",False,True,0,0,False,no_ads,/r/UkraineInvasionVideos/comments/v0jkfh/ukraines_weird_hovering_drones_what_are_they/,False,rich:video,"{'enabled': False, 'images': [{'id': 'i6zC840UBtPt2GLIpNCLvyFfK50XhbwxNNIzh6DzmKo', 'resolutions': [{'height': 81, 'url': 'https://external-preview.redd.it/HrZbP8wpFSjB7h4XT4mrszIAYaJFGQwummz4k2pXyhs.jpg?width=108&amp;crop=smart&amp;auto=webp&amp;s=9fd47f3919aa7ea354539e78bc58f76e733ed37f', 'width': 108}, {'height': 162, 'url': 'https://external-preview.redd.it/HrZbP8wpFSjB7h4XT4mrszIAYaJFGQwummz4k2pXyhs.jpg?width=216&amp;crop=smart&amp;auto=webp&amp;s=dcf2a91ee121946cde8e71e23c9a3079c0097e5b', 'width': 216}, {'height': 240, 'url': 'https://external-preview.redd.it/HrZbP8wpFSjB7h4XT4mrszIAYaJFGQwummz4k2pXyhs.jpg?width=320&amp;crop=smart&amp;auto=webp&amp;s=51bfc95760c6241b9417fd30ec450f5cb6dcaf93', 'width': 320}], 'source': {'height': 360, 'url': 'https://external-preview.redd.it/HrZbP8wpFSjB7h4XT4mrszIAYaJFGQwummz4k2pXyhs.jpg?auto=webp&amp;s=6aa61f75de2c81761ade062682269125f30ff781', 'width': 480}, 'variants': {}}]}",0.0,1653855823,1,"{'oembed': {'author_name': 'Frontline Report', 'author_url': 'https://www.youtube.com/channel/UC-iEWh-G6Ok4y6_9PioGrkg', 'height': 200, 'html': '&lt;iframe width=""356"" height=""200"" src=""https://www.youtube.com/embed/DKoj0M-EahQ?feature=oembed&amp;enablejsapi=1"" frameborder=""0"" allow=""accelerometer; autoplay; clipboard-write; encrypted-media; gyroscope; picture-in-picture"" allowfullscreen&gt;&lt;/iframe&gt;', 'provider_name': 'YouTube', 'provider_url': 'https://www.youtube.com/', 'thumbnail_height': 360, 'thumbnail_url': 'https://i.ytimg.com/vi/DKoj0M-EahQ/hqdefault.jpg', 'thumbnail_width': 480, 'title': ""Ukraine's weird hovering drones -  What are they?"", 'type': 'video', 'version': '1.0', 'width': 356}, 'type': 'youtube.com'}","{'content': '&lt;iframe width=""356"" height=""200"" src=""https://www.youtube.com/embed/DKoj0M-EahQ?feature=oembed&amp;enablejsapi=1"" frameborder=""0"" allow=""accelerometer; autoplay; clipboard-write; encrypted-media; gyroscope; picture-in-picture"" allowfullscreen&gt;&lt;/iframe&gt;', 'height': 200, 'media_domain_url': 'https://www.redditmedia.com/mediaembed/v0jkfh', 'scrolling': False, 'width': 356}",,True,False,False,UkraineInvasionVideos,t5_5wkihl,50977,public,https://b.thumbs.redditmedia.com/2r5rafrPv6VY4bxWhs_UtWC4dYj2JZUcYV3-y8fIfvo.jpg,105.0,140.0,Ukraine's weird hovering drones - What are they?,0,[],1.0,https://youtu.be/DKoj0M-EahQ,https://youtu.be/DKoj0M-EahQ,no_ads,0.0,1653827012.0,,,,,,,
[],False,discordiawar,,[],,text,t2_ke6ysu8k,False,False,False,[],False,False,1653848811,youtube.com,https://www.reddit.com/r/UkraineInvasionVideos/comments/v0h7ha/live_ukraine_live_camera_12_view_points_top/,{},v0h7ha,False,False,False,False,False,False,False,False,,[],dark,text,False,,,False,True,0,0,False,no_ads,/r/UkraineInvasionVideos/comments/v0h7ha/live_ukraine_live_camera_12_view_points_top/,False,link,"{'enabled': False, 'images': [{'id': 'eSWnlOhEvSW7CcaVEw9q_An1jcKA4D7RXQVITu0ztmM', 'resolutions': [{'height': 60, 'url': 'https://external-preview.redd.it/Ie0B1Jjc_HLp0j-l6-BSwA_kSuKBKTDolqU5dUiOY48.jpg?width=108&amp;crop=smart&amp;auto=webp&amp;s=97f149e70ac32d6c089ce7f9b288d62f7f733784', 'width': 108}, {'height': 121, 'url': 'https://external-preview.redd.it/Ie0B1Jjc_HLp0j-l6-BSwA_kSuKBKTDolqU5dUiOY48.jpg?width=216&amp;crop=smart&amp;auto=webp&amp;s=a8ef0c729601378145b6e9570fea06d864b5fc11', 'width': 216}, {'height': 180, 'url': 'https://external-preview.redd.it/Ie0B1Jjc_HLp0j-l6-BSwA_kSuKBKTDolqU5dUiOY48.jpg?width=320&amp;crop=smart&amp;auto=webp&amp;s=782eec275eae8a0b5324c41379e3bb65ce491a90', 'width': 320}, {'height': 360, 'url': 'https://external-preview.redd.it/Ie0B1Jjc_HLp0j-l6-BSwA_kSuKBKTDolqU5dUiOY48.jpg?width=640&amp;crop=smart&amp;auto=webp&amp;s=8edbbdeb184fd818eed8d0cf8283d2cb1e3a99ee', 'width': 640}, {'height': 540, 'url': 'https://external-preview.redd.it/Ie0B1Jjc_HLp0j-l6-BSwA_kSuKBKTDolqU5dUiOY48.jpg?width=960&amp;crop=smart&amp;auto=webp&amp;s=6ee568ee4abbe2f12ab3d6f01a8ec9be8459dd58', 'width': 960}, {'height': 607, 'url': 'https://external-preview.redd.it/Ie0B1Jjc_HLp0j-l6-BSwA_kSuKBKTDolqU5dUiOY48.jpg?width=1080&amp;crop=smart&amp;auto=webp&amp;s=6f053b1413a1c00d9fa31b78efc7e5789f00ddae', 'width': 1080}], 'source': {'height': 720, 'url': 'https://external-preview.redd.it/Ie0B1Jjc_HLp0j-l6-BSwA_kSuKBKTDolqU5dUiOY48.jpg?auto=webp&amp;s=b4fae9e25259a22efdc034cfde4f9163ef239a9f', 'width': 1280}, 'variants': {}}]}",0.0,1653848821,1,,,,True,False,False,UkraineInvasionVideos,t5_5wkihl,50973,public,https://b.thumbs.redditmedia.com/hz9F4xRidyXNBJZXJaz7jJu6btegIeEsRUnZKf2W28g.jpg,78.0,140.0,"üî¥LIVE: Ukraine, Live Camera 12 View Points, - Top Premium Stream (****)",0,[],1.0,https://youtube.com/watch?v=6En53LWNk8c&amp;feature=share,https://youtube.com/watch?v=6En53LWNk8c&amp;feature=share,no_ads,0.0,1653820011.0,reddit,,,,,,
[],False,discordiawar,,[],,text,t2_ke6ysu8k,False,False,False,[],False,False,1653846584,youtube.com,https://www.reddit.com/r/UkraineInvasionVideos/comments/v0ggch/live_kyiv_kharkiv_nikopol_mariupol_sumy_lutsk/,{},v0ggch,False,False,False,False,False,False,False,False,,[],dark,text,False,"{'oembed': {'author_name': 'Discordia', 'author_url': 'https://www.youtube.com/c/DiscordiaWar', 'height': 200, 'html': '&lt;iframe width=""356"" height=""200"" src=""https://www.youtube.com/embed/tIbO6berUN8?feature=oembed&amp;enablejsapi=1"" frameborder=""0"" allow=""accelerometer; autoplay; clipboard-write; encrypted-media; gyroscope; picture-in-picture"" allowfullscreen&gt;&lt;/iframe&gt;', 'provider_name': 'YouTube', 'provider_url': 'https://www.youtube.com/', 'thumbnail_height': 360, 'thumbnail_url': 'https://i.ytimg.com/vi/tIbO6berUN8/hqdefault.jpg', 'thumbnail_width': 480, 'title': 'üî¥LIVE: Kyiv, Kharkiv, Nikopol, Mariupol, Sumy, Lutsk Donetsk, Odessa-Ukraine |Multiple View Points|', 'type': 'video', 'version': '1.0', 'width': 356}, 'type': 'youtube.com'}","{'content': '&lt;iframe width=""356"" height=""200"" src=""https://www.youtube.com/embed/tIbO6berUN8?feature=oembed&amp;enablejsapi=1"" frameborder=""0"" allow=""accelerometer; autoplay; clipboard-write; encrypted-media; gyroscope; picture-in-picture"" allowfullscreen&gt;&lt;/iframe&gt;', 'height': 200, 'scrolling': False, 'width': 356}",False,True,0,0,False,no_ads,/r/UkraineInvasionVideos/comments/v0ggch/live_kyiv_kharkiv_nikopol_mariupol_sumy_lutsk/,False,rich:video,"{'enabled': False, 'images': [{'id': '0VcgolxJOtBd3HkvoBpZO68UaisH8impwbveNi1PZuc', 'resolutions': [{'height': 81, 'url': 'https://external-preview.redd.it/S4MDaKCAFVy-Qqs4HXRp6v-Ce_noC2MkcAe-PTGLPS4.jpg?width=108&amp;crop=smart&amp;auto=webp&amp;s=9a7b5c081bd8753466ee6217d24d220f7facfbe1', 'width': 108}, {'height': 162, 'url': 'https://external-preview.redd.it/S4MDaKCAFVy-Qqs4HXRp6v-Ce_noC2MkcAe-PTGLPS4.jpg?width=216&amp;crop=smart&amp;auto=webp&amp;s=4eed5a9cf87d34576a0c39c5dd878d7dbab68904', 'width': 216}, {'height': 240, 'url': 'https://external-preview.redd.it/S4MDaKCAFVy-Qqs4HXRp6v-Ce_noC2MkcAe-PTGLPS4.jpg?width=320&amp;crop=smart&amp;auto=webp&amp;s=6a63791574365ef5e888571468c1fff846353f8a', 'width': 320}], 'source': {'height': 360, 'url': 'https://external-preview.redd.it/S4MDaKCAFVy-Qqs4HXRp6v-Ce_noC2MkcAe-PTGLPS4.jpg?auto=webp&amp;s=208bd99044c352d33e18f37947c16b244ace0e69', 'width': 480}, 'variants': {}}]}",0.0,1653846595,1,"{'oembed': {'author_name': 'Discordia', 'author_url': 'https://www.youtube.com/c/DiscordiaWar', 'height': 200, 'html': '&lt;iframe width=""356"" height=""200"" src=""https://www.youtube.com/embed/tIbO6berUN8?feature=oembed&amp;enablejsapi=1"" frameborder=""0"" allow=""accelerometer; autoplay; clipboard-write; encrypted-media; gyroscope; picture-in-picture"" allowfullscreen&gt;&lt;/iframe&gt;', 'provider_name': 'YouTube', 'provider_url': 'https://www.youtube.com/', 'thumbnail_height': 360, 'thumbnail_url': 'https://i.ytimg.com/vi/tIbO6berUN8/hqdefault.jpg', 'thumbnail_width': 480, 'title': 'üî¥LIVE: Kyiv, Kharkiv, Nikopol, Mariupol, Sumy, Lutsk Donetsk, Odessa-Ukraine |Multiple View Points|', 'type': 'video', 'version': '1.0', 'width': 356}, 'type': 'youtube.com'}","{'content': '&lt;iframe width=""356"" height=""200"" src=""https://www.youtube.com/embed/tIbO6berUN8?feature=oembed&amp;enablejsapi=1"" frameborder=""0"" allow=""accelerometer; autoplay; clipboard-write; encrypted-media; gyroscope; picture-in-picture"" allowfullscreen&gt;&lt;/iframe&gt;', 'height': 200, 'media_domain_url': 'https://www.redditmedia.com/mediaembed/v0ggch', 'scrolling': False, 'width': 356}",,True,False,False,UkraineInvasionVideos,t5_5wkihl,50974,public,https://a.thumbs.redditmedia.com/G-kZ5yzCupzNBl597Mo-rDDYAgxbOSaJ4yyC9mq0tS0.jpg,105.0,140.0,"üî¥LIVE: Kyiv, Kharkiv, Nikopol, Mariupol, Sumy, Lutsk Donetsk, Odessa-Ukr...",0,[],1.0,https://youtube.com/watch?v=tIbO6berUN8&amp;feature=share,https://youtube.com/watch?v=tIbO6berUN8&amp;feature=share,no_ads,0.0,1653817784.0,reddit,,,,,,
[],False,DarkEagleZ2022,,[],,text,t2_9lq4tho9,False,False,False,[],False,False,1653843545,youtu.be,https://www.reddit.com/r/UkraineInvasionVideos/comments/v0ff4e/ukraine_war_update_29_may_ukrainians_advance_in/,{},v0ff4e,False,True,False,False,False,True,False,False,,[],dark,text,False,"{'oembed': {'author_name': 'MILITARY LAB.', 'author_url': 'https://www.youtube.com/channel/UCRTq5KxoyKuquatzn2iF0Pg', 'height': 200, 'html': '&lt;iframe width=""356"" height=""200"" src=""https://www.youtube.com/embed/W8ZUkZFaHKQ?feature=oembed&amp;enablejsapi=1"" frameborder=""0"" allow=""accelerometer; autoplay; clipboard-write; encrypted-media; gyroscope; picture-in-picture"" allowfullscreen&gt;&lt;/iframe&gt;', 'provider_name': 'YouTube', 'provider_url': 'https://www.youtube.com/', 'thumbnail_height': 360, 'thumbnail_url': 'https://i.ytimg.com/vi/W8ZUkZFaHKQ/hqdefault.jpg', 'thumbnail_width': 480, 'title': 'Russian Invasion of Ukraine [29 May 2022] - Ukrainians advance in Kherson Oblast!', 'type': 'video', 'version': '1.0', 'width': 356}, 'type': 'youtube.com'}","{'content': '&lt;iframe width=""356"" height=""200"" src=""https://www.youtube.com/embed/W8ZUkZFaHKQ?feature=oembed&amp;enablejsapi=1"" frameborder=""0"" allow=""accelerometer; autoplay; clipboard-write; encrypted-media; gyroscope; picture-in-picture"" allowfullscreen&gt;&lt;/iframe&gt;', 'height': 200, 'scrolling': False, 'width': 356}",False,False,0,0,False,no_ads,/r/UkraineInvasionVideos/comments/v0ff4e/ukraine_war_update_29_may_ukrainians_advance_in/,False,rich:video,"{'enabled': False, 'images': [{'id': 'cOjCSyxOXhp-czDq2GqAg3IEG__0qxolMEsi34I0-OA', 'resolutions': [{'height': 81, 'url': 'https://external-preview.redd.it/D3DhnCnMzDNibvk3pxZFMIlW8asj-gnuy4jlE-C9Zoc.jpg?width=108&amp;crop=smart&amp;auto=webp&amp;s=7e241fb0b117c913cc47edf14fa77246cc7178e3', 'width': 108}, {'height': 162, 'url': 'https://external-preview.redd.it/D3DhnCnMzDNibvk3pxZFMIlW8asj-gnuy4jlE-C9Zoc.jpg?width=216&amp;crop=smart&amp;auto=webp&amp;s=ecc1f09b7f131b79eb5cb7e64cb5173b81f450bb', 'width': 216}, {'height': 240, 'url': 'https://external-preview.redd.it/D3DhnCnMzDNibvk3pxZFMIlW8asj-gnuy4jlE-C9Zoc.jpg?width=320&amp;crop=smart&amp;auto=webp&amp;s=49aefa2e86933dcd15fcd16984285f3c416bc06b', 'width': 320}], 'source': {'height': 360, 'url': 'https://external-preview.redd.it/D3DhnCnMzDNibvk3pxZFMIlW8asj-gnuy4jlE-C9Zoc.jpg?auto=webp&amp;s=1e4348b63a8e8440491e3f93ca71be770080d2f3', 'width': 480}, 'variants': {}}]}",0.0,1653843555,1,"{'oembed': {'author_name': 'MILITARY LAB.', 'author_url': 'https://www.youtube.com/channel/UCRTq5KxoyKuquatzn2iF0Pg', 'height': 200, 'html': '&lt;iframe width=""356"" height=""200"" src=""https://www.youtube.com/embed/W8ZUkZFaHKQ?feature=oembed&amp;enablejsapi=1"" frameborder=""0"" allow=""accelerometer; autoplay; clipboard-write; encrypted-media; gyroscope; picture-in-picture"" allowfullscreen&gt;&lt;/iframe&gt;', 'provider_name': 'YouTube', 'provider_url': 'https://www.youtube.com/', 'thumbnail_height': 360, 'thumbnail_url': 'https://i.ytimg.com/vi/W8ZUkZFaHKQ/hqdefault.jpg', 'thumbnail_width': 480, 'title': 'Russian Invasion of Ukraine [29 May 2022] - Ukrainians advance in Kherson Oblast!', 'type': 'video', 'version': '1.0', 'width': 356}, 'type': 'youtube.com'}","{'content': '&lt;iframe width=""356"" height=""200"" src=""https://www.youtube.com/embed/W8ZUkZFaHKQ?feature=oembed&amp;enablejsapi=1"" frameborder=""0"" allow=""accelerometer; autoplay; clipboard-write; encrypted-media; gyroscope; picture-in-picture"" allowfullscreen&gt;&lt;/iframe&gt;', 'height': 200, 'media_domain_url': 'https://www.redditmedia.com/mediaembed/v0ff4e', 'scrolling': False, 'width': 356}",,True,False,False,UkraineInvasionVideos,t5_5wkihl,50967,public,https://b.thumbs.redditmedia.com/I_DH-lCjpN0vtAvIcEJrC0WowgxHOYZmyINKXXdPg1w.jpg,105.0,140.0,Ukraine War Update (29 May) - Ukrainians advance in Kherson!,0,[],1.0,https://youtu.be/W8ZUkZFaHKQ,https://youtu.be/W8ZUkZFaHKQ,no_ads,0.0,1653814745.0,,,,,,,
[],True,Zxagger1,,[],,text,t2_fmhxu2kg,False,False,False,[],False,False,1653842898,tiktok.com,https://www.reddit.com/r/UkraineInvasionVideos/comments/v0f78s/check_out_task_force_blacks_video/,{},v0f78s,False,True,False,False,False,True,False,False,,[],dark,text,False,,,False,True,0,0,False,no_ads,/r/UkraineInvasionVideos/comments/v0f78s/check_out_task_force_blacks_video/,False,link,"{'enabled': False, 'images': [{'id': 'sX7gGdqwo-hld2-51El5aen2s--OP2vY0Wq0R4Rw24g', 'resolutions': [{'height': 192, 'url': 'https://external-preview.redd.it/Vhg1WjIS5CCgOLGYV4Lo0wl8Yrwe2dYeA7qFOAX8R8k.jpg?width=108&amp;crop=smart&amp;auto=webp&amp;s=9b9fdc5bb90f594e2d99ed15244e07f80b13f0dd', 'width': 108}, {'height': 384, 'url': 'https://external-preview.redd.it/Vhg1WjIS5CCgOLGYV4Lo0wl8Yrwe2dYeA7qFOAX8R8k.jpg?width=216&amp;crop=smart&amp;auto=webp&amp;s=1137445584577d4995b69f519d692fda9ce34670', 'width': 216}, {'height': 568, 'url': 'https://external-preview.redd.it/Vhg1WjIS5CCgOLGYV4Lo0wl8Yrwe2dYeA7qFOAX8R8k.jpg?width=320&amp;crop=smart&amp;auto=webp&amp;s=688186d83d2bebba31a3906ab42b20d9b03cc81b', 'width': 320}], 'source': {'height': 960, 'url': 'https://external-preview.redd.it/Vhg1WjIS5CCgOLGYV4Lo0wl8Yrwe2dYeA7qFOAX8R8k.jpg?auto=webp&amp;s=81a193d2ec71084b3f1520aed35994d4e14c1d55', 'width': 540}, 'variants': {}}]}",0.0,1653842909,1,,,,True,False,False,UkraineInvasionVideos,t5_5wkihl,50966,public,https://b.thumbs.redditmedia.com/1OBYNqD5prPzkSfiyLeX0mx-BzbdS_GamiBPIbzSl2E.jpg,140.0,140.0,Check out Task Force Black's video!,0,[],1.0,https://www.tiktok.com/t/ZTd7LLjvh/?k=1,https://www.tiktok.com/t/ZTd7LLjvh/?k=1,no_ads,0.0,1653814098.0,,CHAT,new,,,,
[],False,PoSpinelopatoy,,[],,text,t2_11xgdy,False,False,False,[],False,False,1653837741,i.redd.it,https://www.reddit.com/r/UkraineInvasionVideos/comments/v0df3i/the_russian_military_destroyed_a_19th_century/,{},v0df3i,False,True,False,False,True,True,False,False,,[],dark,text,False,,,False,True,0,0,False,no_ads,/r/UkraineInvasionVideos/comments/v0df3i/the_russian_military_destroyed_a_19th_century/,False,image,"{'enabled': True, 'images': [{'id': 'mqyaOtPus2ICkN5QKhCm27UFCF8PIFA8r8b6CuiJ1gA', 'resolutions': [{'height': 72, 'url': 'https://preview.redd.it/xgsw0tw5nf291.jpg?width=108&amp;crop=smart&amp;auto=webp&amp;s=2fdb362ceeaadff49dcc760bd721af7c23b0d873', 'width': 108}, {'height': 145, 'url': 'https://preview.redd.it/xgsw0tw5nf291.jpg?width=216&amp;crop=smart&amp;auto=webp&amp;s=5090e5cf8a4bad45ce7b89a28822d3fb35f9f006', 'width': 216}, {'height': 216, 'url': 'https://preview.redd.it/xgsw0tw5nf291.jpg?width=320&amp;crop=smart&amp;auto=webp&amp;s=5b7b0aac5fa2519f1cbfc338cf9f40fc8bed508c', 'width': 320}, {'height': 432, 'url': 'https://preview.redd.it/xgsw0tw5nf291.jpg?width=640&amp;crop=smart&amp;auto=webp&amp;s=e1705a4ebb3a641714c294addeee744e557d17f7', 'width': 640}], 'source': {'height': 503, 'url': 'https://preview.redd.it/xgsw0tw5nf291.jpg?auto=webp&amp;s=104ff48b4332ee7839393619a69dcfd4f02f94f9', 'width': 745}, 'variants': {}}]}",0.0,1653837752,1,,,,True,False,False,UkraineInvasionVideos,t5_5wkihl,50964,public,https://b.thumbs.redditmedia.com/4FZAE8OLbeDVIp5Fl7E49vOXopQmMllCp2kRJWsPkDM.jpg,94.0,140.0,The russian military destroyed a 19th century church in Kyiv region.,0,[],1.0,https://i.redd.it/xgsw0tw5nf291.jpg,https://i.redd.it/xgsw0tw5nf291.jpg,no_ads,0.0,1653808941.0,,,,,,,
[],False,420KetWig,,[],,text,t2_n4bl4ty5,False,False,False,[],False,False,1653836748,youtu.be,https://www.reddit.com/r/UkraineInvasionVideos/comments/v0d2vu/ukrainian_forces_at_it_again_this_time/,{},v0d2vu,False,True,False,False,False,True,False,False,,[],dark,text,False,"{'oembed': {'author_name': 'Russia Ukraine War 2022', 'author_url': 'https://www.youtube.com/channel/UCy6xTU9s8h9p0OEUeKcIOlA', 'height': 200, 'html': '&lt;iframe width=""356"" height=""200"" src=""https://www.youtube.com/embed/e2NXELXpLc8?feature=oembed&amp;enablejsapi=1"" frameborder=""0"" allow=""accelerometer; autoplay; clipboard-write; encrypted-media; gyroscope; picture-in-picture"" allowfullscreen&gt;&lt;/iframe&gt;', 'provider_name': 'YouTube', 'provider_url': 'https://www.youtube.com/', 'thumbnail_height': 360, 'thumbnail_url': 'https://i.ytimg.com/vi/e2NXELXpLc8/hqdefault.jpg', 'thumbnail_width': 480, 'title': '#Ukrainian Artillery strikes Russian forces in the Kharkiv region. May 2022 #ukrainewar', 'type': 'video', 'version': '1.0', 'width': 356}, 'type': 'youtube.com'}","{'content': '&lt;iframe width=""356"" height=""200"" src=""https://www.youtube.com/embed/e2NXELXpLc8?feature=oembed&amp;enablejsapi=1"" frameborder=""0"" allow=""accelerometer; autoplay; clipboard-write; encrypted-media; gyroscope; picture-in-picture"" allowfullscreen&gt;&lt;/iframe&gt;', 'height': 200, 'scrolling': False, 'width': 356}",False,True,0,0,False,no_ads,/r/UkraineInvasionVideos/comments/v0d2vu/ukrainian_forces_at_it_again_this_time/,False,rich:video,"{'enabled': False, 'images': [{'id': 'yry3E66jVY5zfW1v-EQK8Pelip3S5XGAgrYoB3Eq9pQ', 'resolutions': [{'height': 81, 'url': 'https://external-preview.redd.it/nIKj0BngdCQdaV2Q9LjzWkJr00vMouNe0ExFCYKJwEc.jpg?width=108&amp;crop=smart&amp;auto=webp&amp;s=6d7abea029cc5fbbca0530ba5a853129031c75ec', 'width': 108}, {'height': 162, 'url': 'https://external-preview.redd.it/nIKj0BngdCQdaV2Q9LjzWkJr00vMouNe0ExFCYKJwEc.jpg?width=216&amp;crop=smart&amp;auto=webp&amp;s=df72d82c1529d2cb2dfe63a85998289fbfe2679e', 'width': 216}, {'height': 240, 'url': 'https://external-preview.redd.it/nIKj0BngdCQdaV2Q9LjzWkJr00vMouNe0ExFCYKJwEc.jpg?width=320&amp;crop=smart&amp;auto=webp&amp;s=db58823c03acd7cad79d73c12a8a64ee82742fbd', 'width': 320}], 'source': {'height': 360, 'url': 'https://external-preview.redd.it/nIKj0BngdCQdaV2Q9LjzWkJr00vMouNe0ExFCYKJwEc.jpg?auto=webp&amp;s=3880c4587088e146139d4a470affa74932621e3e', 'width': 480}, 'variants': {}}]}",0.0,1653836759,1,"{'oembed': {'author_name': 'Russia Ukraine War 2022', 'author_url': 'https://www.youtube.com/channel/UCy6xTU9s8h9p0OEUeKcIOlA', 'height': 200, 'html': '&lt;iframe width=""356"" height=""200"" src=""https://www.youtube.com/embed/e2NXELXpLc8?feature=oembed&amp;enablejsapi=1"" frameborder=""0"" allow=""accelerometer; autoplay; clipboard-write; encrypted-media; gyroscope; picture-in-picture"" allowfullscreen&gt;&lt;/iframe&gt;', 'provider_name': 'YouTube', 'provider_url': 'https://www.youtube.com/', 'thumbnail_height': 360, 'thumbnail_url': 'https://i.ytimg.com/vi/e2NXELXpLc8/hqdefault.jpg', 'thumbnail_width': 480, 'title': '#Ukrainian Artillery strikes Russian forces in the Kharkiv region. May 2022 #ukrainewar', 'type': 'video', 'version': '1.0', 'width': 356}, 'type': 'youtube.com'}","{'content': '&lt;iframe width=""356"" height=""200"" src=""https://www.youtube.com/embed/e2NXELXpLc8?feature=oembed&amp;enablejsapi=1"" frameborder=""0"" allow=""accelerometer; autoplay; clipboard-write; encrypted-media; gyroscope; picture-in-picture"" allowfullscreen&gt;&lt;/iframe&gt;', 'height': 200, 'media_domain_url': 'https://www.redditmedia.com/mediaembed/v0d2vu', 'scrolling': False, 'width': 356}",,False,False,False,UkraineInvasionVideos,t5_5wkihl,50963,public,https://b.thumbs.redditmedia.com/CaZu_viqgbu0JNasArfR0t6DgeaehFoN6dw_5q4BAGs.jpg,105.0,140.0,"Ukrainian forces at it again, this time eliminating another Russian convoy, this time with artillery strikes in Kharkiv",0,[],1.0,https://youtu.be/e2NXELXpLc8,https://youtu.be/e2NXELXpLc8,no_ads,0.0,1653807948.0,,,,,,,
[],False,420KetWig,,[],,text,t2_n4bl4ty5,False,False,False,[],False,False,1653836631,youtu.be,https://www.reddit.com/r/UkraineInvasionVideos/comments/v0d1ei/a_successful_ambush_by_ukrainian_forces_on/,{},v0d1ei,False,True,False,False,False,True,False,False,,[],dark,text,False,"{'oembed': {'author_name': 'Russia Ukraine War 2022', 'author_url': 'https://www.youtube.com/channel/UCy6xTU9s8h9p0OEUeKcIOlA', 'height': 200, 'html': '&lt;iframe width=""356"" height=""200"" src=""https://www.youtube.com/embed/bDJTGHcmpX0?feature=oembed&amp;enablejsapi=1"" frameborder=""0"" allow=""accelerometer; autoplay; clipboard-write; encrypted-media; gyroscope; picture-in-picture"" allowfullscreen&gt;&lt;/iframe&gt;', 'provider_name': 'YouTube', 'provider_url': 'https://www.youtube.com/', 'thumbnail_height': 360, 'thumbnail_url': 'https://i.ytimg.com/vi/bDJTGHcmpX0/hqdefault.jpg', 'thumbnail_width': 480, 'title': '#Ukrainian forces ambushed a #Russian military convoy in Donetsk Oblast region. May 2022 #ukrainewar', 'type': 'video', 'version': '1.0', 'width': 356}, 'type': 'youtube.com'}","{'content': '&lt;iframe width=""356"" height=""200"" src=""https://www.youtube.com/embed/bDJTGHcmpX0?feature=oembed&amp;enablejsapi=1"" frameborder=""0"" allow=""accelerometer; autoplay; clipboard-write; encrypted-media; gyroscope; picture-in-picture"" allowfullscreen&gt;&lt;/iframe&gt;', 'height': 200, 'scrolling': False, 'width': 356}",False,True,0,0,False,no_ads,/r/UkraineInvasionVideos/comments/v0d1ei/a_successful_ambush_by_ukrainian_forces_on/,False,rich:video,"{'enabled': False, 'images': [{'id': '913EgU3P_--jSONYRY_OoJoKbTnSLEdKW7OlTS7ulXs', 'resolutions': [{'height': 81, 'url': 'https://external-preview.redd.it/UsMaUyhh3TvVss_a9UxqsKv-dnhHWnqfoZKaNITrFCU.jpg?width=108&amp;crop=smart&amp;auto=webp&amp;s=54f0fdea074940de681e061b78a34ddd9aa934ca', 'width': 108}, {'height': 162, 'url': 'https://external-preview.redd.it/UsMaUyhh3TvVss_a9UxqsKv-dnhHWnqfoZKaNITrFCU.jpg?width=216&amp;crop=smart&amp;auto=webp&amp;s=c87e395b5319dcdf589ae6407a97afb88ba12dd6', 'width': 216}, {'height': 240, 'url': 'https://external-preview.redd.it/UsMaUyhh3TvVss_a9UxqsKv-dnhHWnqfoZKaNITrFCU.jpg?width=320&amp;crop=smart&amp;auto=webp&amp;s=6db134edaa062e9953174c3ae637026f4aff42f2', 'width': 320}], 'source': {'height': 360, 'url': 'https://external-preview.redd.it/UsMaUyhh3TvVss_a9UxqsKv-dnhHWnqfoZKaNITrFCU.jpg?auto=webp&amp;s=8370c96a9e11eed99b63d723204e1916af40ca72', 'width': 480}, 'variants': {}}]}",0.0,1653836642,1,"{'oembed': {'author_name': 'Russia Ukraine War 2022', 'author_url': 'https://www.youtube.com/channel/UCy6xTU9s8h9p0OEUeKcIOlA', 'height': 200, 'html': '&lt;iframe width=""356"" height=""200"" src=""https://www.youtube.com/embed/bDJTGHcmpX0?feature=oembed&amp;enablejsapi=1"" frameborder=""0"" allow=""accelerometer; autoplay; clipboard-write; encrypted-media; gyroscope; picture-in-picture"" allowfullscreen&gt;&lt;/iframe&gt;', 'provider_name': 'YouTube', 'provider_url': 'https://www.youtube.com/', 'thumbnail_height': 360, 'thumbnail_url': 'https://i.ytimg.com/vi/bDJTGHcmpX0/hqdefault.jpg', 'thumbnail_width': 480, 'title': '#Ukrainian forces ambushed a #Russian military convoy in Donetsk Oblast region. May 2022 #ukrainewar', 'type': 'video', 'version': '1.0', 'width': 356}, 'type': 'youtube.com'}","{'content': '&lt;iframe width=""356"" height=""200"" src=""https://www.youtube.com/embed/bDJTGHcmpX0?feature=oembed&amp;enablejsapi=1"" frameborder=""0"" allow=""accelerometer; autoplay; clipboard-write; encrypted-media; gyroscope; picture-in-picture"" allowfullscreen&gt;&lt;/iframe&gt;', 'height': 200, 'media_domain_url': 'https://www.redditmedia.com/mediaembed/v0d1ei', 'scrolling': False, 'width': 356}",,False,False,False,UkraineInvasionVideos,t5_5wkihl,50963,public,https://b.thumbs.redditmedia.com/WGuZtDtShLb8sf2e4iECNtKu5LDeAZYogZXBeS1idUs.jpg,105.0,140.0,A successful ambush by Ukrainian forces on Russian convoy in Donetsk,0,[],1.0,https://youtu.be/bDJTGHcmpX0,https://youtu.be/bDJTGHcmpX0,no_ads,0.0,1653807831.0,,,,,,,
[],False,Gedekid123,,[],,text,t2_h7f7ezqn,False,False,False,[],False,False,1653836324,youtu.be,https://www.reddit.com/r/UkraineInvasionVideos/comments/v0cxbw/hey_guys_i_made_a_new_video_on_the_russian/,{},v0cxbw,False,True,False,False,False,True,False,False,,[],dark,text,False,"{'oembed': {'author_name': 'Philip Levin', 'author_url': 'https://www.youtube.com/channel/UCgNOaup5mUXYjLJidfFaf2A', 'height': 200, 'html': '&lt;iframe width=""356"" height=""200"" src=""https://www.youtube.com/embed/ELvLZM4sgNY?feature=oembed&amp;enablejsapi=1"" frameborder=""0"" allow=""accelerometer; autoplay; clipboard-write; encrypted-media; gyroscope; picture-in-picture"" allowfullscreen&gt;&lt;/iframe&gt;', 'provider_name': 'YouTube', 'provider_url': 'https://www.youtube.com/', 'thumbnail_height': 360, 'thumbnail_url': 'https://i.ytimg.com/vi/ELvLZM4sgNY/hqdefault.jpg', 'thumbnail_width': 480, 'title': 'The battle for eastern Ukraine continues', 'type': 'video', 'version': '1.0', 'width': 356}, 'type': 'youtube.com'}","{'content': '&lt;iframe width=""356"" height=""200"" src=""https://www.youtube.com/embed/ELvLZM4sgNY?feature=oembed&amp;enablejsapi=1"" frameborder=""0"" allow=""accelerometer; autoplay; clipboard-write; encrypted-media; gyroscope; picture-in-picture"" allowfullscreen&gt;&lt;/iframe&gt;', 'height': 200, 'scrolling': False, 'width': 356}",False,True,0,0,False,no_ads,/r/UkraineInvasionVideos/comments/v0cxbw/hey_guys_i_made_a_new_video_on_the_russian/,False,rich:video,"{'enabled': False, 'images': [{'id': 'NryiIK8MHGNuIULFpS1nT0snIFU-WAF1HCyrtQ_yQ-E', 'resolutions': [{'height': 81, 'url': 'https://external-preview.redd.it/efagDPeDt7DzgoE8HaPJVcCs-a8qElbXXN28PL-Vk-Y.jpg?width=108&amp;crop=smart&amp;auto=webp&amp;s=d34640b32e00eb18b5ee56c6bd522f1c98169b41', 'width': 108}, {'height': 162, 'url': 'https://external-preview.redd.it/efagDPeDt7DzgoE8HaPJVcCs-a8qElbXXN28PL-Vk-Y.jpg?width=216&amp;crop=smart&amp;auto=webp&amp;s=528d036e25b6f00d7efa69d7f7727bfa6b87a890', 'width': 216}, {'height': 240, 'url': 'https://external-preview.redd.it/efagDPeDt7DzgoE8HaPJVcCs-a8qElbXXN28PL-Vk-Y.jpg?width=320&amp;crop=smart&amp;auto=webp&amp;s=4a6d4b8171cfdc4ce87344b557524669fd4646b0', 'width': 320}], 'source': {'height': 360, 'url': 'https://external-preview.redd.it/efagDPeDt7DzgoE8HaPJVcCs-a8qElbXXN28PL-Vk-Y.jpg?auto=webp&amp;s=856872a8f06fdd72d9063dc88aaf1336a036ea0f', 'width': 480}, 'variants': {}}]}",0.0,1653836334,1,"{'oembed': {'author_name': 'Philip Levin', 'author_url': 'https://www.youtube.com/channel/UCgNOaup5mUXYjLJidfFaf2A', 'height': 200, 'html': '&lt;iframe width=""356"" height=""200"" src=""https://www.youtube.com/embed/ELvLZM4sgNY?feature=oembed&amp;enablejsapi=1"" frameborder=""0"" allow=""accelerometer; autoplay; clipboard-write; encrypted-media; gyroscope; picture-in-picture"" allowfullscreen&gt;&lt;/iframe&gt;', 'provider_name': 'YouTube', 'provider_url': 'https://www.youtube.com/', 'thumbnail_height': 360, 'thumbnail_url': 'https://i.ytimg.com/vi/ELvLZM4sgNY/hqdefault.jpg', 'thumbnail_width': 480, 'title': 'The battle for eastern Ukraine continues', 'type': 'video', 'version': '1.0', 'width': 356}, 'type': 'youtube.com'}","{'content': '&lt;iframe width=""356"" height=""200"" src=""https://www.youtube.com/embed/ELvLZM4sgNY?feature=oembed&amp;enablejsapi=1"" frameborder=""0"" allow=""accelerometer; autoplay; clipboard-write; encrypted-media; gyroscope; picture-in-picture"" allowfullscreen&gt;&lt;/iframe&gt;', 'height': 200, 'media_domain_url': 'https://www.redditmedia.com/mediaembed/v0cxbw', 'scrolling': False, 'width': 356}",,True,False,False,UkraineInvasionVideos,t5_5wkihl,50963,public,https://b.thumbs.redditmedia.com/DcK7KjMKugxe_P1XTyXrNje65ny8Gm36nBzBr9thw5A.jpg,105.0,140.0,Hey guys! I made a new video on the Russian advances in eastern Ukraine. I hope it can be of interest to some of you. Slava Ukraini üü®üü¶,0,[],1.0,https://youtu.be/ELvLZM4sgNY,https://youtu.be/ELvLZM4sgNY,no_ads,0.0,1653807524.0,,,,,,,
[],False,discordiawar,,[],,text,t2_ke6ysu8k,False,False,False,[],False,False,1653834266,youtube.com,https://www.reddit.com/r/UkraineInvasionVideos/comments/v0c8xv/live_kyiv_kharkiv_nikopol_zaporizhya_sumy_donetsk/,{},v0c8xv,False,False,False,False,False,False,False,False,,[],dark,text,False,"{'oembed': {'author_name': 'Discordia', 'author_url': 'https://www.youtube.com/c/DiscordiaWar', 'height': 200, 'html': '&lt;iframe width=""356"" height=""200"" src=""https://www.youtube.com/embed/wki7eyicLko?feature=oembed&amp;enablejsapi=1"" frameborder=""0"" allow=""accelerometer; autoplay; clipboard-write; encrypted-media; gyroscope; picture-in-picture"" allowfullscreen&gt;&lt;/iframe&gt;', 'provider_name': 'YouTube', 'provider_url': 'https://www.youtube.com/', 'thumbnail_height': 360, 'thumbnail_url': 'https://i.ytimg.com/vi/wki7eyicLko/hqdefault.jpg', 'thumbnail_width': 480, 'title': 'üî¥LIVE: Kyiv, Kharkiv, Nikopol, Mariupol, Sumy, Donetsk, Odessa -Ukraine |Multiple View Points|', 'type': 'video', 'version': '1.0', 'width': 356}, 'type': 'youtube.com'}","{'content': '&lt;iframe width=""356"" height=""200"" src=""https://www.youtube.com/embed/wki7eyicLko?feature=oembed&amp;enablejsapi=1"" frameborder=""0"" allow=""accelerometer; autoplay; clipboard-write; encrypted-media; gyroscope; picture-in-picture"" allowfullscreen&gt;&lt;/iframe&gt;', 'height': 200, 'scrolling': False, 'width': 356}",False,True,0,0,False,no_ads,/r/UkraineInvasionVideos/comments/v0c8xv/live_kyiv_kharkiv_nikopol_zaporizhya_sumy_donetsk/,False,rich:video,"{'enabled': False, 'images': [{'id': 'dg6pzeTRNY-b24iD-yicgkAGAN7l35oPCVmEMJvdCn4', 'resolutions': [{'height': 81, 'url': 'https://external-preview.redd.it/Y-qwNHMOZ84dnOcUYNrB1BJow-wLMqGPoLyGcKr1RPQ.jpg?width=108&amp;crop=smart&amp;auto=webp&amp;s=2e677c203e4b50e416d50d94c129dd0c14c4b0bc', 'width': 108}, {'height': 162, 'url': 'https://external-preview.redd.it/Y-qwNHMOZ84dnOcUYNrB1BJow-wLMqGPoLyGcKr1RPQ.jpg?width=216&amp;crop=smart&amp;auto=webp&amp;s=7215c8dee357601e857bd7d5f1eb3e709840fe36', 'width': 216}, {'height': 240, 'url': 'https://external-preview.redd.it/Y-qwNHMOZ84dnOcUYNrB1BJow-wLMqGPoLyGcKr1RPQ.jpg?width=320&amp;crop=smart&amp;auto=webp&amp;s=1189b08fcabbc213a65d843f9db205bc076901f2', 'width': 320}], 'source': {'height': 360, 'url': 'https://external-preview.redd.it/Y-qwNHMOZ84dnOcUYNrB1BJow-wLMqGPoLyGcKr1RPQ.jpg?auto=webp&amp;s=2a9b7ff2b94546eef45de99bb7d94c751eaa48f2', 'width': 480}, 'variants': {}}]}",0.0,1653834277,1,"{'oembed': {'author_name': 'Discordia', 'author_url': 'https://www.youtube.com/c/DiscordiaWar', 'height': 200, 'html': '&lt;iframe width=""356"" height=""200"" src=""https://www.youtube.com/embed/wki7eyicLko?feature=oembed&amp;enablejsapi=1"" frameborder=""0"" allow=""accelerometer; autoplay; clipboard-write; encrypted-media; gyroscope; picture-in-picture"" allowfullscreen&gt;&lt;/iframe&gt;', 'provider_name': 'YouTube', 'provider_url': 'https://www.youtube.com/', 'thumbnail_height': 360, 'thumbnail_url': 'https://i.ytimg.com/vi/wki7eyicLko/hqdefault.jpg', 'thumbnail_width': 480, 'title': 'üî¥LIVE: Kyiv, Kharkiv, Nikopol, Mariupol, Sumy, Donetsk, Odessa -Ukraine |Multiple View Points|', 'type': 'video', 'version': '1.0', 'width': 356}, 'type': 'youtube.com'}","{'content': '&lt;iframe width=""356"" height=""200"" src=""https://www.youtube.com/embed/wki7eyicLko?feature=oembed&amp;enablejsapi=1"" frameborder=""0"" allow=""accelerometer; autoplay; clipboard-write; encrypted-media; gyroscope; picture-in-picture"" allowfullscreen&gt;&lt;/iframe&gt;', 'height': 200, 'media_domain_url': 'https://www.redditmedia.com/mediaembed/v0c8xv', 'scrolling': False, 'width': 356}",,True,False,False,UkraineInvasionVideos,t5_5wkihl,50964,public,https://b.thumbs.redditmedia.com/n-2p8n2up0fggIcMH-qIjw_86pOLxF2s_7QIR6eqcro.jpg,105.0,140.0,"üî¥LIVE: Kyiv, Kharkiv, Nikopol, Zaporizhya, Sumy, Donetsk, Odessa -Ukrain...",0,[],1.0,https://youtube.com/watch?v=wki7eyicLko&amp;feature=share,https://youtube.com/watch?v=wki7eyicLko&amp;feature=share,no_ads,0.0,1653805466.0,reddit,,,,,,
[],False,DarkEagleZ2022,,[],,text,t2_9lq4tho9,False,False,False,[],False,False,1653831841,self.UkraineInvasionVideos,https://www.reddit.com/r/UkraineInvasionVideos/comments/v0bhg2/ukrainians_capture_russian_t80_bvm_tank/,{},v0bhg2,False,True,False,False,False,True,True,False,,[],dark,text,False,,,False,False,0,0,False,no_ads,/r/UkraineInvasionVideos/comments/v0bhg2/ukrainians_capture_russian_t80_bvm_tank/,False,,,0.0,1653831852,1,,,,True,False,False,UkraineInvasionVideos,t5_5wkihl,50965,public,self,,,Ukrainians capture russian T-80 BVM tank,0,[],1.0,https://www.reddit.com/r/UkraineInvasionVideos/comments/v0bhg2/ukrainians_capture_russian_t80_bvm_tank/,,no_ads,0.0,1653803041.0,,,,,,,
[],False,lokmardion,,[],,text,t2_8hfpq6nn,False,False,False,[],False,False,1653831642,russiavsworld.org,https://www.reddit.com/r/UkraineInvasionVideos/comments/v0bf9n/sometimes_you_stand_and_think_what_can_i_show_if/,{},v0bf9n,False,True,False,False,False,True,False,False,,[],dark,text,False,,,False,True,0,0,False,no_ads,/r/UkraineInvasionVideos/comments/v0bf9n/sometimes_you_stand_and_think_what_can_i_show_if/,False,link,"{'enabled': False, 'images': [{'id': 'gETKw0I3iOlEkrAGhcuuJX-L7FiDS36-TEKPAvvFvNw', 'resolutions': [{'height': 64, 'url': 'https://external-preview.redd.it/gfF7Yr1HroabMSZn_C9KjVWo4vISUPU2ooygzLdQDVI.jpg?width=108&amp;crop=smart&amp;auto=webp&amp;s=2cdcf0f83d3407969b92cd2205ebf8618625f06c', 'width': 108}, {'height': 128, 'url': 'https://external-preview.redd.it/gfF7Yr1HroabMSZn_C9KjVWo4vISUPU2ooygzLdQDVI.jpg?width=216&amp;crop=smart&amp;auto=webp&amp;s=073abdb8c43478e491e8527ec0adfc6692f44e3e', 'width': 216}, {'height': 190, 'url': 'https://external-preview.redd.it/gfF7Yr1HroabMSZn_C9KjVWo4vISUPU2ooygzLdQDVI.jpg?width=320&amp;crop=smart&amp;auto=webp&amp;s=8195679ea20f028dd107fbd4c45bc4ee83eaa941', 'width': 320}, {'height': 380, 'url': 'https://external-preview.redd.it/gfF7Yr1HroabMSZn_C9KjVWo4vISUPU2ooygzLdQDVI.jpg?width=640&amp;crop=smart&amp;auto=webp&amp;s=eeb08be298b690120cf5c34e542e4af870571ca1', 'width': 640}, {'height': 571, 'url': 'https://external-preview.redd.it/gfF7Yr1HroabMSZn_C9KjVWo4vISUPU2ooygzLdQDVI.jpg?width=960&amp;crop=smart&amp;auto=webp&amp;s=f4cc9afa8edeff3758b08752edb25276f2dc5bc9', 'width': 960}, {'height': 642, 'url': 'https://external-preview.redd.it/gfF7Yr1HroabMSZn_C9KjVWo4vISUPU2ooygzLdQDVI.jpg?width=1080&amp;crop=smart&amp;auto=webp&amp;s=89abb5c00f0948cfcb8a4ccf1be8820a7ebe18db', 'width': 1080}], 'source': {'height': 1000, 'url': 'https://external-preview.redd.it/gfF7Yr1HroabMSZn_C9KjVWo4vISUPU2ooygzLdQDVI.jpg?auto=webp&amp;s=75b132c39053e5849676d09e7ea3fa2a0703af43', 'width': 1680}, 'variants': {}}]}",0.0,1653831652,1,,,,True,False,False,UkraineInvasionVideos,t5_5wkihl,50965,public,https://a.thumbs.redditmedia.com/z0aBKLboRMHWNfAMvx9NIeBBo5Dt9-uT7BHAp359cv0.jpg,83.0,140.0,‚ÄúSometimes you stand and think: what can I show if the body is headless?‚Äù Story of a Ukrainian morgue worker,0,[],1.0,https://russiavsworld.org/sometimes-you-stand-and-think-what-can-i-show-if-the-body-is-headless-story-of-a-ukrainian-morgue-worker/,https://russiavsworld.org/sometimes-you-stand-and-think-what-can-i-show-if-the-body-is-headless-story-of-a-ukrainian-morgue-worker/,no_ads,0.0,1653802842.0,,,,,,,
[],False,lokmardion,,[],,text,t2_8hfpq6nn,False,False,False,[],False,False,1653830566,russiavsworld.org,https://www.reddit.com/r/UkraineInvasionVideos/comments/v0b3k5/sometimes_you_stand_and_think_what_can_i_show_if/,{},v0b3k5,False,True,False,False,False,True,False,False,,[],dark,text,False,,,False,True,0,0,False,no_ads,/r/UkraineInvasionVideos/comments/v0b3k5/sometimes_you_stand_and_think_what_can_i_show_if/,False,link,"{'enabled': False, 'images': [{'id': 'gETKw0I3iOlEkrAGhcuuJX-L7FiDS36-TEKPAvvFvNw', 'resolutions': [{'height': 64, 'url': 'https://external-preview.redd.it/gfF7Yr1HroabMSZn_C9KjVWo4vISUPU2ooygzLdQDVI.jpg?width=108&amp;crop=smart&amp;auto=webp&amp;s=2cdcf0f83d3407969b92cd2205ebf8618625f06c', 'width': 108}, {'height': 128, 'url': 'https://external-preview.redd.it/gfF7Yr1HroabMSZn_C9KjVWo4vISUPU2ooygzLdQDVI.jpg?width=216&amp;crop=smart&amp;auto=webp&amp;s=073abdb8c43478e491e8527ec0adfc6692f44e3e', 'width': 216}, {'height': 190, 'url': 'https://external-preview.redd.it/gfF7Yr1HroabMSZn_C9KjVWo4vISUPU2ooygzLdQDVI.jpg?width=320&amp;crop=smart&amp;auto=webp&amp;s=8195679ea20f028dd107fbd4c45bc4ee83eaa941', 'width': 320}, {'height': 380, 'url': 'https://external-preview.redd.it/gfF7Yr1HroabMSZn_C9KjVWo4vISUPU2ooygzLdQDVI.jpg?width=640&amp;crop=smart&amp;auto=webp&amp;s=eeb08be298b690120cf5c34e542e4af870571ca1', 'width': 640}, {'height': 571, 'url': 'https://external-preview.redd.it/gfF7Yr1HroabMSZn_C9KjVWo4vISUPU2ooygzLdQDVI.jpg?width=960&amp;crop=smart&amp;auto=webp&amp;s=f4cc9afa8edeff3758b08752edb25276f2dc5bc9', 'width': 960}, {'height': 642, 'url': 'https://external-preview.redd.it/gfF7Yr1HroabMSZn_C9KjVWo4vISUPU2ooygzLdQDVI.jpg?width=1080&amp;crop=smart&amp;auto=webp&amp;s=89abb5c00f0948cfcb8a4ccf1be8820a7ebe18db', 'width': 1080}], 'source': {'height': 1000, 'url': 'https://external-preview.redd.it/gfF7Yr1HroabMSZn_C9KjVWo4vISUPU2ooygzLdQDVI.jpg?auto=webp&amp;s=75b132c39053e5849676d09e7ea3fa2a0703af43', 'width': 1680}, 'variants': {}}]}",0.0,1653830577,1,,,,True,False,False,UkraineInvasionVideos,t5_5wkihl,50964,public,https://b.thumbs.redditmedia.com/lKJmnnmyFuyzvpEXAhVmqt_8b9JN3wSmwhbeT3JfDDo.jpg,83.0,140.0,‚ÄúSometimes you stand and think: what can I show if a body is without a head?‚Äù Story of a Ukrainian morgue worker,0,[],1.0,https://russiavsworld.org/sometimes-you-stand-and-think-what-can-i-show-if-a-body-is-without-a-head-story-of-a-ukrainian-morgue-worker/,https://russiavsworld.org/sometimes-you-stand-and-think-what-can-i-show-if-a-body-is-without-a-head-story-of-a-ukrainian-morgue-worker/,no_ads,0.0,1653801766.0,,,,,,,
[],False,Valuable_Issue_6698,,[],,text,t2_j6x9rnr7,False,False,False,[],False,False,1653830104,/r/UkraineInvasionVideos/comments/v0aylf/joe_biden_and_george_washington_are_secretly/,https://www.reddit.com/r/UkraineInvasionVideos/comments/v0aylf/joe_biden_and_george_washington_are_secretly/,{},v0aylf,False,True,False,False,False,True,False,True,,[],dark,text,False,,,False,True,0,0,False,no_ads,/r/UkraineInvasionVideos/comments/v0aylf/joe_biden_and_george_washington_are_secretly/,False,hosted:video,"{'enabled': False, 'images': [{'id': 'YLDAM9pzugZLhuzkS0dQjKNvYUnJ5ViUNQ_n_LubKqY', 'resolutions': [{'height': 192, 'url': 'https://external-preview.redd.it/1HsNps9Kl15CiY0KEZNHPNkPqOJyrVFEnuLQLSUXsP0.png?width=108&amp;crop=smart&amp;format=pjpg&amp;auto=webp&amp;s=9cc6e73be63295e7918486fa5ef1069f08c463f1', 'width': 108}, {'height': 385, 'url': 'https://external-preview.redd.it/1HsNps9Kl15CiY0KEZNHPNkPqOJyrVFEnuLQLSUXsP0.png?width=216&amp;crop=smart&amp;format=pjpg&amp;auto=webp&amp;s=dac2ccc10a94a104ce1e2678680f5218e7da0d99', 'width': 216}], 'source': {'height': 400, 'url': 'https://external-preview.redd.it/1HsNps9Kl15CiY0KEZNHPNkPqOJyrVFEnuLQLSUXsP0.png?format=pjpg&amp;auto=webp&amp;s=2a1ba37546d11d7d83baa600799a4018fa8d697e', 'width': 224}, 'variants': {}}]}",0.0,1653830115,1,,,,True,False,False,UkraineInvasionVideos,t5_5wkihl,50964,public,https://b.thumbs.redditmedia.com/RG14nY4XeEUpZcn5u7te25ZiKqd6bCM6E7QSKKwU8-Y.jpg,140.0,140.0,Joe Biden and George Washington are secretly Ukrainian according to Russian Tv :,0,[],1.0,https://v.redd.it/d2sibm7h0f291,https://v.redd.it/d2sibm7h0f291,no_ads,0.0,1653801304.0,,,,,,,
[],False,discordiawar,,[],,text,t2_ke6ysu8k,False,False,False,[],False,False,1653824099,youtube.com,https://www.reddit.com/r/UkraineInvasionVideos/comments/v09b7t/live_camera_day95_russia_ukraine_war_40_cities_hd/,{},v09b7t,False,False,False,False,False,False,False,False,,[],dark,text,False,"{'oembed': {'author_name': 'HQLiveCam', 'author_url': 'https://www.youtube.com/channel/UCaBGfep5I6DNJsQo-P43Vmg', 'height': 200, 'html': '&lt;iframe width=""356"" height=""200"" src=""https://www.youtube.com/embed/fbjJueOnnm8?feature=oembed&amp;enablejsapi=1"" frameborder=""0"" allow=""accelerometer; autoplay; clipboard-write; encrypted-media; gyroscope; picture-in-picture"" allowfullscreen&gt;&lt;/iframe&gt;', 'provider_name': 'YouTube', 'provider_url': 'https://www.youtube.com/', 'thumbnail_height': 360, 'thumbnail_url': 'https://i.ytimg.com/vi/fbjJueOnnm8/hqdefault.jpg', 'thumbnail_width': 480, 'title': 'üî¥[LIVE CAMERA] [DAY95] RUSSIA - UKRAINE WAR [40 CITIES] [HD]', 'type': 'video', 'version': '1.0', 'width': 356}, 'type': 'youtube.com'}","{'content': '&lt;iframe width=""356"" height=""200"" src=""https://www.youtube.com/embed/fbjJueOnnm8?feature=oembed&amp;enablejsapi=1"" frameborder=""0"" allow=""accelerometer; autoplay; clipboard-write; encrypted-media; gyroscope; picture-in-picture"" allowfullscreen&gt;&lt;/iframe&gt;', 'height': 200, 'scrolling': False, 'width': 356}",False,True,0,0,False,,/r/UkraineInvasionVideos/comments/v09b7t/live_camera_day95_russia_ukraine_war_40_cities_hd/,False,rich:video,"{'enabled': False, 'images': [{'id': '0THhz2PIPgG-EHZWu_FwlNT28ArNRIBAyw81MbrwqPE', 'resolutions': [{'height': 81, 'url': 'https://external-preview.redd.it/Hzmrs2k8Vl-ElhTIjtK2P1GAVylZ4sqR_BwfthncKi8.jpg?width=108&amp;crop=smart&amp;auto=webp&amp;s=fdafc6698a9b9f5d748be89cd0df4b1ca8e754c5', 'width': 108}, {'height': 162, 'url': 'https://external-preview.redd.it/Hzmrs2k8Vl-ElhTIjtK2P1GAVylZ4sqR_BwfthncKi8.jpg?width=216&amp;crop=smart&amp;auto=webp&amp;s=aa7415aada0890d777a7f2ca3d40b06e3ec29373', 'width': 216}, {'height': 240, 'url': 'https://external-preview.redd.it/Hzmrs2k8Vl-ElhTIjtK2P1GAVylZ4sqR_BwfthncKi8.jpg?width=320&amp;crop=smart&amp;auto=webp&amp;s=3313db9cf308b9a43bde8363ea7f8310f449f1d3', 'width': 320}], 'source': {'height': 360, 'url': 'https://external-preview.redd.it/Hzmrs2k8Vl-ElhTIjtK2P1GAVylZ4sqR_BwfthncKi8.jpg?auto=webp&amp;s=a1760bf6482e223044ee1a2433d51ee7b246e1b0', 'width': 480}, 'variants': {}}]}",,1653824110,1,"{'oembed': {'author_name': 'HQLiveCam', 'author_url': 'https://www.youtube.com/channel/UCaBGfep5I6DNJsQo-P43Vmg', 'height': 200, 'html': '&lt;iframe width=""356"" height=""200"" src=""https://www.youtube.com/embed/fbjJueOnnm8?feature=oembed&amp;enablejsapi=1"" frameborder=""0"" allow=""accelerometer; autoplay; clipboard-write; encrypted-media; gyroscope; picture-in-picture"" allowfullscreen&gt;&lt;/iframe&gt;', 'provider_name': 'YouTube', 'provider_url': 'https://www.youtube.com/', 'thumbnail_height': 360, 'thumbnail_url': 'https://i.ytimg.com/vi/fbjJueOnnm8/hqdefault.jpg', 'thumbnail_width': 480, 'title': 'üî¥[LIVE CAMERA] [DAY95] RUSSIA - UKRAINE WAR [40 CITIES] [HD]', 'type': 'video', 'version': '1.0', 'width': 356}, 'type': 'youtube.com'}","{'content': '&lt;iframe width=""356"" height=""200"" src=""https://www.youtube.com/embed/fbjJueOnnm8?feature=oembed&amp;enablejsapi=1"" frameborder=""0"" allow=""accelerometer; autoplay; clipboard-write; encrypted-media; gyroscope; picture-in-picture"" allowfullscreen&gt;&lt;/iframe&gt;', 'height': 200, 'media_domain_url': 'https://www.redditmedia.com/mediaembed/v09b7t', 'scrolling': False, 'width': 356}",,True,False,False,UkraineInvasionVideos,t5_5wkihl,50961,public,https://b.thumbs.redditmedia.com/ZDaHa5LammIrzQRTfhzz6_G8Af5xpfRj2xn6d1uoZNI.jpg,105.0,140.0,üî¥[LIVE CAMERA] [DAY95] RUSSIA - UKRAINE WAR [40 CITIES] [HD],0,[],1.0,https://youtube.com/watch?v=fbjJueOnnm8&amp;feature=share,https://youtube.com/watch?v=fbjJueOnnm8&amp;feature=share,,,1653795299.0,reddit,,,,,,
[],False,AppleBudget_,,[],,text,t2_3jvyokgi,False,False,False,[],False,False,1653822965,youtube.com,https://www.reddit.com/r/UkraineInvasionVideos/comments/v091ab/destruction_of_the_russian_typhoonk_290522/,{},v091ab,False,True,False,False,False,True,False,False,,[],dark,text,False,"{'oembed': {'author_name': '–ë–û–ô–û–í–ò–ô –ö–ê–†–ò–§–Ü–ö –£–ö–†–ê–á–ù–ò –¢–ê –†–û–°–Ü–áüí•üí£- Topic', 'author_url': 'https://www.youtube.com/channel/UCxJymz33Qht-7oBPf3QMifw', 'height': 200, 'html': '&lt;iframe width=""267"" height=""200"" src=""https://www.youtube.com/embed/fMh-d2m8OoY?feature=oembed&amp;enablejsapi=1"" frameborder=""0"" allow=""accelerometer; autoplay; clipboard-write; encrypted-media; gyroscope; picture-in-picture"" allowfullscreen&gt;&lt;/iframe&gt;', 'provider_name': 'YouTube', 'provider_url': 'https://www.youtube.com/', 'thumbnail_height': 360, 'thumbnail_url': 'https://i.ytimg.com/vi/fMh-d2m8OoY/hqdefault.jpg', 'thumbnail_width': 480, 'title': 'DESTRUCTION OF THE RUSSIAN TYPHOON-K, KHERSON REGION / –¢–∞–π—Ñ—É–Ω-–ö', 'type': 'video', 'version': '1.0', 'width': 267}, 'type': 'youtube.com'}","{'content': '&lt;iframe width=""267"" height=""200"" src=""https://www.youtube.com/embed/fMh-d2m8OoY?feature=oembed&amp;enablejsapi=1"" frameborder=""0"" allow=""accelerometer; autoplay; clipboard-write; encrypted-media; gyroscope; picture-in-picture"" allowfullscreen&gt;&lt;/iframe&gt;', 'height': 200, 'scrolling': False, 'width': 267}",False,True,0,0,False,no_ads,/r/UkraineInvasionVideos/comments/v091ab/destruction_of_the_russian_typhoonk_290522/,False,rich:video,"{'enabled': False, 'images': [{'id': 'PqZT00MRGBW7Gl0CNYq-RhalF_BqVkTF212DIHvjLds', 'resolutions': [{'height': 81, 'url': 'https://external-preview.redd.it/CQJE3AQZ-z3139XqphuhMLV09zYaN5PMFulfG6qHTJI.jpg?width=108&amp;crop=smart&amp;auto=webp&amp;s=7b33615ba501c1b9dfa385c0cf78691278c5b6c3', 'width': 108}, {'height': 162, 'url': 'https://external-preview.redd.it/CQJE3AQZ-z3139XqphuhMLV09zYaN5PMFulfG6qHTJI.jpg?width=216&amp;crop=smart&amp;auto=webp&amp;s=4869279ee43e07f961aaadf667ac21a435e17503', 'width': 216}, {'height': 240, 'url': 'https://external-preview.redd.it/CQJE3AQZ-z3139XqphuhMLV09zYaN5PMFulfG6qHTJI.jpg?width=320&amp;crop=smart&amp;auto=webp&amp;s=14856f1b478d34edd0c0f1dc911757fb494c18de', 'width': 320}], 'source': {'height': 360, 'url': 'https://external-preview.redd.it/CQJE3AQZ-z3139XqphuhMLV09zYaN5PMFulfG6qHTJI.jpg?auto=webp&amp;s=b2d0049f30f2502b12c29dba1852e6335ff9c267', 'width': 480}, 'variants': {}}]}",0.0,1653822975,1,"{'oembed': {'author_name': '–ë–û–ô–û–í–ò–ô –ö–ê–†–ò–§–Ü–ö –£–ö–†–ê–á–ù–ò –¢–ê –†–û–°–Ü–áüí•üí£- Topic', 'author_url': 'https://www.youtube.com/channel/UCxJymz33Qht-7oBPf3QMifw', 'height': 200, 'html': '&lt;iframe width=""267"" height=""200"" src=""https://www.youtube.com/embed/fMh-d2m8OoY?feature=oembed&amp;enablejsapi=1"" frameborder=""0"" allow=""accelerometer; autoplay; clipboard-write; encrypted-media; gyroscope; picture-in-picture"" allowfullscreen&gt;&lt;/iframe&gt;', 'provider_name': 'YouTube', 'provider_url': 'https://www.youtube.com/', 'thumbnail_height': 360, 'thumbnail_url': 'https://i.ytimg.com/vi/fMh-d2m8OoY/hqdefault.jpg', 'thumbnail_width': 480, 'title': 'DESTRUCTION OF THE RUSSIAN TYPHOON-K, KHERSON REGION / –¢–∞–π—Ñ—É–Ω-–ö', 'type': 'video', 'version': '1.0', 'width': 267}, 'type': 'youtube.com'}","{'content': '&lt;iframe width=""267"" height=""200"" src=""https://www.youtube.com/embed/fMh-d2m8OoY?feature=oembed&amp;enablejsapi=1"" frameborder=""0"" allow=""accelerometer; autoplay; clipboard-write; encrypted-media; gyroscope; picture-in-picture"" allowfullscreen&gt;&lt;/iframe&gt;', 'height': 200, 'media_domain_url': 'https://www.redditmedia.com/mediaembed/v091ab', 'scrolling': False, 'width': 267}",,True,False,False,UkraineInvasionVideos,t5_5wkihl,50963,public,https://b.thumbs.redditmedia.com/s9jV1djFYezphJeBMHAmV0S8AaA28LDaBd9_9bFKP6U.jpg,105.0,140.0,Destruction Of The Russian Typhoon-K [29/05/22],0,[],1.0,https://www.youtube.com/watch?v=fMh-d2m8OoY,https://www.youtube.com/watch?v=fMh-d2m8OoY,no_ads,0.0,1653794165.0,,,,,,,
[],False,discordiawar,,[],,text,t2_ke6ysu8k,False,False,False,[],False,False,1653822195,youtube.com,https://www.reddit.com/r/UkraineInvasionVideos/comments/v08uoa/live_kyiv_kharkiv_nikopol_zaporizhya_sumy_donetsk/,{},v08uoa,False,False,False,False,False,False,False,False,,[],dark,text,False,"{'oembed': {'author_name': 'Discordia', 'author_url': 'https://www.youtube.com/c/DiscordiaWar', 'height': 200, 'html': '&lt;iframe width=""356"" height=""200"" src=""https://www.youtube.com/embed/0G4GVDQmpEs?feature=oembed&amp;enablejsapi=1"" frameborder=""0"" allow=""accelerometer; autoplay; clipboard-write; encrypted-media; gyroscope; picture-in-picture"" allowfullscreen&gt;&lt;/iframe&gt;', 'provider_name': 'YouTube', 'provider_url': 'https://www.youtube.com/', 'thumbnail_height': 360, 'thumbnail_url': 'https://i.ytimg.com/vi/0G4GVDQmpEs/hqdefault.jpg', 'thumbnail_width': 480, 'title': 'üî¥LIVE: Kyiv, Kharkiv, Nikopol, Zaporizhya, Sumy, Donetsk, Odessa -Ukraine |Multiple View Points|', 'type': 'video', 'version': '1.0', 'width': 356}, 'type': 'youtube.com'}","{'content': '&lt;iframe width=""356"" height=""200"" src=""https://www.youtube.com/embed/0G4GVDQmpEs?feature=oembed&amp;enablejsapi=1"" frameborder=""0"" allow=""accelerometer; autoplay; clipboard-write; encrypted-media; gyroscope; picture-in-picture"" allowfullscreen&gt;&lt;/iframe&gt;', 'height': 200, 'scrolling': False, 'width': 356}",False,True,0,0,False,no_ads,/r/UkraineInvasionVideos/comments/v08uoa/live_kyiv_kharkiv_nikopol_zaporizhya_sumy_donetsk/,False,rich:video,"{'enabled': False, 'images': [{'id': 'bnybXfb6wEabFJyePKLuIsMbOZ6JK9jPzHR8Wc1bWqE', 'resolutions': [{'height': 81, 'url': 'https://external-preview.redd.it/bI6FBG_JebFRu5zTsGXARxjRzDzcTSd5Zi2XplSWP4o.jpg?width=108&amp;crop=smart&amp;auto=webp&amp;s=0be375d196792cbb25e2bb7ca6bdc699cddb2f52', 'width': 108}, {'height': 162, 'url': 'https://external-preview.redd.it/bI6FBG_JebFRu5zTsGXARxjRzDzcTSd5Zi2XplSWP4o.jpg?width=216&amp;crop=smart&amp;auto=webp&amp;s=365574e51d147228fac6763caf2f08e7052fe9f2', 'width': 216}, {'height': 240, 'url': 'https://external-preview.redd.it/bI6FBG_JebFRu5zTsGXARxjRzDzcTSd5Zi2XplSWP4o.jpg?width=320&amp;crop=smart&amp;auto=webp&amp;s=9fc577492ca5040fffe482a2cdc7748bc2b141bd', 'width': 320}], 'source': {'height': 360, 'url': 'https://external-preview.redd.it/bI6FBG_JebFRu5zTsGXARxjRzDzcTSd5Zi2XplSWP4o.jpg?auto=webp&amp;s=ae83b26711aa10bef009947f2f8a069f9a013a6f', 'width': 480}, 'variants': {}}]}",0.0,1653822205,1,"{'oembed': {'author_name': 'Discordia', 'author_url': 'https://www.youtube.com/c/DiscordiaWar', 'height': 200, 'html': '&lt;iframe width=""356"" height=""200"" src=""https://www.youtube.com/embed/0G4GVDQmpEs?feature=oembed&amp;enablejsapi=1"" frameborder=""0"" allow=""accelerometer; autoplay; clipboard-write; encrypted-media; gyroscope; picture-in-picture"" allowfullscreen&gt;&lt;/iframe&gt;', 'provider_name': 'YouTube', 'provider_url': 'https://www.youtube.com/', 'thumbnail_height': 360, 'thumbnail_url': 'https://i.ytimg.com/vi/0G4GVDQmpEs/hqdefault.jpg', 'thumbnail_width': 480, 'title': 'üî¥LIVE: Kyiv, Kharkiv, Nikopol, Zaporizhya, Sumy, Donetsk, Odessa -Ukraine |Multiple View Points|', 'type': 'video', 'version': '1.0', 'width': 356}, 'type': 'youtube.com'}","{'content': '&lt;iframe width=""356"" height=""200"" src=""https://www.youtube.com/embed/0G4GVDQmpEs?feature=oembed&amp;enablejsapi=1"" frameborder=""0"" allow=""accelerometer; autoplay; clipboard-write; encrypted-media; gyroscope; picture-in-picture"" allowfullscreen&gt;&lt;/iframe&gt;', 'height': 200, 'media_domain_url': 'https://www.redditmedia.com/mediaembed/v08uoa', 'scrolling': False, 'width': 356}",,True,False,False,UkraineInvasionVideos,t5_5wkihl,50962,public,https://b.thumbs.redditmedia.com/UjRRmKO7kAO1WOsbZY3Y_DTqLco4V9QMwuYaEETLAFI.jpg,105.0,140.0,"üî¥LIVE: Kyiv, Kharkiv, Nikopol, Zaporizhya, Sumy, Donetsk, Odessa -Ukrain...",0,[],1.0,https://youtube.com/watch?v=0G4GVDQmpEs&amp;feature=share,https://youtube.com/watch?v=0G4GVDQmpEs&amp;feature=share,no_ads,0.0,1653793395.0,reddit,,,,,,
[],False,discordiawar,,[],,text,t2_ke6ysu8k,False,False,False,[],False,False,1653821440,youtube.com,https://www.reddit.com/r/UkraineInvasionVideos/comments/v08odj/live_ukraine_live_camera_12_view_points_top/,{},v08odj,False,False,False,False,False,False,False,False,,[],dark,text,False,"{'oembed': {'author_name': 'cam TV', 'author_url': 'https://www.youtube.com/channel/UCTA2ObCZ77gYo1zywNPS3-A', 'height': 200, 'html': '&lt;iframe width=""267"" height=""200"" src=""https://www.youtube.com/embed/AcTILxY-rqY?feature=oembed&amp;enablejsapi=1"" frameborder=""0"" allow=""accelerometer; autoplay; clipboard-write; encrypted-media; gyroscope; picture-in-picture"" allowfullscreen&gt;&lt;/iframe&gt;', 'provider_name': 'YouTube', 'provider_url': 'https://www.youtube.com/', 'thumbnail_height': 360, 'thumbnail_url': 'https://i.ytimg.com/vi/AcTILxY-rqY/hqdefault.jpg', 'thumbnail_width': 480, 'title': 'üî¥LIVE: Ukraine, Live Camera 12 View Points, - Top Premium Stream (****)', 'type': 'video', 'version': '1.0', 'width': 267}, 'type': 'youtube.com'}","{'content': '&lt;iframe width=""267"" height=""200"" src=""https://www.youtube.com/embed/AcTILxY-rqY?feature=oembed&amp;enablejsapi=1"" frameborder=""0"" allow=""accelerometer; autoplay; clipboard-write; encrypted-media; gyroscope; picture-in-picture"" allowfullscreen&gt;&lt;/iframe&gt;', 'height': 200, 'scrolling': False, 'width': 267}",False,True,0,0,False,no_ads,/r/UkraineInvasionVideos/comments/v08odj/live_ukraine_live_camera_12_view_points_top/,False,rich:video,"{'enabled': False, 'images': [{'id': 'mh0BrpU5ltf9lbzmmAZwI__wowCUDCZSWdBwsk_mhgM', 'resolutions': [{'height': 81, 'url': 'https://external-preview.redd.it/K1ajER9bFXKB0I82Jqey_rrKWaA6Bje2QGJ5ZMRUXoY.jpg?width=108&amp;crop=smart&amp;auto=webp&amp;s=0c72c14b44cb4d4c9c3c5dd75cf8dfb077470826', 'width': 108}, {'height': 162, 'url': 'https://external-preview.redd.it/K1ajER9bFXKB0I82Jqey_rrKWaA6Bje2QGJ5ZMRUXoY.jpg?width=216&amp;crop=smart&amp;auto=webp&amp;s=6e1ccc187f2e45da7d672e3e84e11c909f4e1c5b', 'width': 216}, {'height': 240, 'url': 'https://external-preview.redd.it/K1ajER9bFXKB0I82Jqey_rrKWaA6Bje2QGJ5ZMRUXoY.jpg?width=320&amp;crop=smart&amp;auto=webp&amp;s=4f0434d9b27fd66f3eaf06f4663b5620955757a9', 'width': 320}], 'source': {'height': 360, 'url': 'https://external-preview.redd.it/K1ajER9bFXKB0I82Jqey_rrKWaA6Bje2QGJ5ZMRUXoY.jpg?auto=webp&amp;s=662f64b7b8e7ae3f46aa2528afbce93e6dd1aeb6', 'width': 480}, 'variants': {}}]}",0.0,1653821450,1,"{'oembed': {'author_name': 'cam TV', 'author_url': 'https://www.youtube.com/channel/UCTA2ObCZ77gYo1zywNPS3-A', 'height': 200, 'html': '&lt;iframe width=""267"" height=""200"" src=""https://www.youtube.com/embed/AcTILxY-rqY?feature=oembed&amp;enablejsapi=1"" frameborder=""0"" allow=""accelerometer; autoplay; clipboard-write; encrypted-media; gyroscope; picture-in-picture"" allowfullscreen&gt;&lt;/iframe&gt;', 'provider_name': 'YouTube', 'provider_url': 'https://www.youtube.com/', 'thumbnail_height': 360, 'thumbnail_url': 'https://i.ytimg.com/vi/AcTILxY-rqY/hqdefault.jpg', 'thumbnail_width': 480, 'title': 'üî¥LIVE: Ukraine, Live Camera 12 View Points, - Top Premium Stream (****)', 'type': 'video', 'version': '1.0', 'width': 267}, 'type': 'youtube.com'}","{'content': '&lt;iframe width=""267"" height=""200"" src=""https://www.youtube.com/embed/AcTILxY-rqY?feature=oembed&amp;enablejsapi=1"" frameborder=""0"" allow=""accelerometer; autoplay; clipboard-write; encrypted-media; gyroscope; picture-in-picture"" allowfullscreen&gt;&lt;/iframe&gt;', 'height': 200, 'media_domain_url': 'https://www.redditmedia.com/mediaembed/v08odj', 'scrolling': False, 'width': 267}",,True,False,False,UkraineInvasionVideos,t5_5wkihl,50962,public,https://b.thumbs.redditmedia.com/oYx0s-GyY3duAtmRFxJ_K4yv6RzzGt1Y59fbiWoWr0E.jpg,105.0,140.0,"üî¥LIVE: Ukraine, Live Camera 12 View Points, - Top Premium Stream (****)",0,[],1.0,https://youtube.com/watch?v=AcTILxY-rqY&amp;feature=share,https://youtube.com/watch?v=AcTILxY-rqY&amp;feature=share,no_ads,0.0,1653792640.0,reddit,,,,,,
[],False,discordiawar,,[],,text,t2_ke6ysu8k,False,False,False,[],False,False,1653821199,self.UkraineInvasionVideos,https://www.reddit.com/r/UkraineInvasionVideos/comments/v08mg1/live_camera_day95_russia_ukraine_war_40_cities_hd/,{},v08mg1,False,False,False,False,False,False,True,False,,[],dark,text,False,,,False,True,0,0,False,no_ads,/r/UkraineInvasionVideos/comments/v08mg1/live_camera_day95_russia_ukraine_war_40_cities_hd/,False,self,"{'enabled': False, 'images': [{'id': '0THhz2PIPgG-EHZWu_FwlNT28ArNRIBAyw81MbrwqPE', 'resolutions': [{'height': 81, 'url': 'https://external-preview.redd.it/Hzmrs2k8Vl-ElhTIjtK2P1GAVylZ4sqR_BwfthncKi8.jpg?width=108&amp;crop=smart&amp;auto=webp&amp;s=fdafc6698a9b9f5d748be89cd0df4b1ca8e754c5', 'width': 108}, {'height': 162, 'url': 'https://external-preview.redd.it/Hzmrs2k8Vl-ElhTIjtK2P1GAVylZ4sqR_BwfthncKi8.jpg?width=216&amp;crop=smart&amp;auto=webp&amp;s=aa7415aada0890d777a7f2ca3d40b06e3ec29373', 'width': 216}, {'height': 240, 'url': 'https://external-preview.redd.it/Hzmrs2k8Vl-ElhTIjtK2P1GAVylZ4sqR_BwfthncKi8.jpg?width=320&amp;crop=smart&amp;auto=webp&amp;s=3313db9cf308b9a43bde8363ea7f8310f449f1d3', 'width': 320}], 'source': {'height': 360, 'url': 'https://external-preview.redd.it/Hzmrs2k8Vl-ElhTIjtK2P1GAVylZ4sqR_BwfthncKi8.jpg?auto=webp&amp;s=a1760bf6482e223044ee1a2433d51ee7b246e1b0', 'width': 480}, 'variants': {}}]}",0.0,1653821209,1,,,[removed],True,False,False,UkraineInvasionVideos,t5_5wkihl,50962,public,self,,,üî¥[LIVE CAMERA] [DAY95] RUSSIA - UKRAINE WAR [40 CITIES] [HD],0,[],1.0,https://www.reddit.com/r/UkraineInvasionVideos/comments/v08mg1/live_camera_day95_russia_ukraine_war_40_cities_hd/,,no_ads,0.0,1653792399.0,reddit,,,,,,
[],False,Moneymaker2106,,[],,text,t2_kwhdnl5n,False,False,False,[],False,False,1653815711,i.redd.it,https://www.reddit.com/r/UkraineInvasionVideos/comments/v07f9t/ukrainian_president_volodymyr_zelenskiy_has/,{},v07f9t,False,True,False,False,True,True,False,False,,[],dark,text,False,,,False,True,0,0,False,no_ads,/r/UkraineInvasionVideos/comments/v07f9t/ukrainian_president_volodymyr_zelenskiy_has/,False,image,"{'enabled': True, 'images': [{'id': 'ybGTwi-avJS38A5zmbJJNssWRoypBCtSaFnOuGmJK-g', 'resolutions': [{'height': 67, 'url': 'https://preview.redd.it/k3q6v4nftd291.jpg?width=108&amp;crop=smart&amp;auto=webp&amp;s=b2415662b585b7dae6630487b110a2d7b503b44e', 'width': 108}, {'height': 135, 'url': 'https://preview.redd.it/k3q6v4nftd291.jpg?width=216&amp;crop=smart&amp;auto=webp&amp;s=cea04f1db313bfe725cebfb8175d06782a8c005f', 'width': 216}, {'height': 200, 'url': 'https://preview.redd.it/k3q6v4nftd291.jpg?width=320&amp;crop=smart&amp;auto=webp&amp;s=d5c2cf3590132b4c3435bc0e3206aaf06f4edaae', 'width': 320}, {'height': 400, 'url': 'https://preview.redd.it/k3q6v4nftd291.jpg?width=640&amp;crop=smart&amp;auto=webp&amp;s=41c6914f406d886f4c75c6112ff9fa0a63484e02', 'width': 640}, {'height': 600, 'url': 'https://preview.redd.it/k3q6v4nftd291.jpg?width=960&amp;crop=smart&amp;auto=webp&amp;s=6210acae41b63b85590f5ab8a97e1aa448ad44bc', 'width': 960}, {'height': 675, 'url': 'https://preview.redd.it/k3q6v4nftd291.jpg?width=1080&amp;crop=smart&amp;auto=webp&amp;s=ca0b363125219e4cfd3a26df32b6a08377a9731d', 'width': 1080}], 'source': {'height': 750, 'url': 'https://preview.redd.it/k3q6v4nftd291.jpg?auto=webp&amp;s=294e182c31bbfb9aa42980944a5880326554dcfa', 'width': 1200}, 'variants': {}}]}",0.0,1653815721,1,,,,True,False,False,UkraineInvasionVideos,t5_5wkihl,50960,public,https://a.thumbs.redditmedia.com/KTw0aCY-jT1BuRBo86E7jkub2BBS1lHLxm2_vNXbh64.jpg,87.0,140.0,Ukrainian President Volodymyr Zelenskiy has expressed hope that allies will provide needed weapons as Ukrainian forces try to halt advancing Russian forces in the east amid reports of fierce fighting in the eastern city of Syevyerodonetsk.,0,[],1.0,https://i.redd.it/k3q6v4nftd291.jpg,https://i.redd.it/k3q6v4nftd291.jpg,no_ads,0.0,1653786911.0,,,,,,,
[],False,winaph,,[],,text,t2_ksxi66u4,False,False,False,[],False,False,1653814467,/r/UkraineInvasionVideos/comments/v075dm/the_28th_brigade_chases_and_sets_fire_to/,https://www.reddit.com/r/UkraineInvasionVideos/comments/v075dm/the_28th_brigade_chases_and_sets_fire_to/,{},v075dm,False,True,False,False,False,True,False,True,,[],dark,text,False,,,False,True,0,0,False,no_ads,/r/UkraineInvasionVideos/comments/v075dm/the_28th_brigade_chases_and_sets_fire_to/,False,hosted:video,"{'enabled': False, 'images': [{'id': 'wd1cEjuBFInLsnCsJpMcEqQ4QBMUie--U2lfpNSf9CQ', 'resolutions': [{'height': 60, 'url': 'https://external-preview.redd.it/CgD8CgGhPDBij5suw7vv7LJvf3dsOc7laBSI8SL8Ado.png?width=108&amp;crop=smart&amp;format=pjpg&amp;auto=webp&amp;s=32cd2c7a144780a3637aeae3a8d57b79a8cd674d', 'width': 108}, {'height': 121, 'url': 'https://external-preview.redd.it/CgD8CgGhPDBij5suw7vv7LJvf3dsOc7laBSI8SL8Ado.png?width=216&amp;crop=smart&amp;format=pjpg&amp;auto=webp&amp;s=44576e77fce01d78f69e58ea59f63041055b0ac2', 'width': 216}, {'height': 180, 'url': 'https://external-preview.redd.it/CgD8CgGhPDBij5suw7vv7LJvf3dsOc7laBSI8SL8Ado.png?width=320&amp;crop=smart&amp;format=pjpg&amp;auto=webp&amp;s=df818390088c34a874f176c98e5c5a54980b8485', 'width': 320}, {'height': 360, 'url': 'https://external-preview.redd.it/CgD8CgGhPDBij5suw7vv7LJvf3dsOc7laBSI8SL8Ado.png?width=640&amp;crop=smart&amp;format=pjpg&amp;auto=webp&amp;s=022e6e93f5aa6959ac616d970374d551f0c082dd', 'width': 640}, {'height': 540, 'url': 'https://external-preview.redd.it/CgD8CgGhPDBij5suw7vv7LJvf3dsOc7laBSI8SL8Ado.png?width=960&amp;crop=smart&amp;format=pjpg&amp;auto=webp&amp;s=4c9b7f816b50dd6e5f11b13e916ccd9cac194525', 'width': 960}, {'height': 607, 'url': 'https://external-preview.redd.it/CgD8CgGhPDBij5suw7vv7LJvf3dsOc7laBSI8SL8Ado.png?width=1080&amp;crop=smart&amp;format=pjpg&amp;auto=webp&amp;s=37910f34fa50aac76707a59e87c7a9a3c3d54c8d', 'width': 1080}], 'source': {'height': 1080, 'url': 'https://external-preview.redd.it/CgD8CgGhPDBij5suw7vv7LJvf3dsOc7laBSI8SL8Ado.png?format=pjpg&amp;auto=webp&amp;s=574dca4b2978dd62bbbfb3504329fe8ef243044a', 'width': 1920}, 'variants': {}}]}",0.0,1653814477,1,,,,True,False,False,UkraineInvasionVideos,t5_5wkihl,50961,public,https://b.thumbs.redditmedia.com/dDqouGZFy_B5txohuAqicAMqXtJF4bSyoQ6sTnugd-s.jpg,78.0,140.0,The 28th Brigade chases and sets fire to equipment of occupiers in Kherson and Nikolaev areas,0,[],1.0,https://v.redd.it/tulvkexxpd291,https://v.redd.it/tulvkexxpd291,no_ads,0.0,1653785667.0,,,,,,,
[],False,lokmardion,,[],,text,t2_8hfpq6nn,False,False,False,[],False,False,1653813971,reddit.com,https://www.reddit.com/r/UkraineInvasionVideos/comments/v071op/ukrainian_t84_oplot_on_the_frontlines/,{},v071op,False,True,False,False,False,True,False,False,,[],dark,text,False,,,False,True,0,0,False,no_ads,/r/UkraineInvasionVideos/comments/v071op/ukrainian_t84_oplot_on_the_frontlines/,False,,,0.0,1653813981,1,,,,True,False,False,UkraineInvasionVideos,t5_5wkihl,50960,public,https://b.thumbs.redditmedia.com/TSMkbG06d5P_1Gj7_8EVnPEO3LvMSDS2ZiPyTiAuNBw.jpg,140.0,140.0,Ukrainian T-84 Oplot on the frontlines,0,[],1.0,https://www.reddit.com/gallery/v071op,https://www.reddit.com/gallery/v071op,no_ads,0.0,1653785171.0,,,,"{'items': [{'id': 147126977, 'media_id': 'kcl19k9iod291'}, {'id': 147126978, 'media_id': '583v2i9iod291'}]}",True,"{'583v2i9iod291': {'e': 'Image', 'id': '583v2i9iod291', 'm': 'image/jpg', 'p': [{'u': 'https://preview.redd.it/583v2i9iod291.jpg?width=108&amp;crop=smart&amp;auto=webp&amp;s=168da7eab812c91c0fd0d0a375c002070406cac1', 'x': 108, 'y': 50}, {'u': 'https://preview.redd.it/583v2i9iod291.jpg?width=216&amp;crop=smart&amp;auto=webp&amp;s=f5f2a27d96f8f27e26600e66a53575565a745062', 'x': 216, 'y': 101}, {'u': 'https://preview.redd.it/583v2i9iod291.jpg?width=320&amp;crop=smart&amp;auto=webp&amp;s=c96c53a433a28e9c78f079be7902259eb6c2ecff', 'x': 320, 'y': 149}, {'u': 'https://preview.redd.it/583v2i9iod291.jpg?width=640&amp;crop=smart&amp;auto=webp&amp;s=915524d8d81c33b9b6acad6a4e132de6e126b677', 'x': 640, 'y': 299}, {'u': 'https://preview.redd.it/583v2i9iod291.jpg?width=960&amp;crop=smart&amp;auto=webp&amp;s=999d9e21cc73c5760f5d1206418e0ce54ef93d69', 'x': 960, 'y': 449}], 's': {'u': 'https://preview.redd.it/583v2i9iod291.jpg?width=1062&amp;format=pjpg&amp;auto=webp&amp;s=7c1ce0d930b878c22313c77de9baa3dfc551fa66', 'x': 1062, 'y': 497}, 'status': 'valid'}, 'kcl19k9iod291': {'e': 'Image', 'id': 'kcl19k9iod291', 'm': 'image/jpg', 'p': [{'u': 'https://preview.redd.it/kcl19k9iod291.jpg?width=108&amp;crop=smart&amp;auto=webp&amp;s=4d8397de246318d0fa3c5faa7d2d4d7554ac2c22', 'x': 108, 'y': 108}, {'u': 'https://preview.redd.it/kcl19k9iod291.jpg?width=216&amp;crop=smart&amp;auto=webp&amp;s=1d21043294d21b8f6208a693c93826064339c43a', 'x': 216, 'y': 216}, {'u': 'https://preview.redd.it/kcl19k9iod291.jpg?width=320&amp;crop=smart&amp;auto=webp&amp;s=39222ad9605d6c42f7e1b580bc029c40b7e045df', 'x': 320, 'y': 320}, {'u': 'https://preview.redd.it/kcl19k9iod291.jpg?width=640&amp;crop=smart&amp;auto=webp&amp;s=58bf3dd838e50f48a63398aef4e952a3575b5c37', 'x': 640, 'y': 640}, {'u': 'https://preview.redd.it/kcl19k9iod291.jpg?width=960&amp;crop=smart&amp;auto=webp&amp;s=d3ccce0ffb9671d3d474f528754ff86aea5b5ffa', 'x': 960, 'y': 960}, {'u': 'https://preview.redd.it/kcl19k9iod291.jpg?width=1080&amp;crop=smart&amp;auto=webp&amp;s=866d08691000ae6f0173952d567205e767e86be7', 'x': 1080, 'y': 1080}], 's': {'u': 'https://preview.redd.it/kcl19k9iod291.jpg?width=1280&amp;format=pjpg&amp;auto=webp&amp;s=e5f6c22f7a2a9e23858bb81b13f47c226181eb70', 'x': 1280, 'y': 1280}, 'status': 'valid'}}",
[],False,BananaBrumik,,[],,text,t2_lsyjj26v,False,False,False,[],False,False,1653811797,i.redd.it,https://www.reddit.com/r/UkraineInvasionVideos/comments/v06la0/improvised_morgue_in_supermarket_in_mariupol/,{},v06la0,False,True,False,False,True,True,False,False,,[],dark,text,False,,,False,False,0,0,True,no_ads,/r/UkraineInvasionVideos/comments/v06la0/improvised_morgue_in_supermarket_in_mariupol/,False,image,"{'enabled': True, 'images': [{'id': 'L_an5vp1p3f3qkjHJFdw_2Td5d6MlnP8STvBDHBbzVg', 'resolutions': [{'height': 144, 'url': 'https://preview.redd.it/jhnibpm1id291.jpg?width=108&amp;crop=smart&amp;auto=webp&amp;s=c3406c87e736a0b635859ba9adfc3a5185410712', 'width': 108}, {'height': 288, 'url': 'https://preview.redd.it/jhnibpm1id291.jpg?width=216&amp;crop=smart&amp;auto=webp&amp;s=e0c5b939a4afa7b80a3c89f1bc032bb910f36d1e', 'width': 216}, {'height': 426, 'url': 'https://preview.redd.it/jhnibpm1id291.jpg?width=320&amp;crop=smart&amp;auto=webp&amp;s=a96b33b5b319bb85e90f4cb1c5ac5239805ad7b2', 'width': 320}, {'height': 853, 'url': 'https://preview.redd.it/jhnibpm1id291.jpg?width=640&amp;crop=smart&amp;auto=webp&amp;s=27bcd582c3552933414310edb3fcc08a34b60c32', 'width': 640}, {'height': 1280, 'url': 'https://preview.redd.it/jhnibpm1id291.jpg?width=960&amp;crop=smart&amp;auto=webp&amp;s=7d8bc9bbbec7ccaf266cabb5d16661e6fb285021', 'width': 960}], 'source': {'height': 1280, 'url': 'https://preview.redd.it/jhnibpm1id291.jpg?auto=webp&amp;s=e5327e79b62ac71179c1fc90544f68f5e0a065d5', 'width': 960}, 'variants': {'nsfw': {'resolutions': [{'height': 144, 'url': 'https://preview.redd.it/jhnibpm1id291.jpg?width=108&amp;crop=smart&amp;blur=10&amp;format=pjpg&amp;auto=webp&amp;s=9f5861770b9141f6e7ec53a9a85629f5e65387b8', 'width': 108}, {'height': 288, 'url': 'https://preview.redd.it/jhnibpm1id291.jpg?width=216&amp;crop=smart&amp;blur=21&amp;format=pjpg&amp;auto=webp&amp;s=162ce2321129e195950bafb00e5b160d065cd4ef', 'width': 216}, {'height': 426, 'url': 'https://preview.redd.it/jhnibpm1id291.jpg?width=320&amp;crop=smart&amp;blur=32&amp;format=pjpg&amp;auto=webp&amp;s=1b2c688d30fca13a66b9e7457f095b313cd088c6', 'width': 320}, {'height': 853, 'url': 'https://preview.redd.it/jhnibpm1id291.jpg?width=640&amp;crop=smart&amp;blur=40&amp;format=pjpg&amp;auto=webp&amp;s=6e1472accebfa26de103a41480674653fcc3664b', 'width': 640}, {'height': 1280, 'url': 'https://preview.redd.it/jhnibpm1id291.jpg?width=960&amp;crop=smart&amp;blur=40&amp;format=pjpg&amp;auto=webp&amp;s=5946824dd16932eeaa766b26fbbad43150fbb1c5', 'width': 960}], 'source': {'height': 1280, 'url': 'https://preview.redd.it/jhnibpm1id291.jpg?blur=40&amp;format=pjpg&amp;auto=webp&amp;s=6d7f0b13b20e460a803f0d098dddbaad2515dd35', 'width': 960}}, 'obfuscated': {'resolutions': [{'height': 144, 'url': 'https://preview.redd.it/jhnibpm1id291.jpg?width=108&amp;crop=smart&amp;blur=10&amp;format=pjpg&amp;auto=webp&amp;s=9f5861770b9141f6e7ec53a9a85629f5e65387b8', 'width': 108}, {'height': 288, 'url': 'https://preview.redd.it/jhnibpm1id291.jpg?width=216&amp;crop=smart&amp;blur=21&amp;format=pjpg&amp;auto=webp&amp;s=162ce2321129e195950bafb00e5b160d065cd4ef', 'width': 216}, {'height': 426, 'url': 'https://preview.redd.it/jhnibpm1id291.jpg?width=320&amp;crop=smart&amp;blur=32&amp;format=pjpg&amp;auto=webp&amp;s=1b2c688d30fca13a66b9e7457f095b313cd088c6', 'width': 320}, {'height': 853, 'url': 'https://preview.redd.it/jhnibpm1id291.jpg?width=640&amp;crop=smart&amp;blur=40&amp;format=pjpg&amp;auto=webp&amp;s=6e1472accebfa26de103a41480674653fcc3664b', 'width': 640}, {'height': 1280, 'url': 'https://preview.redd.it/jhnibpm1id291.jpg?width=960&amp;crop=smart&amp;blur=40&amp;format=pjpg&amp;auto=webp&amp;s=5946824dd16932eeaa766b26fbbad43150fbb1c5', 'width': 960}], 'source': {'height': 1280, 'url': 'https://preview.redd.it/jhnibpm1id291.jpg?blur=40&amp;format=pjpg&amp;auto=webp&amp;s=6d7f0b13b20e460a803f0d098dddbaad2515dd35', 'width': 960}}}}]}",0.0,1653811807,1,,,,True,True,False,UkraineInvasionVideos,t5_5wkihl,50960,public,nsfw,140.0,140.0,Improvised morgue in supermarket in Mariupol. There are corpses of civils and militants stored until burying | NSFW!,0,[],1.0,https://i.redd.it/jhnibpm1id291.jpg,https://i.redd.it/jhnibpm1id291.jpg,no_ads,0.0,1653782997.0,,,,,,,
[],False,MaryKrava,,[],,text,t2_58isjp33,False,False,False,[],False,False,1653808814,i.redd.it,https://www.reddit.com/r/UkraineInvasionVideos/comments/v05yxn/httpstwittercomvigilantinfonstatus1530810209991639/,{},v05yxn,False,True,False,False,True,True,False,False,,[],dark,text,False,,,False,True,0,0,False,no_ads,/r/UkraineInvasionVideos/comments/v05yxn/httpstwittercomvigilantinfonstatus1530810209991639/,False,image,"{'enabled': True, 'images': [{'id': 'n03z9HVFlI2L_Lza8_6_VVOguvabHTHGoL5Jc7IvSTQ', 'resolutions': [{'height': 64, 'url': 'https://preview.redd.it/kz4ey9469d291.jpg?width=108&amp;crop=smart&amp;auto=webp&amp;s=82ee99ea38d9899060e7af1a0c254370999df6f0', 'width': 108}, {'height': 129, 'url': 'https://preview.redd.it/kz4ey9469d291.jpg?width=216&amp;crop=smart&amp;auto=webp&amp;s=505e1213e1c8cd2a6265c7091a6cef966dd3336e', 'width': 216}, {'height': 192, 'url': 'https://preview.redd.it/kz4ey9469d291.jpg?width=320&amp;crop=smart&amp;auto=webp&amp;s=af18eb8262db3bb536e4f7b7f53179928440dc9d', 'width': 320}, {'height': 384, 'url': 'https://preview.redd.it/kz4ey9469d291.jpg?width=640&amp;crop=smart&amp;auto=webp&amp;s=d592dec122a3a6d8decaaf4a7e98ba39f2025edb', 'width': 640}, {'height': 576, 'url': 'https://preview.redd.it/kz4ey9469d291.jpg?width=960&amp;crop=smart&amp;auto=webp&amp;s=d77ba6e2378c7352eed0abb4d95e712d6f17562e', 'width': 960}], 'source': {'height': 600, 'url': 'https://preview.redd.it/kz4ey9469d291.jpg?auto=webp&amp;s=2127f1f2c4036909c0281028b75c45b6e4a55cfe', 'width': 1000}, 'variants': {}}]}",0.0,1653808825,1,,,,True,False,False,UkraineInvasionVideos,t5_5wkihl,50960,public,https://b.thumbs.redditmedia.com/-Irt_NEM6p_-Rq8yt3YRrv2l9gR4CYJxWSqQF78WGus.jpg,84.0,140.0,https://twitter.com/VigilantinfoN/status/1530810209991639041,0,[],1.0,https://i.redd.it/kz4ey9469d291.jpg,https://i.redd.it/kz4ey9469d291.jpg,no_ads,0.0,1653780014.0,,,,,,,
[],False,Global_Tea_6837,,[],,text,t2_neoh0h0a,False,False,False,[],False,False,1653806259,i.redd.it,https://www.reddit.com/r/UkraineInvasionVideos/comments/v05e3r/supporting_ukraine_in_kentucky_usa_hello_world_im/,{},v05e3r,False,True,False,False,True,True,False,False,,[],dark,text,False,,,False,True,0,0,False,no_ads,/r/UkraineInvasionVideos/comments/v05e3r/supporting_ukraine_in_kentucky_usa_hello_world_im/,False,image,"{'enabled': True, 'images': [{'id': '8Yz-kt8x4G8-MQgIWkbckCV8hWuEYv_MnVeBXKDzBxs', 'resolutions': [{'height': 138, 'url': 'https://preview.redd.it/e82i72xf1d291.png?width=108&amp;crop=smart&amp;auto=webp&amp;s=ab5242c9130d343a1450978181bbd02cdfd31f0d', 'width': 108}, {'height': 276, 'url': 'https://preview.redd.it/e82i72xf1d291.png?width=216&amp;crop=smart&amp;auto=webp&amp;s=4c789f718ecb2de244b42595f63b396bd2a1807a', 'width': 216}, {'height': 409, 'url': 'https://preview.redd.it/e82i72xf1d291.png?width=320&amp;crop=smart&amp;auto=webp&amp;s=93e2aaefdb22a6127976507e35e5e6a21db5a76c', 'width': 320}], 'source': {'height': 695, 'url': 'https://preview.redd.it/e82i72xf1d291.png?auto=webp&amp;s=30f33b66e68dcadcdc586166e825fc3d073904c0', 'width': 543}, 'variants': {}}]}",0.0,1653806269,1,,,,True,False,False,UkraineInvasionVideos,t5_5wkihl,50958,public,https://b.thumbs.redditmedia.com/t_PUxh2elf7JnOUzp8bTdKofCoF52iQcIpWH5Y1K1sY.jpg,140.0,140.0,"Supporting Ukraine in Kentucky, USA. Hello, world! I'm Ukraine",0,[],1.0,https://i.redd.it/e82i72xf1d291.png,https://i.redd.it/e82i72xf1d291.png,no_ads,0.0,1653777459.0,,,,,,,
[],False,Djisgud,,[],,text,t2_7nraj40g,False,False,False,[],False,False,1653800205,youtu.be,https://www.reddit.com/r/UkraineInvasionVideos/comments/v040le/ùïäùï•ùïñùïóùïíùïüùïöùïí_ukraine_war/,{},v040le,False,True,False,False,False,True,False,False,,[],dark,text,False,"{'oembed': {'author_name': 'The Kingdom of Guam', 'author_url': 'https://www.youtube.com/channel/UC-P1oYiIeaQ7cDvU-bA-9pw', 'height': 200, 'html': '&lt;iframe width=""356"" height=""200"" src=""https://www.youtube.com/embed/HckkgKPIM74?feature=oembed&amp;enablejsapi=1"" frameborder=""0"" allow=""accelerometer; autoplay; clipboard-write; encrypted-media; gyroscope; picture-in-picture"" allowfullscreen&gt;&lt;/iframe&gt;', 'provider_name': 'YouTube', 'provider_url': 'https://www.youtube.com/', 'thumbnail_height': 360, 'thumbnail_url': 'https://i.ytimg.com/vi/HckkgKPIM74/hqdefault.jpg', 'thumbnail_width': 480, 'title': 'ùïäùï•ùïñùïóùïíùïüùïöùïí | Ukraine War', 'type': 'video', 'version': '1.0', 'width': 356}, 'type': 'youtube.com'}","{'content': '&lt;iframe width=""356"" height=""200"" src=""https://www.youtube.com/embed/HckkgKPIM74?feature=oembed&amp;enablejsapi=1"" frameborder=""0"" allow=""accelerometer; autoplay; clipboard-write; encrypted-media; gyroscope; picture-in-picture"" allowfullscreen&gt;&lt;/iframe&gt;', 'height': 200, 'scrolling': False, 'width': 356}",False,True,0,0,False,no_ads,/r/UkraineInvasionVideos/comments/v040le/ùïäùï•ùïñùïóùïíùïüùïöùïí_ukraine_war/,False,rich:video,"{'enabled': False, 'images': [{'id': 'wHaRwYCT1MAX6KVkUXq-qq1oBY4HmBLnAydMYjByzew', 'resolutions': [{'height': 81, 'url': 'https://external-preview.redd.it/4TXPlekuewHpsSvTjD5Rsc5fe7CLYcbBQFcaaQ6--RY.jpg?width=108&amp;crop=smart&amp;auto=webp&amp;s=c4370ee4c96a6b1bd4e21ccf496aff30145022df', 'width': 108}, {'height': 162, 'url': 'https://external-preview.redd.it/4TXPlekuewHpsSvTjD5Rsc5fe7CLYcbBQFcaaQ6--RY.jpg?width=216&amp;crop=smart&amp;auto=webp&amp;s=645a42dd73242ff16c238c70fa39934e1edeb25a', 'width': 216}, {'height': 240, 'url': 'https://external-preview.redd.it/4TXPlekuewHpsSvTjD5Rsc5fe7CLYcbBQFcaaQ6--RY.jpg?width=320&amp;crop=smart&amp;auto=webp&amp;s=a9956ae67b8d70c4a8ac6f4638b0c8800eccbf5e', 'width': 320}], 'source': {'height': 360, 'url': 'https://external-preview.redd.it/4TXPlekuewHpsSvTjD5Rsc5fe7CLYcbBQFcaaQ6--RY.jpg?auto=webp&amp;s=f11221222a05405c090ceaa26000cadcd5b72ed7', 'width': 480}, 'variants': {}}]}",0.0,1653800215,1,"{'oembed': {'author_name': 'The Kingdom of Guam', 'author_url': 'https://www.youtube.com/channel/UC-P1oYiIeaQ7cDvU-bA-9pw', 'height': 200, 'html': '&lt;iframe width=""356"" height=""200"" src=""https://www.youtube.com/embed/HckkgKPIM74?feature=oembed&amp;enablejsapi=1"" frameborder=""0"" allow=""accelerometer; autoplay; clipboard-write; encrypted-media; gyroscope; picture-in-picture"" allowfullscreen&gt;&lt;/iframe&gt;', 'provider_name': 'YouTube', 'provider_url': 'https://www.youtube.com/', 'thumbnail_height': 360, 'thumbnail_url': 'https://i.ytimg.com/vi/HckkgKPIM74/hqdefault.jpg', 'thumbnail_width': 480, 'title': 'ùïäùï•ùïñùïóùïíùïüùïöùïí | Ukraine War', 'type': 'video', 'version': '1.0', 'width': 356}, 'type': 'youtube.com'}","{'content': '&lt;iframe width=""356"" height=""200"" src=""https://www.youtube.com/embed/HckkgKPIM74?feature=oembed&amp;enablejsapi=1"" frameborder=""0"" allow=""accelerometer; autoplay; clipboard-write; encrypted-media; gyroscope; picture-in-picture"" allowfullscreen&gt;&lt;/iframe&gt;', 'height': 200, 'media_domain_url': 'https://www.redditmedia.com/mediaembed/v040le', 'scrolling': False, 'width': 356}",,True,False,False,UkraineInvasionVideos,t5_5wkihl,50956,public,https://b.thumbs.redditmedia.com/ty0mhuvV_sxJpDysL2224tnRFKDSTsqD186m5kefJJg.jpg,105.0,140.0,ùïäùï•ùïñùïóùïíùïüùïöùïí | Ukraine War,0,[],1.0,https://youtu.be/HckkgKPIM74,https://youtu.be/HckkgKPIM74,no_ads,0.0,1653771405.0,,,,,,,
[],False,PoSpinelopatoy,,[],,text,t2_11xgdy,False,False,False,[],False,False,1653793163,/r/UkraineInvasionVideos/comments/v0297t/ukrainian_army_destroys_enemy/,https://www.reddit.com/r/UkraineInvasionVideos/comments/v0297t/ukrainian_army_destroys_enemy/,{},v0297t,False,True,False,False,False,True,False,True,,[],dark,text,False,,,False,True,0,0,False,no_ads,/r/UkraineInvasionVideos/comments/v0297t/ukrainian_army_destroys_enemy/,False,hosted:video,"{'enabled': False, 'images': [{'id': '8cZ_cMieDs725g63fjTUhBoVGSB8ysETZCGj5DOvssQ', 'resolutions': [{'height': 192, 'url': 'https://external-preview.redd.it/K_xDdtrwmdrRKVkGB-sEB-NsJbe5w-ZKPv53wSLx76E.png?width=108&amp;crop=smart&amp;format=pjpg&amp;auto=webp&amp;s=0fbf3c7bd118f96637ad9c361811485605474dc3', 'width': 108}, {'height': 384, 'url': 'https://external-preview.redd.it/K_xDdtrwmdrRKVkGB-sEB-NsJbe5w-ZKPv53wSLx76E.png?width=216&amp;crop=smart&amp;format=pjpg&amp;auto=webp&amp;s=f423f9c4163b31b921fd9e0d9a6e1f9b2aadc740', 'width': 216}, {'height': 568, 'url': 'https://external-preview.redd.it/K_xDdtrwmdrRKVkGB-sEB-NsJbe5w-ZKPv53wSLx76E.png?width=320&amp;crop=smart&amp;format=pjpg&amp;auto=webp&amp;s=909dabc473f6dd176a0b08755f5b031c62df8eb8', 'width': 320}, {'height': 1137, 'url': 'https://external-preview.redd.it/K_xDdtrwmdrRKVkGB-sEB-NsJbe5w-ZKPv53wSLx76E.png?width=640&amp;crop=smart&amp;format=pjpg&amp;auto=webp&amp;s=b86736c711a4259f9db083192e38c60f72378a79', 'width': 640}], 'source': {'height': 1280, 'url': 'https://external-preview.redd.it/K_xDdtrwmdrRKVkGB-sEB-NsJbe5w-ZKPv53wSLx76E.png?format=pjpg&amp;auto=webp&amp;s=94e6534ca341dcd422721e815b635bdd41a280ec', 'width': 720}, 'variants': {}}]}",0.0,1653793174,1,,,,True,False,False,UkraineInvasionVideos,t5_5wkihl,50952,public,https://b.thumbs.redditmedia.com/d7YwWyMyHzev2WODgF4O2Y8UPrED6ZVtzGMuYoEdXQo.jpg,140.0,140.0,Ukrainian army destroys enemy.,0,[],1.0,https://v.redd.it/03oobvslyb291,https://v.redd.it/03oobvslyb291,no_ads,0.0,1653764363.0,,,,,,,
[],False,PM-ME-WATER-COOLER,,[],,text,t2_559vfjgc,False,False,False,[],False,False,1653789931,i.redd.it,https://www.reddit.com/r/UkraineInvasionVideos/comments/v01f5i/this_man_singlehanded_need_the_war_in_ukraine/,{},v01f5i,False,True,False,False,True,True,False,False,,[],dark,text,False,,,False,False,0,0,False,no_ads,/r/UkraineInvasionVideos/comments/v01f5i/this_man_singlehanded_need_the_war_in_ukraine/,False,image,"{'enabled': True, 'images': [{'id': 'orfZUFxV69W9OM-C0W7N6_FHrHBB1XzKRJEHpZpG0r8', 'resolutions': [{'height': 108, 'url': 'https://preview.redd.it/bhgblq01pb291.jpg?width=108&amp;crop=smart&amp;auto=webp&amp;s=dd2f9bf2a0d40e2c32f46a452d83910dcca1864a', 'width': 108}, {'height': 216, 'url': 'https://preview.redd.it/bhgblq01pb291.jpg?width=216&amp;crop=smart&amp;auto=webp&amp;s=ad6856486f72d6daa26c6c23ae455cbcc1ec5522', 'width': 216}, {'height': 320, 'url': 'https://preview.redd.it/bhgblq01pb291.jpg?width=320&amp;crop=smart&amp;auto=webp&amp;s=a0737f348a267f4451170aa2113ab5e362a325f5', 'width': 320}, {'height': 640, 'url': 'https://preview.redd.it/bhgblq01pb291.jpg?width=640&amp;crop=smart&amp;auto=webp&amp;s=73adb7dbbf3df41f14d626ed672320c5cb224601', 'width': 640}, {'height': 960, 'url': 'https://preview.redd.it/bhgblq01pb291.jpg?width=960&amp;crop=smart&amp;auto=webp&amp;s=0366ed2df247633a079260b7f464e3a69182de17', 'width': 960}], 'source': {'height': 1024, 'url': 'https://preview.redd.it/bhgblq01pb291.jpg?auto=webp&amp;s=69971d0dc0b3ae77ad98db24f31a975f56d3159e', 'width': 1024}, 'variants': {}}]}",0.0,1653789942,1,,,,True,False,False,UkraineInvasionVideos,t5_5wkihl,50950,public,https://b.thumbs.redditmedia.com/q_kHr-ppSaYEK3ZScgD_yt_vzF_01En90q9FT4OclHc.jpg,140.0,140.0,This man singlehanded need the war in Ukraine,0,[],1.0,https://i.redd.it/bhgblq01pb291.jpg,https://i.redd.it/bhgblq01pb291.jpg,no_ads,0.0,1653761131.0,,,,,,,True
[],False,PoSpinelopatoy,,[],,text,t2_11xgdy,False,False,False,[],False,False,1653789792,/r/UkraineInvasionVideos/comments/v01dw8/frames_from_the_combat_zone_reflecting_the_skill/,https://www.reddit.com/r/UkraineInvasionVideos/comments/v01dw8/frames_from_the_combat_zone_reflecting_the_skill/,{},v01dw8,False,True,False,False,False,True,False,True,,[],dark,text,False,,,False,True,0,0,False,no_ads,/r/UkraineInvasionVideos/comments/v01dw8/frames_from_the_combat_zone_reflecting_the_skill/,False,hosted:video,"{'enabled': False, 'images': [{'id': 'BReCRWwhFhqRRgzflvPb-9JlH8aEMB-XPgmxgf0Jr4I', 'resolutions': [{'height': 197, 'url': 'https://external-preview.redd.it/Zu2XYSdqBiwS9Ak7XeybU6rSYaIeZsOTxAwtQFGKhqo.png?width=108&amp;crop=smart&amp;format=pjpg&amp;auto=webp&amp;s=f4a6042611322c1785d1ef9e30e1bf66ccc62e53', 'width': 108}, {'height': 394, 'url': 'https://external-preview.redd.it/Zu2XYSdqBiwS9Ak7XeybU6rSYaIeZsOTxAwtQFGKhqo.png?width=216&amp;crop=smart&amp;format=pjpg&amp;auto=webp&amp;s=9ce6a2fbf4c4f812c52555895d30b6b2021519e4', 'width': 216}, {'height': 584, 'url': 'https://external-preview.redd.it/Zu2XYSdqBiwS9Ak7XeybU6rSYaIeZsOTxAwtQFGKhqo.png?width=320&amp;crop=smart&amp;format=pjpg&amp;auto=webp&amp;s=a9976c11d09ba0f44bc7e98408b3e0bc8437629a', 'width': 320}], 'source': {'height': 848, 'url': 'https://external-preview.redd.it/Zu2XYSdqBiwS9Ak7XeybU6rSYaIeZsOTxAwtQFGKhqo.png?format=pjpg&amp;auto=webp&amp;s=be610d8c8994d98a7226090cec06a9b0c001b06b', 'width': 464}, 'variants': {}}]}",0.0,1653789802,1,,,,True,False,False,UkraineInvasionVideos,t5_5wkihl,50950,public,https://b.thumbs.redditmedia.com/xFZvrEIfRzY9jx0XZYlkGr8Jvq8SlWQkVmC9pLuBw_U.jpg,140.0,140.0,"Frames from the combat zone, reflecting the skill of the Ukrainian military.",0,[],1.0,https://v.redd.it/uon5qoblob291,https://v.redd.it/uon5qoblob291,no_ads,0.0,1653760992.0,,,,,,,
[],False,Virtuaali-Seppo,,[],,text,t2_72uycoao,False,False,False,[],False,False,1653783755,youtube.com,https://www.reddit.com/r/UkraineInvasionVideos/comments/uzzr85/valeriya_novodvorskaya_on_putin_he_is_a_monster/,{},uzzr85,False,True,False,False,False,True,False,False,,[],dark,text,False,"{'oembed': {'author_name': 'Marnanel Thurman', 'author_url': 'https://www.youtube.com/c/marnanel', 'height': 200, 'html': '&lt;iframe width=""267"" height=""200"" src=""https://www.youtube.com/embed/w9Pop4xXo3Q?feature=oembed&amp;enablejsapi=1"" frameborder=""0"" allow=""accelerometer; autoplay; clipboard-write; encrypted-media; gyroscope; picture-in-picture"" allowfullscreen&gt;&lt;/iframe&gt;', 'provider_name': 'YouTube', 'provider_url': 'https://www.youtube.com/', 'thumbnail_height': 360, 'thumbnail_url': 'https://i.ytimg.com/vi/w9Pop4xXo3Q/hqdefault.jpg', 'thumbnail_width': 480, 'title': 'Valeriya Novodvorskaya on Putin: ""He is a monster""', 'type': 'video', 'version': '1.0', 'width': 267}, 'type': 'youtube.com'}","{'content': '&lt;iframe width=""267"" height=""200"" src=""https://www.youtube.com/embed/w9Pop4xXo3Q?feature=oembed&amp;enablejsapi=1"" frameborder=""0"" allow=""accelerometer; autoplay; clipboard-write; encrypted-media; gyroscope; picture-in-picture"" allowfullscreen&gt;&lt;/iframe&gt;', 'height': 200, 'scrolling': False, 'width': 267}",False,True,0,0,False,no_ads,/r/UkraineInvasionVideos/comments/uzzr85/valeriya_novodvorskaya_on_putin_he_is_a_monster/,False,rich:video,"{'enabled': False, 'images': [{'id': 'RuTO1KSQZek7F9iDewAC8DIxLcuf9r1OzSCWvr7wEwo', 'resolutions': [{'height': 81, 'url': 'https://external-preview.redd.it/Fz90VAW0byQgZaeh9bVjW629UZ9twc5kAYrO1d-mLpU.jpg?width=108&amp;crop=smart&amp;auto=webp&amp;s=852ea676f43fb2669234902423355b18b50741da', 'width': 108}, {'height': 162, 'url': 'https://external-preview.redd.it/Fz90VAW0byQgZaeh9bVjW629UZ9twc5kAYrO1d-mLpU.jpg?width=216&amp;crop=smart&amp;auto=webp&amp;s=dd4b7465270df672ab506f5f608bbdd8e44aefc4', 'width': 216}, {'height': 240, 'url': 'https://external-preview.redd.it/Fz90VAW0byQgZaeh9bVjW629UZ9twc5kAYrO1d-mLpU.jpg?width=320&amp;crop=smart&amp;auto=webp&amp;s=cb954bb7eaa289c708ce9af14fa26d39bc6aeebe', 'width': 320}], 'source': {'height': 360, 'url': 'https://external-preview.redd.it/Fz90VAW0byQgZaeh9bVjW629UZ9twc5kAYrO1d-mLpU.jpg?auto=webp&amp;s=790262fcb4f90f5db556c84b6784e409a73f16ae', 'width': 480}, 'variants': {}}]}",0.0,1653783766,1,"{'oembed': {'author_name': 'Marnanel Thurman', 'author_url': 'https://www.youtube.com/c/marnanel', 'height': 200, 'html': '&lt;iframe width=""267"" height=""200"" src=""https://www.youtube.com/embed/w9Pop4xXo3Q?feature=oembed&amp;enablejsapi=1"" frameborder=""0"" allow=""accelerometer; autoplay; clipboard-write; encrypted-media; gyroscope; picture-in-picture"" allowfullscreen&gt;&lt;/iframe&gt;', 'provider_name': 'YouTube', 'provider_url': 'https://www.youtube.com/', 'thumbnail_height': 360, 'thumbnail_url': 'https://i.ytimg.com/vi/w9Pop4xXo3Q/hqdefault.jpg', 'thumbnail_width': 480, 'title': 'Valeriya Novodvorskaya on Putin: ""He is a monster""', 'type': 'video', 'version': '1.0', 'width': 267}, 'type': 'youtube.com'}","{'content': '&lt;iframe width=""267"" height=""200"" src=""https://www.youtube.com/embed/w9Pop4xXo3Q?feature=oembed&amp;enablejsapi=1"" frameborder=""0"" allow=""accelerometer; autoplay; clipboard-write; encrypted-media; gyroscope; picture-in-picture"" allowfullscreen&gt;&lt;/iframe&gt;', 'height': 200, 'media_domain_url': 'https://www.redditmedia.com/mediaembed/uzzr85', 'scrolling': False, 'width': 267}",,True,False,False,UkraineInvasionVideos,t5_5wkihl,50949,public,https://b.thumbs.redditmedia.com/4vlvojD9Ao2shfiEMPyArk8M33i8E6bhkmcX9p1kR1U.jpg,105.0,140.0,"Valeriya Novodvorskaya on Putin: ""He is a monster""",0,[],1.0,https://www.youtube.com/watch?v=w9Pop4xXo3Q,https://www.youtube.com/watch?v=w9Pop4xXo3Q,no_ads,0.0,1653754955.0,,,,,,,
[],False,Geass212,,[],,text,t2_j68afh2b,False,False,False,[],False,False,1653782975,self.UkraineInvasionVideos,https://www.reddit.com/r/UkraineInvasionVideos/comments/uzzj7c/can_ukraine_and_russia_be_friendly_with_each/,{},uzzj7c,False,True,False,False,False,True,True,False,,[],dark,text,False,,,False,True,0,0,False,no_ads,/r/UkraineInvasionVideos/comments/uzzj7c/can_ukraine_and_russia_be_friendly_with_each/,False,,,0.0,1653782986,1,,,,True,False,False,UkraineInvasionVideos,t5_5wkihl,50949,public,self,,,Can Ukraine and Russia be friendly with each other again ?,0,[],1.0,https://www.reddit.com/r/UkraineInvasionVideos/comments/uzzj7c/can_ukraine_and_russia_be_friendly_with_each/,,no_ads,0.0,1653754175.0,,,,,,,
