all_awardings,allow_live_comments,author,author_flair_css_class,author_flair_richtext,author_flair_text,author_flair_type,author_fullname,author_is_blocked,author_patreon_flair,author_premium,awarders,can_mod_post,contest_mode,created_utc,domain,full_link,gildings,id,is_created_from_ads_ui,is_crosspostable,is_meta,is_original_content,is_reddit_media_domain,is_robot_indexable,is_self,is_video,link_flair_background_color,link_flair_richtext,link_flair_text_color,link_flair_type,locked,media_only,no_follow,num_comments,num_crossposts,over_18,parent_whitelist_status,permalink,pinned,pwls,retrieved_on,score,selftext,send_replies,spoiler,stickied,subreddit,subreddit_id,subreddit_subscribers,subreddit_type,thumbnail,title,total_awards_received,treatment_tags,upvote_ratio,url,url_overridden_by_dest,whitelist_status,wls,created,removed_by_category,post_hint,preview,thumbnail_height,thumbnail_width,media,media_embed,secure_media,secure_media_embed,distinguished,crosspost_parent,crosspost_parent_list
[],False,MarshalWillKane,,[],,text,t2_dla6h,False,False,False,[],False,False,1647641573,csis.org,https://www.reddit.com/r/CredibleDefense/comments/thgku2/enraged_putin_csiss_dr_eliot_cohen_and_dr_seth/,{},thgku2,False,True,False,False,False,True,False,False,,[],dark,text,False,False,True,0,0,False,some_ads,/r/CredibleDefense/comments/thgku2/enraged_putin_csiss_dr_eliot_cohen_and_dr_seth/,False,7,1647641583,1,,True,False,False,CredibleDefense,t5_2y5ib,51198,public,default,"Enraged Putin. CSIS’s Dr. Eliot Cohen and Dr. Seth Jones join the podcast to assess the state of Russia’s war on Ukraine, what Vladimir Putin could do next, and how the United States may respond. Podcast 27 minutes",0,[],1.0,https://www.csis.org/podcasts/truth-matter/enraged-putin,https://www.csis.org/podcasts/truth-matter/enraged-putin,some_ads,7,1647612773.0,,,,,,,,,,,,
[],False,TheFreeloader,,[],,text,t2_6kimw,False,False,False,[],False,False,1647627280,economist.com,https://www.reddit.com/r/CredibleDefense/comments/thaz7s/the_economist_russian_tanks_in_ukraine_are/,{},thaz7s,False,False,False,False,False,False,False,False,,[],dark,text,False,False,True,0,0,False,some_ads,/r/CredibleDefense/comments/thaz7s/the_economist_russian_tanks_in_ukraine_are/,False,7,1647627291,1,,True,False,False,CredibleDefense,t5_2y5ib,51165,public,default,The Economist: Russian tanks in Ukraine are sprouting cages - But they seem to be pretty much useless,0,[],1.0,https://www.economist.com/science-and-technology/russian-tanks-in-ukraine-are-sprouting-cages/21808191,https://www.economist.com/science-and-technology/russian-tanks-in-ukraine-are-sprouting-cages/21808191,some_ads,7,1647598480.0,reddit,,,,,,,,,,,
[],False,TamagotchiMasterRace,,[],,text,t2_114tl5,False,False,False,[],False,False,1647626330,self.CredibleDefense,https://www.reddit.com/r/CredibleDefense/comments/th9sty/could_the_eu_mutual_defense_treaty_end_up_pulling/,{},th9sty,False,False,False,False,False,False,True,False,,[],dark,text,False,False,True,0,0,False,some_ads,/r/CredibleDefense/comments/th9sty/could_the_eu_mutual_defense_treaty_end_up_pulling/,False,7,1647626340,1,[removed],True,False,False,CredibleDefense,t5_2y5ib,51164,public,self,Could the EU mutual defense treaty end up pulling the US into a war because of our obligation to NATO?,0,[],1.0,https://www.reddit.com/r/CredibleDefense/comments/th9sty/could_the_eu_mutual_defense_treaty_end_up_pulling/,,some_ads,7,1647597530.0,reddit,,,,,,,,,,,
[],False,Jack15911,,[],,text,t2_8klhd,False,False,False,[],False,False,1647626177,self.CredibleDefense,https://www.reddit.com/r/CredibleDefense/comments/th9kv5/how_is_ukraine_using_western_weapons_to_exploit/,{},th9kv5,False,False,False,False,False,False,True,False,,[],dark,text,False,False,True,0,0,False,some_ads,/r/CredibleDefense/comments/th9kv5/how_is_ukraine_using_western_weapons_to_exploit/,False,7,1647626188,1,[removed],True,False,False,CredibleDefense,t5_2y5ib,51163,public,self,How is Ukraine using western weapons to exploit Russian weaknesses?,0,[],1.0,https://www.reddit.com/r/CredibleDefense/comments/th9kv5/how_is_ukraine_using_western_weapons_to_exploit/,,some_ads,7,1647597377.0,reddit,,,,,,,,,,,
[],False,jivatman,,[],,text,t2_3wt30,False,False,False,[],False,False,1647618088,thetimes.co.uk,https://www.reddit.com/r/CredibleDefense/comments/th48mn/specialist_ukrainian_drone_unit_picks_off/,{},th48mn,False,False,False,False,False,False,False,False,,[],dark,text,False,False,True,0,0,False,some_ads,/r/CredibleDefense/comments/th48mn/specialist_ukrainian_drone_unit_picks_off/,False,7,1647618098,1,,True,False,False,CredibleDefense,t5_2y5ib,51149,public,default,Specialist Ukrainian drone unit picks off invading Russian forces as they sleep,0,[],1.0,https://www.thetimes.co.uk/article/specialist-drone-unit-picks-off-invading-forces-as-they-sleep-zlx3dj7bb,https://www.thetimes.co.uk/article/specialist-drone-unit-picks-off-invading-forces-as-they-sleep-zlx3dj7bb,some_ads,7,1647589288.0,reddit,link,"{'enabled': False, 'images': [{'id': 'E-iZkLr7IMc8iXO0UijLPmfwfxsxczrfMTNyNaBdx7E', 'resolutions': [{'height': 60, 'url': 'https://external-preview.redd.it/2zFy6o8LQt-Ngzi-yRY7in1RhCKUhjs8T8Ge7BXGDcM.jpg?width=108&amp;crop=smart&amp;auto=webp&amp;s=abffb56fa62584fa6140c10b8b3c436c6c3f89f3', 'width': 108}, {'height': 121, 'url': 'https://external-preview.redd.it/2zFy6o8LQt-Ngzi-yRY7in1RhCKUhjs8T8Ge7BXGDcM.jpg?width=216&amp;crop=smart&amp;auto=webp&amp;s=ed5ee024cedad49584e893c917f5fe1c57a0d886', 'width': 216}, {'height': 180, 'url': 'https://external-preview.redd.it/2zFy6o8LQt-Ngzi-yRY7in1RhCKUhjs8T8Ge7BXGDcM.jpg?width=320&amp;crop=smart&amp;auto=webp&amp;s=b115fcc23e2724064128731d26f88c5973daba38', 'width': 320}, {'height': 360, 'url': 'https://external-preview.redd.it/2zFy6o8LQt-Ngzi-yRY7in1RhCKUhjs8T8Ge7BXGDcM.jpg?width=640&amp;crop=smart&amp;auto=webp&amp;s=bd831ada6e1416f1e67cbd4db47e56dc2d049bbc', 'width': 640}, {'height': 540, 'url': 'https://external-preview.redd.it/2zFy6o8LQt-Ngzi-yRY7in1RhCKUhjs8T8Ge7BXGDcM.jpg?width=960&amp;crop=smart&amp;auto=webp&amp;s=705ab0293d65ab984bf20f3d172b5187861c540d', 'width': 960}, {'height': 607, 'url': 'https://external-preview.redd.it/2zFy6o8LQt-Ngzi-yRY7in1RhCKUhjs8T8Ge7BXGDcM.jpg?width=1080&amp;crop=smart&amp;auto=webp&amp;s=1e2d9e9765d1bd8ab9522f9eebc38a831efe97f1', 'width': 1080}], 'source': {'height': 675, 'url': 'https://external-preview.redd.it/2zFy6o8LQt-Ngzi-yRY7in1RhCKUhjs8T8Ge7BXGDcM.jpg?auto=webp&amp;s=c6bc69304128a70e307fee057359bbf2b4399e81', 'width': 1200}, 'variants': {}}]}",78.0,140.0,,,,,,,
[],False,bleepblopbloopy,,[],,text,t2_4lu6l,False,False,True,[],False,False,1647617769,youtube.com,https://www.reddit.com/r/CredibleDefense/comments/th44f1/the_russian_way_of_warfare_a_2018_roundtable/,{},th44f1,False,True,False,False,False,True,False,False,,[],dark,text,False,False,True,0,0,False,some_ads,/r/CredibleDefense/comments/th44f1/the_russian_way_of_warfare_a_2018_roundtable/,False,7,1647617780,1,,True,False,False,CredibleDefense,t5_2y5ib,51147,public,image,The Russian Way of Warfare. A 2018 roundtable discussion about research into Russian capabilities and methods of warfare. Video 1hr23mn.,0,[],1.0,https://www.youtube.com/watch?v=t5Uv6RH8eWs,https://www.youtube.com/watch?v=t5Uv6RH8eWs,some_ads,7,1647588969.0,,rich:video,"{'enabled': False, 'images': [{'id': 'FPbiS9sHVfOspHm0Gokqya1E7abfhfMPfv9pWK0UcpA', 'resolutions': [{'height': 81, 'url': 'https://external-preview.redd.it/3FYrltOcKRGK-XeKc006X4jF0sw-F3ODBsbgxGey-xE.jpg?width=108&amp;crop=smart&amp;auto=webp&amp;s=11fdead0201ad27ddaf17abf2195f45249f268e5', 'width': 108}, {'height': 162, 'url': 'https://external-preview.redd.it/3FYrltOcKRGK-XeKc006X4jF0sw-F3ODBsbgxGey-xE.jpg?width=216&amp;crop=smart&amp;auto=webp&amp;s=8842943f36cf11f434c96080a881ed50246c57a1', 'width': 216}, {'height': 240, 'url': 'https://external-preview.redd.it/3FYrltOcKRGK-XeKc006X4jF0sw-F3ODBsbgxGey-xE.jpg?width=320&amp;crop=smart&amp;auto=webp&amp;s=451b467e491af9ac413bd844a4b78489d317597c', 'width': 320}], 'source': {'height': 360, 'url': 'https://external-preview.redd.it/3FYrltOcKRGK-XeKc006X4jF0sw-F3ODBsbgxGey-xE.jpg?auto=webp&amp;s=fcee7c2ae15cd1ab080eeadf6ffae1e4fc116571', 'width': 480}, 'variants': {}}]}",105.0,140.0,"{'oembed': {'author_name': 'Center for Strategic &amp; International Studies', 'author_url': 'https://www.youtube.com/c/csisdc', 'height': 200, 'html': '&lt;iframe width=""356"" height=""200"" src=""https://www.youtube.com/embed/t5Uv6RH8eWs?feature=oembed&amp;enablejsapi=1"" frameborder=""0"" allow=""accelerometer; autoplay; clipboard-write; encrypted-media; gyroscope; picture-in-picture"" allowfullscreen&gt;&lt;/iframe&gt;', 'provider_name': 'YouTube', 'provider_url': 'https://www.youtube.com/', 'thumbnail_height': 360, 'thumbnail_url': 'https://i.ytimg.com/vi/t5Uv6RH8eWs/hqdefault.jpg', 'thumbnail_width': 480, 'title': 'The Russian Way of Warfare', 'type': 'video', 'version': '1.0', 'width': 356}, 'type': 'youtube.com'}","{'content': '&lt;iframe width=""356"" height=""200"" src=""https://www.youtube.com/embed/t5Uv6RH8eWs?feature=oembed&amp;enablejsapi=1"" frameborder=""0"" allow=""accelerometer; autoplay; clipboard-write; encrypted-media; gyroscope; picture-in-picture"" allowfullscreen&gt;&lt;/iframe&gt;', 'height': 200, 'scrolling': False, 'width': 356}","{'oembed': {'author_name': 'Center for Strategic &amp; International Studies', 'author_url': 'https://www.youtube.com/c/csisdc', 'height': 200, 'html': '&lt;iframe width=""356"" height=""200"" src=""https://www.youtube.com/embed/t5Uv6RH8eWs?feature=oembed&amp;enablejsapi=1"" frameborder=""0"" allow=""accelerometer; autoplay; clipboard-write; encrypted-media; gyroscope; picture-in-picture"" allowfullscreen&gt;&lt;/iframe&gt;', 'provider_name': 'YouTube', 'provider_url': 'https://www.youtube.com/', 'thumbnail_height': 360, 'thumbnail_url': 'https://i.ytimg.com/vi/t5Uv6RH8eWs/hqdefault.jpg', 'thumbnail_width': 480, 'title': 'The Russian Way of Warfare', 'type': 'video', 'version': '1.0', 'width': 356}, 'type': 'youtube.com'}","{'content': '&lt;iframe width=""356"" height=""200"" src=""https://www.youtube.com/embed/t5Uv6RH8eWs?feature=oembed&amp;enablejsapi=1"" frameborder=""0"" allow=""accelerometer; autoplay; clipboard-write; encrypted-media; gyroscope; picture-in-picture"" allowfullscreen&gt;&lt;/iframe&gt;', 'height': 200, 'media_domain_url': 'https://www.redditmedia.com/mediaembed/th44f1', 'scrolling': False, 'width': 356}",,,
[],False,TheFreeloader,,[],,text,t2_6kimw,False,False,False,[],False,False,1647615582,economist.com,https://www.reddit.com/r/CredibleDefense/comments/th3auy/the_economist_on_cope_cages_useless_against_most/,{},th3auy,False,False,False,False,False,False,False,False,,[],dark,text,False,False,True,0,0,False,some_ads,/r/CredibleDefense/comments/th3auy/the_economist_on_cope_cages_useless_against_most/,False,7,1647615592,1,,False,False,False,CredibleDefense,t5_2y5ib,51144,public,default,"The Economist on “cope cages”: useless against most HEAT weapons, and possibly only deployed as “emotional-support armour”",0,[],1.0,https://www.economist.com/science-and-technology/russian-tanks-in-ukraine-are-sprouting-cages/21808191,https://www.economist.com/science-and-technology/russian-tanks-in-ukraine-are-sprouting-cages/21808191,some_ads,7,1647586782.0,reddit,link,"{'enabled': False, 'images': [{'id': 'D9Z7zkNbgM-MlU1CGAaW43YOyX6P79Rdj2P-Yw7i4c4', 'resolutions': [{'height': 60, 'url': 'https://external-preview.redd.it/m7un4OgWbxMhWZUCg8uBDrx6PS7-Pd0ia1RsFVoYazg.jpg?width=108&amp;crop=smart&amp;auto=webp&amp;s=596dbe2898d71ab66db09d8ac005ac0c4bdd0967', 'width': 108}, {'height': 121, 'url': 'https://external-preview.redd.it/m7un4OgWbxMhWZUCg8uBDrx6PS7-Pd0ia1RsFVoYazg.jpg?width=216&amp;crop=smart&amp;auto=webp&amp;s=dfaff9e7b4b01bd0535884bc3e9c83f242b13c38', 'width': 216}, {'height': 180, 'url': 'https://external-preview.redd.it/m7un4OgWbxMhWZUCg8uBDrx6PS7-Pd0ia1RsFVoYazg.jpg?width=320&amp;crop=smart&amp;auto=webp&amp;s=8781d49f7f8453a1ec4d07de283a0b41b9e3f761', 'width': 320}, {'height': 360, 'url': 'https://external-preview.redd.it/m7un4OgWbxMhWZUCg8uBDrx6PS7-Pd0ia1RsFVoYazg.jpg?width=640&amp;crop=smart&amp;auto=webp&amp;s=8084c330118ef6a4dd45792f5f018dad2f26ff97', 'width': 640}, {'height': 540, 'url': 'https://external-preview.redd.it/m7un4OgWbxMhWZUCg8uBDrx6PS7-Pd0ia1RsFVoYazg.jpg?width=960&amp;crop=smart&amp;auto=webp&amp;s=1ea501d3fd0e54455b28c193c4d80cc7ad506b2f', 'width': 960}, {'height': 607, 'url': 'https://external-preview.redd.it/m7un4OgWbxMhWZUCg8uBDrx6PS7-Pd0ia1RsFVoYazg.jpg?width=1080&amp;crop=smart&amp;auto=webp&amp;s=cd427a7cec420e7d1c6db98213b3faa47e2878ae', 'width': 1080}], 'source': {'height': 720, 'url': 'https://external-preview.redd.it/m7un4OgWbxMhWZUCg8uBDrx6PS7-Pd0ia1RsFVoYazg.jpg?auto=webp&amp;s=6cf3a33f5fc7f185aadcb96a7ba42012e507e6ea', 'width': 1280}, 'variants': {}}]}",78.0,140.0,,,,,,,
[],False,KaneIntent,,[],,text,t2_i6bl9,False,False,False,[],False,False,1647611950,self.CredibleDefense,https://www.reddit.com/r/CredibleDefense/comments/th1yuy/ukraine_megathread_march_18/,{},th1yuy,False,True,False,False,False,True,True,False,,[],dark,text,False,False,True,0,0,False,some_ads,/r/CredibleDefense/comments/th1yuy/ukraine_megathread_march_18/,False,7,1647611961,1,,True,False,False,CredibleDefense,t5_2y5ib,51136,public,self,Ukraine Megathread March 18,0,[],1.0,https://www.reddit.com/r/CredibleDefense/comments/th1yuy/ukraine_megathread_march_18/,,some_ads,7,1647583150.0,,,,,,,,,,moderator,,
[],False,Cuddlyaxe,,[],,text,t2_ftpsl,False,False,True,[],False,False,1647602145,youtube.com,https://www.reddit.com/r/CredibleDefense/comments/tgyzie/why_isnt_nato_imposing_a_nofly_zone_over_ukraine/,{},tgyzie,False,False,False,False,False,False,False,False,,[],dark,text,False,False,True,0,0,False,some_ads,/r/CredibleDefense/comments/tgyzie/why_isnt_nato_imposing_a_nofly_zone_over_ukraine/,False,7,1647602156,1,,True,False,False,CredibleDefense,t5_2y5ib,51114,public,image,Why Isn't NATO Imposing a No-Fly Zone over Ukraine?,0,[],1.0,https://youtube.com/watch?v=LLlg93a2jG0&amp;feature=share,https://youtube.com/watch?v=LLlg93a2jG0&amp;feature=share,some_ads,7,1647573345.0,reddit,rich:video,"{'enabled': False, 'images': [{'id': 'golVkKKWPe0C_AIdQ2DePu6ouko1tbRxM6LpCOOPo-g', 'resolutions': [{'height': 81, 'url': 'https://external-preview.redd.it/eEmKUQZ0NWUsjWDvtR76-YK-PN17Q6Vl08-DD5NBRY0.jpg?width=108&amp;crop=smart&amp;auto=webp&amp;s=1f92dac4847a9b3250cca19ebed772905fc64677', 'width': 108}, {'height': 162, 'url': 'https://external-preview.redd.it/eEmKUQZ0NWUsjWDvtR76-YK-PN17Q6Vl08-DD5NBRY0.jpg?width=216&amp;crop=smart&amp;auto=webp&amp;s=da92a7f0b76a7fc29d6a843d6b8f587d866e8d56', 'width': 216}, {'height': 240, 'url': 'https://external-preview.redd.it/eEmKUQZ0NWUsjWDvtR76-YK-PN17Q6Vl08-DD5NBRY0.jpg?width=320&amp;crop=smart&amp;auto=webp&amp;s=b0234fd7cdc3963a8c24399ea084e6638c37565b', 'width': 320}], 'source': {'height': 360, 'url': 'https://external-preview.redd.it/eEmKUQZ0NWUsjWDvtR76-YK-PN17Q6Vl08-DD5NBRY0.jpg?auto=webp&amp;s=32f6e7931f5eade605a6b8df58d52c92be457379', 'width': 480}, 'variants': {}}]}",105.0,140.0,"{'oembed': {'author_name': 'William Spaniel', 'author_url': 'https://www.youtube.com/c/Gametheory101', 'height': 200, 'html': '&lt;iframe width=""356"" height=""200"" src=""https://www.youtube.com/embed/LLlg93a2jG0?feature=oembed&amp;enablejsapi=1"" frameborder=""0"" allow=""accelerometer; autoplay; clipboard-write; encrypted-media; gyroscope; picture-in-picture"" allowfullscreen&gt;&lt;/iframe&gt;', 'provider_name': 'YouTube', 'provider_url': 'https://www.youtube.com/', 'thumbnail_height': 360, 'thumbnail_url': 'https://i.ytimg.com/vi/LLlg93a2jG0/hqdefault.jpg', 'thumbnail_width': 480, 'title': ""Why Isn't NATO Imposing a No-Fly Zone over Ukraine?"", 'type': 'video', 'version': '1.0', 'width': 356}, 'type': 'youtube.com'}","{'content': '&lt;iframe width=""356"" height=""200"" src=""https://www.youtube.com/embed/LLlg93a2jG0?feature=oembed&amp;enablejsapi=1"" frameborder=""0"" allow=""accelerometer; autoplay; clipboard-write; encrypted-media; gyroscope; picture-in-picture"" allowfullscreen&gt;&lt;/iframe&gt;', 'height': 200, 'scrolling': False, 'width': 356}","{'oembed': {'author_name': 'William Spaniel', 'author_url': 'https://www.youtube.com/c/Gametheory101', 'height': 200, 'html': '&lt;iframe width=""356"" height=""200"" src=""https://www.youtube.com/embed/LLlg93a2jG0?feature=oembed&amp;enablejsapi=1"" frameborder=""0"" allow=""accelerometer; autoplay; clipboard-write; encrypted-media; gyroscope; picture-in-picture"" allowfullscreen&gt;&lt;/iframe&gt;', 'provider_name': 'YouTube', 'provider_url': 'https://www.youtube.com/', 'thumbnail_height': 360, 'thumbnail_url': 'https://i.ytimg.com/vi/LLlg93a2jG0/hqdefault.jpg', 'thumbnail_width': 480, 'title': ""Why Isn't NATO Imposing a No-Fly Zone over Ukraine?"", 'type': 'video', 'version': '1.0', 'width': 356}, 'type': 'youtube.com'}","{'content': '&lt;iframe width=""356"" height=""200"" src=""https://www.youtube.com/embed/LLlg93a2jG0?feature=oembed&amp;enablejsapi=1"" frameborder=""0"" allow=""accelerometer; autoplay; clipboard-write; encrypted-media; gyroscope; picture-in-picture"" allowfullscreen&gt;&lt;/iframe&gt;', 'height': 200, 'media_domain_url': 'https://www.redditmedia.com/mediaembed/tgyzie', 'scrolling': False, 'width': 356}",,t3_tgyw4o,"[{'all_awardings': [], 'allow_live_comments': False, 'approved_at_utc': None, 'approved_by': None, 'archived': False, 'author': 'Cuddlyaxe', 'author_flair_background_color': None, 'author_flair_css_class': None, 'author_flair_richtext': [], 'author_flair_template_id': None, 'author_flair_text': None, 'author_flair_text_color': None, 'author_flair_type': 'text', 'author_fullname': 't2_ftpsl', 'author_is_blocked': False, 'author_patreon_flair': False, 'author_premium': True, 'awarders': [], 'banned_at_utc': None, 'banned_by': None, 'can_gild': True, 'can_mod_post': False, 'category': None, 'clicked': False, 'content_categories': None, 'contest_mode': False, 'created': 1647601761.0, 'created_utc': 1647601761.0, 'discussion_type': None, 'distinguished': None, 'domain': 'youtube.com', 'downs': 0, 'edited': False, 'gilded': 0, 'gildings': {}, 'hidden': False, 'hide_score': True, 'id': 'tgyw4o', 'is_created_from_ads_ui': False, 'is_crosspostable': True, 'is_meta': False, 'is_original_content': False, 'is_reddit_media_domain': False, 'is_robot_indexable': True, 'is_self': False, 'is_video': False, 'likes': None, 'link_flair_background_color': '', 'link_flair_css_class': None, 'link_flair_richtext': [], 'link_flair_text': None, 'link_flair_text_color': 'dark', 'link_flair_type': 'text', 'locked': False, 'media': {'oembed': {'author_name': 'William Spaniel', 'author_url': 'https://www.youtube.com/c/Gametheory101', 'height': 200, 'html': '&lt;iframe width=""356"" height=""200"" src=""https://www.youtube.com/embed/LLlg93a2jG0?feature=oembed&amp;enablejsapi=1"" frameborder=""0"" allow=""accelerometer; autoplay; clipboard-write; encrypted-media; gyroscope; picture-in-picture"" allowfullscreen&gt;&lt;/iframe&gt;', 'provider_name': 'YouTube', 'provider_url': 'https://www.youtube.com/', 'thumbnail_height': 360, 'thumbnail_url': 'https://i.ytimg.com/vi/LLlg93a2jG0/hqdefault.jpg', 'thumbnail_width': 480, 'title': ""Why Isn't NATO Imposing a No-Fly Zone over Ukraine?"", 'type': 'video', 'version': '1.0', 'width': 356}, 'type': 'youtube.com'}, 'media_embed': {'content': '&lt;iframe width=""356"" height=""200"" src=""https://www.youtube.com/embed/LLlg93a2jG0?feature=oembed&amp;enablejsapi=1"" frameborder=""0"" allow=""accelerometer; autoplay; clipboard-write; encrypted-media; gyroscope; picture-in-picture"" allowfullscreen&gt;&lt;/iframe&gt;', 'height': 200, 'scrolling': False, 'width': 356}, 'media_only': False, 'mod_note': None, 'mod_reason_by': None, 'mod_reason_title': None, 'mod_reports': [], 'name': 't3_tgyw4o', 'no_follow': True, 'num_comments': 0, 'num_crossposts': 2, 'num_reports': None, 'over_18': False, 'parent_whitelist_status': None, 'permalink': '/r/CredibleDiplomacy/comments/tgyw4o/why_isnt_nato_imposing_a_nofly_zone_over_ukraine/', 'pinned': False, 'post_hint': 'rich:video', 'preview': {'enabled': False, 'images': [{'id': 'golVkKKWPe0C_AIdQ2DePu6ouko1tbRxM6LpCOOPo-g', 'resolutions': [{'height': 81, 'url': 'https://external-preview.redd.it/eEmKUQZ0NWUsjWDvtR76-YK-PN17Q6Vl08-DD5NBRY0.jpg?width=108&amp;crop=smart&amp;auto=webp&amp;s=1f92dac4847a9b3250cca19ebed772905fc64677', 'width': 108}, {'height': 162, 'url': 'https://external-preview.redd.it/eEmKUQZ0NWUsjWDvtR76-YK-PN17Q6Vl08-DD5NBRY0.jpg?width=216&amp;crop=smart&amp;auto=webp&amp;s=da92a7f0b76a7fc29d6a843d6b8f587d866e8d56', 'width': 216}, {'height': 240, 'url': 'https://external-preview.redd.it/eEmKUQZ0NWUsjWDvtR76-YK-PN17Q6Vl08-DD5NBRY0.jpg?width=320&amp;crop=smart&amp;auto=webp&amp;s=b0234fd7cdc3963a8c24399ea084e6638c37565b', 'width': 320}], 'source': {'height': 360, 'url': 'https://external-preview.redd.it/eEmKUQZ0NWUsjWDvtR76-YK-PN17Q6Vl08-DD5NBRY0.jpg?auto=webp&amp;s=32f6e7931f5eade605a6b8df58d52c92be457379', 'width': 480}, 'variants': {}}]}, 'pwls': None, 'quarantine': False, 'removal_reason': None, 'removed_by': None, 'removed_by_category': None, 'report_reasons': None, 'saved': False, 'score': 1, 'secure_media': {'oembed': {'author_name': 'William Spaniel', 'author_url': 'https://www.youtube.com/c/Gametheory101', 'height': 200, 'html': '&lt;iframe width=""356"" height=""200"" src=""https://www.youtube.com/embed/LLlg93a2jG0?feature=oembed&amp;enablejsapi=1"" frameborder=""0"" allow=""accelerometer; autoplay; clipboard-write; encrypted-media; gyroscope; picture-in-picture"" allowfullscreen&gt;&lt;/iframe&gt;', 'provider_name': 'YouTube', 'provider_url': 'https://www.youtube.com/', 'thumbnail_height': 360, 'thumbnail_url': 'https://i.ytimg.com/vi/LLlg93a2jG0/hqdefault.jpg', 'thumbnail_width': 480, 'title': ""Why Isn't NATO Imposing a No-Fly Zone over Ukraine?"", 'type': 'video', 'version': '1.0', 'width': 356}, 'type': 'youtube.com'}, 'secure_media_embed': {'content': '&lt;iframe width=""356"" height=""200"" src=""https://www.youtube.com/embed/LLlg93a2jG0?feature=oembed&amp;enablejsapi=1"" frameborder=""0"" allow=""accelerometer; autoplay; clipboard-write; encrypted-media; gyroscope; picture-in-picture"" allowfullscreen&gt;&lt;/iframe&gt;', 'height': 200, 'media_domain_url': 'https://www.redditmedia.com/mediaembed/tgyw4o', 'scrolling': False, 'width': 356}, 'selftext': '', 'selftext_html': None, 'send_replies': True, 'spoiler': False, 'stickied': False, 'subreddit': 'CredibleDiplomacy', 'subreddit_id': 't5_5p7wvl', 'subreddit_name_prefixed': 'r/CredibleDiplomacy', 'subreddit_subscribers': 58, 'subreddit_type': 'public', 'suggested_sort': None, 'thumbnail': 'https://a.thumbs.redditmedia.com/bEImf7MUW1fiJHyOnTGxZM48SmSNwyL2549-6UaynP4.jpg', 'thumbnail_height': 105, 'thumbnail_width': 140, 'title': ""Why Isn't NATO Imposing a No-Fly Zone over Ukraine?"", 'top_awarded_type': None, 'total_awards_received': 0, 'treatment_tags': [], 'ups': 1, 'upvote_ratio': 1.0, 'url': 'https://youtube.com/watch?v=LLlg93a2jG0&amp;feature=share', 'url_overridden_by_dest': 'https://youtube.com/watch?v=LLlg93a2jG0&amp;feature=share', 'user_reports': [], 'view_count': None, 'visited': False, 'whitelist_status': None, 'wls': None}]"
[],False,bleepblopbloopy,,[],,text,t2_4lu6l,False,False,True,[],False,False,1647566652,atlanticcouncil.org,https://www.reddit.com/r/CredibleDefense/comments/tgpqvu/russia_crisis_military_assessment_the_weapons/,{},tgpqvu,False,True,False,False,False,True,False,False,,[],dark,text,False,False,True,0,0,False,some_ads,/r/CredibleDefense/comments/tgpqvu/russia_crisis_military_assessment_the_weapons/,False,7,1647566663,1,,True,False,False,CredibleDefense,t5_2y5ib,51075,public,default,Russia Crisis Military Assessment: The weapons Ukraine needs most to win the war. The war has transitioned from a lightning offensive designed to take the capital (if not the whole country) to a brutal war of attrition designed to suffocate Ukraine.,0,[],1.0,https://www.atlanticcouncil.org/blogs/new-atlanticist/russia-crisis-military-assessment-the-weapons-ukraine-needs-most-to-win-the-war/,https://www.atlanticcouncil.org/blogs/new-atlanticist/russia-crisis-military-assessment-the-weapons-ukraine-needs-most-to-win-the-war/,some_ads,7,1647537852.0,,link,"{'enabled': False, 'images': [{'id': 'SNPjihgsdzdvJ3x-agVexMRa8dkk4kUBv_eZhoMZOfY', 'resolutions': [{'height': 60, 'url': 'https://external-preview.redd.it/VmirQW7gJ7ByStyltvCrDqmAxZQ7HBG_rxjmGtDKr_k.jpg?width=108&amp;crop=smart&amp;auto=webp&amp;s=b8712c153894e00d1933f6927b0551d503f15fe7', 'width': 108}, {'height': 120, 'url': 'https://external-preview.redd.it/VmirQW7gJ7ByStyltvCrDqmAxZQ7HBG_rxjmGtDKr_k.jpg?width=216&amp;crop=smart&amp;auto=webp&amp;s=166f2aef8bd1a7f92b9acd962579ee66ae81c2a7', 'width': 216}, {'height': 178, 'url': 'https://external-preview.redd.it/VmirQW7gJ7ByStyltvCrDqmAxZQ7HBG_rxjmGtDKr_k.jpg?width=320&amp;crop=smart&amp;auto=webp&amp;s=2b530e78785a9e9538a0b5a6dfceda34c95271a2', 'width': 320}, {'height': 356, 'url': 'https://external-preview.redd.it/VmirQW7gJ7ByStyltvCrDqmAxZQ7HBG_rxjmGtDKr_k.jpg?width=640&amp;crop=smart&amp;auto=webp&amp;s=1a64818e611e62c90cf46a0a781d71afc6786e49', 'width': 640}, {'height': 534, 'url': 'https://external-preview.redd.it/VmirQW7gJ7ByStyltvCrDqmAxZQ7HBG_rxjmGtDKr_k.jpg?width=960&amp;crop=smart&amp;auto=webp&amp;s=27164886b2dd6c5d1763d15e73146a28420937de', 'width': 960}, {'height': 601, 'url': 'https://external-preview.redd.it/VmirQW7gJ7ByStyltvCrDqmAxZQ7HBG_rxjmGtDKr_k.jpg?width=1080&amp;crop=smart&amp;auto=webp&amp;s=136d78c64da90b6a978c92a04506ae4c855761e7', 'width': 1080}], 'source': {'height': 1114, 'url': 'https://external-preview.redd.it/VmirQW7gJ7ByStyltvCrDqmAxZQ7HBG_rxjmGtDKr_k.jpg?auto=webp&amp;s=895687a25f16a4d782653f8ac475b7e6f8482017', 'width': 2000}, 'variants': {}}]}",77.0,140.0,,,,,,,
