all_awardings,archived,associated_award,author,author_flair_background_color,author_flair_css_class,author_flair_richtext,author_flair_template_id,author_flair_text,author_flair_text_color,author_flair_type,author_fullname,author_patreon_flair,author_premium,body,body_sha1,can_gild,collapsed,collapsed_because_crowd_control,collapsed_reason,collapsed_reason_code,comment_type,controversiality,created_utc,distinguished,gilded,gildings,id,is_submitter,link_id,locked,no_follow,parent_id,permalink,retrieved_utc,score,score_hidden,send_replies,stickied,subreddit,subreddit_id,subreddit_name_prefixed,subreddit_type,top_awarded_type,total_awards_received,treatment_tags,unrepliable_reason,created
[],False,,lost_in_life_34,,,[],,,,text,t2_qj4xf,False,False,Cause most of us are from Europe or have ancestry there,6adb8d009505b275705fa8173db29e650d6f277c,True,False,,,,,0,1654300461,,0,{},ib3g46m,False,t3_v3j98j,False,True,t3_v3j98j,/r/war/comments/v3j98j/why_is_the_war_in_europe_more_popular_than_the/ib3g46m/,1654300478,1,True,True,False,war,t5_2qhk8,r/war,public,,0,[],,1654271661.0
[],False,,joachimsverd,,,[],,,,text,t2_22o9xqt1,False,False,Yes.,c53c562dab4b33b3e42f3bc4d8e5719439a9c155,True,False,,,,,0,1654294415,,0,{},ib358by,True,t3_v3cwqy,False,True,t1_ib2ndxj,/r/war/comments/v3cwqy/everything_in_russia_is_shit_because_of_idiot/ib358by/,1654294432,1,True,True,False,war,t5_2qhk8,r/war,public,,0,[],,1654265615.0
[],False,,joachimsverd,,,[],,,,text,t2_22o9xqt1,False,False,I wasn't aiming for it. I mean it's reality. Look at the video. Russia is the anti King Midas. Everything they touch turns to shit.,b6ce2185a54540628434ffeacbc2694146f26830,True,False,,,,,0,1654293814,,0,{},ib344an,True,t3_v3cwqy,False,True,t1_ib2x81h,/r/war/comments/v3cwqy/everything_in_russia_is_shit_because_of_idiot/ib344an/,1654293832,1,True,True,False,war,t5_2qhk8,r/war,public,,0,[],,1654265014.0
[],False,,VCUBNFO,,,[],,,,text,t2_gm73c,False,False,It's ok to be wrong.  Everyone is.  Just remember it the next time you think you're right.,7ebab64d30aa363f0626ba4d6885828309986a5c,True,False,,,,,0,1654291775,,0,{},ib307rl,False,t3_sr86s4,False,True,t1_hy956ki,/r/war/comments/sr86s4/breaking_dozens_of_russian_helicopters_on_the_way/ib307rl/,1654291786,1,True,True,False,war,t5_2qhk8,r/war,public,,0,[],,1654262975.0
[],False,,VCUBNFO,,,[],,,,text,t2_gm73c,False,False,Thoughts?,1590604b419175bd967f0ffff2db2ee908172f11,True,False,,,,,0,1654291638,,0,{},ib2zya8,False,t3_sr86s4,False,True,t1_hwr5low,/r/war/comments/sr86s4/breaking_dozens_of_russian_helicopters_on_the_way/ib2zya8/,1654291655,1,True,True,False,war,t5_2qhk8,r/war,public,,0,[],,1654262838.0
[],False,,FormerPhysician,,,[],,,,text,t2_80anx,False,False,Amazing that firepower exists to mangle a tank like this.,4c838ca0424107745bc7e6cc3b4348b50aa0de6f,True,False,,,,,0,1654291223,,0,{},ib2z53x,False,t3_v3jfi6,False,True,t3_v3jfi6,/r/war/comments/v3jfi6/another_downside_of_russias_war_nobody_is_going/ib2z53x/,1654291235,1,True,True,False,war,t5_2qhk8,r/war,public,,0,[],,1654262423.0
[],False,,Only-Understanding38,,,[],,,,text,t2_cpnq8yje,False,False,Bunch of inhumane monkeys,e19b5522f8f73113d9052eef920d9217440a9dec,True,True,,,,,0,1654290926,,0,{},ib2yk4v,False,t3_uorg3v,False,True,t3_uorg3v,/r/war/comments/uorg3v/the_israeli_occupationafter_murdered_the/ib2yk4v/,1654290937,1,True,True,False,war,t5_2qhk8,r/war,public,,0,[],,1654262126.0
[],False,,Stunning-Horror-7265,,,[],,,,text,t2_ivrhhuel,False,False,The tyrants,eb4acd00c3192768fc9a3444f3d8b6bdc2eda20e,True,False,,,,,0,1654290773,,0,{},ib2y9dc,False,t3_v2rflz,False,True,t1_ib1zpax,/r/war/comments/v2rflz/which_country_do_you_think_are_soldiers_and_from/ib2y9dc/,1654290790,1,True,True,False,war,t5_2qhk8,r/war,public,,0,[],,1654261973.0
[],False,,ThemApples87,,,[],,,,text,t2_itcuofqh,False,False,"Russia‚Äôs tanks are useless against sophisticated ATGMs, but if you‚Äôre some despot somewhere, a bunch of T-72s are wonderfully effective at suppressing the populous or rebel uprisings.",19661a5f0aac4f074c925ddf9f93d02f695f711f,True,False,,,,,0,1654290384,,0,{},ib2xi77,False,t3_v3jfi6,False,True,t3_v3jfi6,/r/war/comments/v3jfi6/another_downside_of_russias_war_nobody_is_going/ib2xi77/,1654290399,1,True,True,False,war,t5_2qhk8,r/war,public,,0,[],,1654261584.0
[],False,,zacharychadchadinson,,,[],,,,text,t2_13gi4j50,False,False,Is this a Tinker Tailor reference?,cbd21b404425e922d114e8a52449a946c5b0c368,True,False,,,,,0,1654290239,,0,{},ib2x81h,False,t3_v3cwqy,False,True,t3_v3cwqy,/r/war/comments/v3cwqy/everything_in_russia_is_shit_because_of_idiot/ib2x81h/,1654290257,1,True,True,False,war,t5_2qhk8,r/war,public,,0,[],,1654261439.0
[],False,,Bebynho,,,[],,,,text,t2_16up1v,False,False,"You my friend .... are brain dead and I won't be going into why you are brain dead because trying to convince brain dead people they are brain dead is plain STUPID !!! 

I would love for you to suffer the RUSSIANS the same way the Ukrainians are now ... or to be in the same situation the Ukrainians are. 
Damn some people are a waste of fucking matter.  THANOS is the answer !!!",702badc9628c6fb7c9913ee39d4868992d03fc7f,True,False,,,,,0,1654289821,,0,{},ib2wea2,False,t3_v2sf6k,False,True,t3_v2sf6k,/r/war/comments/v2sf6k/to_the_delusional_zelenskyy_supporters/ib2wea2/,1654289833,1,True,True,False,war,t5_2qhk8,r/war,public,,0,[],,1654261021.0
[],False,,-Anonymous-Anomalous,,,[],,,,text,t2_hp87xr55,False,False,"[This one](https://i.imgur.com/NWroQVX.jpg) is my favourite‚Äîby far. There‚Äôs a video around showing the same turret and the surrounding area with debris strewn about. It would take forever to dig up though. I don‚Äôt think I bookmarked it. I just remember watching a random video with a UKR soldier talking about an engagement or something with other soldiers milling about. Then behind him I noticed the turret and thought ‚Äú*hey, I recognize that turret!*‚Äù Sure enough I compared the markings and debris strewn around etc; 100% it‚Äôs one in the same. So it‚Äôs a real Russian turret laying in Ukraine blown up in the conflict. Excellent photo for sure.",1837811ed2016307886e5bdd2a423e3bd30160d2,True,False,,,,,0,1654289042,,0,{},ib2uu1g,False,t3_v3jfi6,False,True,t1_ib1s0w8,/r/war/comments/v3jfi6/another_downside_of_russias_war_nobody_is_going/ib2uu1g/,1654289056,1,True,True,False,war,t5_2qhk8,r/war,public,,0,[],,1654260242.0
[],False,,TaubahMann,,,[],,,,text,t2_a65vb5lu,False,False,"The richest 1% in U.S need to have their colony. What else is U.S money gonna go? To pay salaries for teachers? Free health care? No, that is for the colony first",fc0d109c5b7c0ffa71d9fec666ff65d1f141be55,True,False,,,,,0,1654288336,,0,{},ib2tehu,False,t3_v1c7mp,False,True,t1_iaph3hu,/r/war/comments/v1c7mp/this_is_called_super_shooting/ib2tehu/,1654288354,1,True,True,False,war,t5_2qhk8,r/war,public,,0,[],,1654259536.0
[],False,,MoysesGurgel,,,[],,,,text,t2_s8kh5,False,False,Military training of the Azov Battalion before the war. üí™üá∫üá¶,5a6a88d02b2e1646e6de8fca8c1fc2d6c21b6717,True,False,,,,,0,1654288295,,0,{},ib2tbkh,True,t3_v48b9l,False,True,t3_v48b9l,/r/war/comments/v48b9l/azov_battalion_military_training/ib2tbkh/,1654288308,1,True,True,False,war,t5_2qhk8,r/war,public,,0,[],,1654259495.0
[],False,,VCUBNFO,,,[],,,,text,t2_gm73c,False,False,Sounds much more like a modern progressive than a chamber of commerce republican.,92fa9fe3e65055945f507a4df8ae8a43e1a86725,True,False,,,,,0,1654288235,,0,{},ib2t7ah,False,t3_shq0lg,False,False,t1_hv4vvj3,/r/war/comments/shq0lg/mr_roosevelt_demands_that/ib2t7ah/,1654288250,1,True,True,False,war,t5_2qhk8,r/war,public,,0,[],,1654259435.0
[],False,,Briglin,,,[],,,,text,t2_21ulg5w,False,False,**Hope you get &lt;&lt;&lt;BANNED&gt;&gt;&gt;** \- You look like Pooty's propaganda pusher. Don't work  here. Bye bye \*waves\*,e1649dde4eb5094366ccbe812add12adc478eda5,True,False,,,,,0,1654288137,,0,{},ib2t03r,False,t3_v3c2kb,False,True,t1_ib2pbmg,/r/war/comments/v3c2kb/ukrainian_forces_destroyed_2x_russian_t72b_series/ib2t03r/,1654288154,1,True,True,False,war,t5_2qhk8,r/war,public,,0,[],,1654259337.0
[],False,,VCUBNFO,,,[],,,,text,t2_gm73c,False,False,That bush did 9/11 or lied about Iraq is bullshit conspiracy. Fuck you.,f5a383e38f40d25ac36345d8ac99f88a49e42628,True,False,,,,,0,1654287534,,0,{},ib2rr9k,False,t3_tcxn6n,False,True,t1_i0ixbfb,/r/war/comments/tcxn6n/iraqwave/ib2rr9k/,1654287551,1,True,True,False,war,t5_2qhk8,r/war,public,,0,[],,1654258734.0
[],False,,AutoModerator,,,[],,,,text,t2_6l4z3,False,True,"
/u/420KetWig To combat spam and the spread of misinformation, links to [discord/telegram/etc] need to be manually approved.

*I am a bot, and this action was performed automatically. Please [contact the moderators of this subreddit](/message/compose/?to=/r/war) if you have any questions or concerns.*",aef4cad56fe33bc17f6d7e5b8382871b9f398b50,True,False,,,,,0,1654287064,moderator,0,{},ib2qssr,False,t3_v47vtt,False,True,t3_v47vtt,/r/war/comments/v47vtt/wagner_in_syria_18/ib2qssr/,1654287077,1,True,False,False,war,t5_2qhk8,r/war,public,,0,[],,1654258264.0
[],False,,Useful-Ant-6303,,,[],,,,text,t2_bt3t7nsl,False,False,"Oh no. I have bad rep on here. 

Your profile makes you sound like a virgin that was taught how to French kiss by your uncle.",76a0c728d958e8794008a6cf0b1e0371da119668,True,True,,,,,0,1654286345,,0,{},ib2pbmg,False,t3_v3c2kb,False,True,t1_ib0ygpy,/r/war/comments/v3c2kb/ukrainian_forces_destroyed_2x_russian_t72b_series/ib2pbmg/,1654286361,1,True,True,False,war,t5_2qhk8,r/war,public,,0,[],,1654257545.0
[],False,,_BaldyLocks_,,,[],,,,text,t2_5d0jbynz,False,False,Yes.,c53c562dab4b33b3e42f3bc4d8e5719439a9c155,True,False,,,,,0,1654285418,,0,{},ib2ndxj,False,t3_v3cwqy,False,True,t3_v3cwqy,/r/war/comments/v3cwqy/everything_in_russia_is_shit_because_of_idiot/ib2ndxj/,1654285431,1,True,True,False,war,t5_2qhk8,r/war,public,,0,[],,1654256618.0
[],False,,RaptorAro,,,[],,,,text,t2_mwl1j242,False,False,"That just means 0.00001

the zeroes infront are meaningless.

Yes i have no life",a1b3245c9055ca1ca018188dba8c2ae1008d66e0,True,False,,,,,0,1654284591,,0,{},ib2lm64,False,t3_v37azt,False,True,t1_iazor6p,/r/war/comments/v37azt/russians_captured_a_large_weapons_stash_from_the/ib2lm64/,1654284611,1,True,True,False,war,t5_2qhk8,r/war,public,,0,[],,1654255791.0
[],False,,[deleted],,,,,,dark,,,,,[removed],fe993932d6dced4c0a879e9aa5d7a6e0fbb467f5,True,True,,,DELETED,,0,1654283364,,0,{},ib2j1ez,False,t3_v3jfi6,False,True,t3_v3jfi6,/r/war/comments/v3jfi6/another_downside_of_russias_war_nobody_is_going/ib2j1ez/,1654283380,1,True,True,False,war,t5_2qhk8,r/war,public,,0,[],,1654254564.0
[],False,,_BaldyLocks_,,,[],,,,text,t2_5d0jbynz,False,False,"Ummm, it was more important?

US won the one in Pacific with 25% strength and material, in Europe it took the remaining 75% from US, 100% of USSR and almost 100% from UK power combined.",eb2226f7afc75d2b119ec5e29090f38f0b602729,True,False,,,,,0,1654282753,,0,{},ib2hr2o,False,t3_v3j98j,False,True,t3_v3j98j,/r/war/comments/v3j98j/why_is_the_war_in_europe_more_popular_than_the/ib2hr2o/,1654282771,1,True,True,False,war,t5_2qhk8,r/war,public,,0,[],,1654253953.0
[],False,,FunctionImpressive13,,,[],,,,text,t2_eu1ci9vj,False,False,Russians already use red to die faster,5e6557b7cc7b1c49896bf6e249166ea53d769b90,True,False,,,,,0,1654282555,,0,{},ib2hbzs,False,t3_v1445o,False,True,t1_iaplko2,/r/war/comments/v1445o/first_person_view_of_ukrainian_soldier_in_a/ib2hbzs/,1654282571,1,True,True,False,war,t5_2qhk8,r/war,public,,0,[],,1654253755.0
[],False,,Daniels_2003,,,[],,,,text,t2_44up5lts,False,False,"Unless Ukraine has an ace up their sleeve, this is likely to end up like the Winter War, where the Soviets suffered horrendous losses but were eventually able to secure a conditional peace deal on their terms.",0b85e6b4d32d7040aea76e0677118726d77bfc47,True,False,,,,,0,1654278486,,0,{},ib28k06,False,t3_uxowad,False,True,t1_iawjx5o,/r/war/comments/uxowad/ukrainian_forces_retreating_from_lyman/ib28k06/,1654278503,1,True,True,False,war,t5_2qhk8,r/war,public,,0,[],,1654249686.0
[],False,,Daniels_2003,,,[],,,,text,t2_44up5lts,False,False,"It's been a week but I have to answer this because it kinda hits a nerve when I hear people say this. 

No, trenches are not WW1 stuff. WW1 is the most famous use of them but they never went away. 

At no point did armies stop using trenches. 


""As long as the ground stop bullets, we will keep using it""",d0d3b1d85d7d2b41662d74ba8175b4efa2820fa5,True,False,,,,,0,1654277448,,0,{},ib268du,False,t3_uxv7zw,False,True,t1_ia1omg3,/r/war/comments/uxv7zw/footage_from_a_drone_of_fighting_in_the_trenches/ib268du/,1654277461,1,True,True,False,war,t5_2qhk8,r/war,public,,0,[],,1654248648.0
[],False,,joachimsverd,,,[],,,,text,t2_22o9xqt1,False,False,Because it concerned all of Europe,695aa2183d4441ce350c831dede0e2995d9d81e3,True,False,,,,,0,1654277383,,0,{},ib26373,False,t3_v3j98j,False,True,t3_v3j98j,/r/war/comments/v3j98j/why_is_the_war_in_europe_more_popular_than_the/ib26373/,1654277400,1,True,True,False,war,t5_2qhk8,r/war,public,,0,[],,1654248583.0
[],False,,joachimsverd,,,[],,,,text,t2_22o9xqt1,False,False,"That's okay. I think it's part of the horse trade of buying massive weapon systems like fighters, that some countries stipulate in their contracts. 

Buying new fighters from indigenous companies in the US probably gets like 5min of air time, but in a tiny piss ant country like here (Norway) anything like this gets month worth of media coverage because it's a huge expense and we want our local industry to be in on the action. (we have a total of 72 F16 (now F 35's) America probably have more one any given USAF base.)",2f5ae64ea9ef3ac97263917a36181289c1a6ae0b,True,False,,,,,0,1654277018,,0,{},ib259pv,False,t3_v3jfi6,False,True,t1_ib1ellh,/r/war/comments/v3jfi6/another_downside_of_russias_war_nobody_is_going/ib259pv/,1654277030,1,True,True,False,war,t5_2qhk8,r/war,public,,0,[],,1654248218.0
[],False,,[deleted],,,,,,dark,,,,,[removed],fe993932d6dced4c0a879e9aa5d7a6e0fbb467f5,True,True,,,DELETED,,0,1654276912,,0,{},ib2513b,False,t3_uol7l7,False,True,t3_uol7l7,/r/war/comments/uol7l7/captured_ukraine_tank_crew/ib2513b/,1654276931,1,True,True,False,war,t5_2qhk8,r/war,public,,0,[],,1654248112.0
[],False,,Vojtak_cz,,,[],,,,text,t2_7u2yabb6,False,False,"Yep they have a problem. what we'r gonna do? WAR. Now we have even bigger economical crisis. And that they r like "" why it didnt worked? """,efc7031a329283cf57f39c720236566ca1b3fe60,True,False,,,,,0,1654276816,,0,{},ib24t61,False,t3_v3jfi6,False,True,t1_ib22ai9,/r/war/comments/v3jfi6/another_downside_of_russias_war_nobody_is_going/ib24t61/,1654276830,1,True,True,False,war,t5_2qhk8,r/war,public,,0,[],,1654248016.0
[],False,,[deleted],,,,,,dark,,,,,[removed],fe993932d6dced4c0a879e9aa5d7a6e0fbb467f5,True,True,,,DELETED,,0,1654276334,,0,{},ib23pei,False,t3_u8yzbs,False,True,t3_u8yzbs,/r/war/comments/u8yzbs/russians_promise_to_go_to_war_against_nato_and/ib23pei/,1654276350,1,True,True,False,war,t5_2qhk8,r/war,public,,0,[],,1654247534.0
[],False,,dickshapedtrees,,,[],,,,text,t2_4pzugdse,False,False,"Turkish drones tho, gonna be getting bought like hot cakes",a74626d5d8d1d914c752bf6e04250042def31edc,True,False,,,,,0,1654276223,,0,{},ib23g33,False,t3_v3jfi6,False,True,t3_v3jfi6,/r/war/comments/v3jfi6/another_downside_of_russias_war_nobody_is_going/ib23g33/,1654276235,1,True,True,False,war,t5_2qhk8,r/war,public,,0,[],,1654247423.0
[],False,,isaacpr,,,[],,,,text,t2_801uv,False,False,Who gives a shit! Hope they nuke Moscow and partition the whole thing. Fuck you,cfc39a46e4c7f06b2260c90d6c18bbe73fbcbf55,True,False,,,,,0,1654276216,,0,{},ib23fhu,False,t3_v25zfn,False,True,t1_ias1tly,/r/war/comments/v25zfn/ukrain/ib23fhu/,1654276227,1,True,True,False,war,t5_2qhk8,r/war,public,,0,[],,1654247416.0
[],False,,ArgosCyclos,,,[],,,,text,t2_jp5hehui,False,False,"That is what always gets Russia into trouble. Hell, if they would end the corruption, and stop looking to expansion to solve all their problems, they could actually have a fairly strong economy. They have a population of 144,000,000, and produce a GDP equivalent to New York State (20,000,000) and Texas (30,000,000), yet have vastly more resources than either. They could be 5-7√ó more economically powerful, but they simply can't run a country.",ca760809812b0d0933bd2e2cd6465b062d75d873,True,False,,,,,0,1654275723,,0,{},ib22ai9,False,t3_v3jfi6,False,True,t1_ib21hjt,/r/war/comments/v3jfi6/another_downside_of_russias_war_nobody_is_going/ib22ai9/,1654275737,1,True,True,False,war,t5_2qhk8,r/war,public,,0,[],,1654246923.0
[],False,,Vojtak_cz,,,[],,,,text,t2_7u2yabb6,False,False,"Yep but the worst part is that they actually thing russia is a good, and strong country.",bbca7056a6545d4a65849ee8e98a97b41ab276fe,True,False,,,,,0,1654275385,,0,{},ib21hjt,False,t3_v3jfi6,False,True,t1_ib217w5,/r/war/comments/v3jfi6/another_downside_of_russias_war_nobody_is_going/ib21hjt/,1654275399,1,True,True,False,war,t5_2qhk8,r/war,public,,0,[],,1654246585.0
[],False,,ArgosCyclos,,,[],,,,text,t2_jp5hehui,False,False,"And it only barely worked in WWII. The Russians have the most grievous military losses of any single country in the war. Losing more even than Germany itself, which lost. Russia has always been behind in terms of technology. Corruption and tyranny have always held Russia back.",f4b42eac8c791608dec05d9dc986897fa74c904e,True,False,,,,,0,1654275269,,0,{},ib217w5,False,t3_v3jfi6,False,True,t1_ib0xv2m,/r/war/comments/v3jfi6/another_downside_of_russias_war_nobody_is_going/ib217w5/,1654275284,1,True,True,False,war,t5_2qhk8,r/war,public,,0,[],,1654246469.0
[],False,,Dildo_Baggins__,,,[],,,,text,t2_1r0wb5cm,False,False,Source: https://allthatsinteresting.com/unit-731/4,23e723eaa2b5f8a1c655ca0e3435c0e93bb53b44,True,False,,,,,0,1654275183,,0,{},ib210nq,True,t3_v43nsv,False,True,t3_v43nsv,/r/war/comments/v43nsv/unit_731_researchers_conduct_bacteriological/ib210nq/,1654275198,1,True,True,False,war,t5_2qhk8,r/war,public,,0,[],,1654246383.0
[],False,,ArgosCyclos,,,[],,,,text,t2_jp5hehui,False,False,And? The UA is largely using the same Russian tanks. It's very clear by video that these tanks are not fit for modern warfare.,a10761c3793bd5f9c7754653fb15371989d3ed02,True,False,,,,,0,1654274663,,0,{},ib1zswv,False,t3_v3jfi6,False,True,t1_ib0lgc7,/r/war/comments/v3jfi6/another_downside_of_russias_war_nobody_is_going/ib1zswv/,1654274683,1,True,True,False,war,t5_2qhk8,r/war,public,,0,[],,1654245863.0
[],False,,LeTigreDuPapier,,,[],,,,text,t2_kxovbfub,False,False,Who are the ‚Äúenemies of God‚Äù?,94bbdb9f28ed3305cf81d07f812b448b7ef7be3b,True,False,,,,,0,1654274621,,0,{},ib1zpax,False,t3_v2rflz,False,True,t1_iay2uz1,/r/war/comments/v2rflz/which_country_do_you_think_are_soldiers_and_from/ib1zpax/,1654274635,1,True,True,False,war,t5_2qhk8,r/war,public,,0,[],,1654245821.0
[],False,,Roughly_TenCats,,,[],,,,text,t2_kp7yj4l,False,False,"If you want to learn more, I cannot suggest strongly enough listening to the series Last Podcast on the Left did about it. LPOTL covers some terrible, dark, horrific shit from time to time, but the hosts do a great job at sprinkling humor into the mix so your soul doesn't die while absorbing the knowledge.",6f0893066f3df494f792caeb3530e7b7b5e567c5,True,False,,,,,0,1654273221,,0,{},ib1wd9t,False,t3_v39vvm,False,True,t1_iayh4ng,/r/war/comments/v39vvm/personnel_of_the_infamous_imperial_japanese_unit/ib1wd9t/,1654273235,1,True,True,False,war,t5_2qhk8,r/war,public,,0,[],,1654244421.0
[],False,,TheBlacktom,,,[],,,,text,t2_n4uo6,False,False,"""Hm, you say someone is paying for *that*?""
A future villain probably.",c757d4cad5d4d10bac54a3dca80396fe5c16a9de,True,False,,,,,0,1654272991,,0,{},ib1vt6r,False,t3_v39vvm,False,True,t1_ib0hhbz,/r/war/comments/v39vvm/personnel_of_the_infamous_imperial_japanese_unit/ib1vt6r/,1654273003,1,True,True,False,war,t5_2qhk8,r/war,public,,0,[],,1654244191.0
[],False,,ChipmunkFood,,,[],,,,text,t2_7hckdusr,False,False,Not for me!,4983bbf546ef86a7d4c459496104c2fa74fe10c4,True,False,,,,,0,1654272566,,0,{},ib1ushp,False,t3_v3j98j,False,False,t3_v3j98j,/r/war/comments/v3j98j/why_is_the_war_in_europe_more_popular_than_the/ib1ushp/,1654272579,1,True,True,False,war,t5_2qhk8,r/war,public,,0,[],,1654243766.0
[],False,,MoveSizeSpreadThighs,,,[],,,,text,t2_4yegod3m,False,False,Death to occupiers. What? Did he think he was going to be greeted with flowers going to war?,81369a206e58d84fbef84caf83009fc76f330a5d,True,False,,,,,0,1654272527,,0,{},ib1up7b,False,t3_u50h71,False,True,t3_u50h71,/r/war/comments/u50h71/russian_soldier_gets_his_eye_taken_out_by_ukranian/ib1up7b/,1654272540,1,True,True,False,war,t5_2qhk8,r/war,public,,0,[],,1654243727.0
[],False,,Edwardteech,,,[],,,,text,t2_yh8t2,False,False,Ukrainians making some wicked modern art.,00ff2a56533176f8885c0d0a060d779bef6f8529,True,False,,,,,0,1654271388,,0,{},ib1s0w8,False,t3_v3jfi6,False,True,t3_v3jfi6,/r/war/comments/v3jfi6/another_downside_of_russias_war_nobody_is_going/ib1s0w8/,1654271400,1,True,True,False,war,t5_2qhk8,r/war,public,,0,[],,1654242588.0
[],False,,2furlongs,,,[],,,,text,t2_53chy5ln,False,False,"There's yard art that looks exactly like this out in the boonies in my Midwest US state. Anyone of those folks would love to have a tank turret sticking out of the ground in their front yard, they would hang wind chimes and crap on it.",cfc570940a986010be9e69f69363e1e2600d9040,True,False,,,,,0,1654270961,,0,{},ib1r0b9,False,t3_v3jfi6,False,True,t3_v3jfi6,/r/war/comments/v3jfi6/another_downside_of_russias_war_nobody_is_going/ib1r0b9/,1654270979,1,True,True,False,war,t5_2qhk8,r/war,public,,0,[],,1654242161.0
[],False,,MoysesGurgel,,,[],,,,text,t2_s8kh5,False,False,Video reupload with images of the German army in WWII.,b9b9a93eae9d91245aa126abfff3c13de49f2455,True,False,,,,,0,1654270100,,0,{},ib1ozuf,True,t3_v41vh0,False,True,t3_v41vh0,/r/war/comments/v41vh0/germany_ww2_edit_after_dark/ib1ozuf/,1654270117,1,True,True,False,war,t5_2qhk8,r/war,public,,0,[],,1654241300.0
[],False,,Vojtak_cz,,,[],,,,text,t2_7u2yabb6,False,False,"Tru.... How did USSR lost to a afghanistan and Grozny thanüòÇ i guess russia takes concept ""shithole country"" into a new level",6ee60374ccf31e4fb1f8b49bb3d9807cb629724e,True,False,,,,,0,1654268564,,0,{},ib1lg5f,False,t3_v3jfi6,False,True,t1_ib1akek,/r/war/comments/v3jfi6/another_downside_of_russias_war_nobody_is_going/ib1lg5f/,1654268579,1,True,True,False,war,t5_2qhk8,r/war,public,,0,[],,1654239764.0
[],False,,B1G-Boss,,,[],,,,text,t2_h62xlniv,False,False,Gotcha. Im not too familiar with late and modern chinese history. All I know is the british pumped their streets full of opioids at some point,f72f8baa7748351079421c9626c362e81df08a64,True,False,,,,,0,1654266294,,0,{},ib1gbod,False,t3_v39vvm,False,True,t1_ib1dkd6,/r/war/comments/v39vvm/personnel_of_the_infamous_imperial_japanese_unit/ib1gbod/,1654266311,1,True,True,False,war,t5_2qhk8,r/war,public,,0,[],,1654237494.0
[],False,,[deleted],,,,,,dark,,,,,[removed],fe993932d6dced4c0a879e9aa5d7a6e0fbb467f5,True,True,,,DELETED,,0,1654266168,,0,{},ib1g1n4,False,t3_v37azt,False,True,t1_iayhymd,/r/war/comments/v37azt/russians_captured_a_large_weapons_stash_from_the/ib1g1n4/,1654266181,1,True,True,False,war,t5_2qhk8,r/war,public,,0,[],,1654237368.0
[],False,,Xperfume48,,,[],,,,text,t2_40vvk11g,False,False,Okay I wasn‚Äôt sure how it worked for every country,1484397f564f811139b5155ccda4ae402e7611c8,True,False,,,,,0,1654265506,,0,{},ib1ellh,False,t3_v3jfi6,False,True,t1_ib1dipu,/r/war/comments/v3jfi6/another_downside_of_russias_war_nobody_is_going/ib1ellh/,1654265525,1,True,True,False,war,t5_2qhk8,r/war,public,,0,[],,1654236706.0
[],False,,MJDeadass,,,[],,,,text,t2_fdlmlc4n,False,False,"They have been lost in vain. I don't see anything online about how the results were in any way useful. What they did wasn't scientific, only torture. Same thing with Mengele.",1bc1835c5cd9a48c08dd51e7cbdb2fcd13c6f214,True,False,,,,,0,1654265406,,0,{},ib1edud,False,t3_v39vvm,False,True,t1_iazx0yh,/r/war/comments/v39vvm/personnel_of_the_infamous_imperial_japanese_unit/ib1edud/,1654265425,1,True,True,False,war,t5_2qhk8,r/war,public,,0,[],,1654236606.0
[],False,,sparten112233,,,[],,,,text,t2_4gnxcvo6,False,False,Labs. almost every major gov has alive samples of each disease that has fucked the population. Im sure they were up and running at that time,7155b8135c50ce2a65d312ccbcfbc3c66cf79ca3,True,False,,,,,0,1654265279,,0,{},ib1e451,False,t3_v39vvm,False,True,t1_iazl7yt,/r/war/comments/v39vvm/personnel_of_the_infamous_imperial_japanese_unit/ib1e451/,1654265297,1,True,True,False,war,t5_2qhk8,r/war,public,,0,[],,1654236479.0
[],False,,kprel409,,,[],,,,text,t2_6g674l7v,False,False,Welcome to Zelensky productions............,1b8d1e8d642a8e9c1ad7ac96faf415a33869bd51,True,True,,,,,0,1654265161,,0,{},ib1dv5p,False,t3_v3c2kb,False,True,t3_v3c2kb,/r/war/comments/v3c2kb/ukrainian_forces_destroyed_2x_russian_t72b_series/ib1dv5p/,1654265176,1,True,True,False,war,t5_2qhk8,r/war,public,,0,[],,1654236361.0
[],False,,AWildNome,,,[],,,,text,t2_nb5px,False,False,Think of it like the opposite of colonial guilt. There's a deep trauma from being humiliated so they feel like they need to do everything they can to project a powerful image. Not all of it is real; some of it is becoming real.,1f49cd8789d4557eb3be96e14be60de6b76bb7d8,True,False,,,,,0,1654265022,,0,{},ib1dkd6,False,t3_v39vvm,False,True,t1_ib0rcoo,/r/war/comments/v39vvm/personnel_of_the_infamous_imperial_japanese_unit/ib1dkd6/,1654265035,1,True,True,False,war,t5_2qhk8,r/war,public,,0,[],,1654236222.0
[],False,,joachimsverd,,,[],,,,text,t2_22o9xqt1,False,False,That's not true. Norway serviced our own F-16's to a standard where the USAF started buying refurbished parts from us.,6306bf3ba023e274cba05739522a4879f3fdfcfb,True,False,,,,,0,1654265001,,0,{},ib1dipu,False,t3_v3jfi6,False,True,t1_ib03ssk,/r/war/comments/v3jfi6/another_downside_of_russias_war_nobody_is_going/ib1dipu/,1654265013,1,True,True,False,war,t5_2qhk8,r/war,public,,0,[],,1654236201.0
[],False,,casc1701,,,[],,,,text,t2_40qnq,False,False,It works if your shithole country only fights other shithole countries.,7490a301efc98e8dbbdfae070c4fa6002e237d0a,True,False,,,,,0,1654263608,,0,{},ib1akek,False,t3_v3jfi6,False,True,t1_ib0xv2m,/r/war/comments/v3jfi6/another_downside_of_russias_war_nobody_is_going/ib1akek/,1654263624,1,True,True,False,war,t5_2qhk8,r/war,public,,0,[],,1654234808.0
[],False,,NinjaFromFunnyFortni,,,[],,,,text,t2_4g9q1mm7,False,False,"I dont, but you do. ü§≠",c4dc9a34452cca4f37b4aebd374f5ace203682d6,True,False,,,,,0,1654263601,,0,{},ib1ajwo,False,t3_uyxfbx,False,True,t1_ib0nfi9,/r/war/comments/uyxfbx/a_gun_i_found_that_apparently_belonged_to_my/ib1ajwo/,1654263616,1,True,True,False,war,t5_2qhk8,r/war,public,,0,[],,1654234801.0
[],False,,Gwyllie,,,[],,,,text,t2_1c61gxml,False,False,"731 is one of the things i show to people that claim only white/Europeans are monsters and war criminals or are the worst kind.

Nope, Asia and its inhabitants have this ""crown"".",767e584242269f4be3e717f673a0babecacb8176,True,False,,,,,0,1654262361,,0,{},ib17zto,False,t3_v39vvm,False,True,t3_v39vvm,/r/war/comments/v39vvm/personnel_of_the_infamous_imperial_japanese_unit/ib17zto/,1654262379,1,True,True,False,war,t5_2qhk8,r/war,public,,0,[],,1654233561.0
[],False,,MrTuerte,,,[],,,,text,t2_15v8yhds,False,False,"""Size of UK!"" lol, take Crimea and other stuff out that was stolen from Ukraine before 2022. 

&amp;#x200B;

Russia plan was to take Ukraine in couple of weeks. GO Rusky ork bot back to r/Russia... oh wait",ad6d29c5e5dcadc87b6d39d8423d95cf4688e62f,True,False,,,,,0,1654262029,,0,{},ib17c9r,False,t3_v3c2kb,False,True,t1_ib0e3dz,/r/war/comments/v3c2kb/ukrainian_forces_destroyed_2x_russian_t72b_series/ib17c9r/,1654262042,1,True,True,False,war,t5_2qhk8,r/war,public,,0,[],,1654233229.0
[],False,,Wayward_heathen,,,[],,,,text,t2_69p6zi70,False,False,70 meters? Lol that‚Äôs over half a football field.,73a68f563f816567f981cffadea92299176b446b,True,False,,,,,0,1654261633,,0,{},ib16ks0,False,t3_v3jfi6,False,True,t1_ib0ibc6,/r/war/comments/v3jfi6/another_downside_of_russias_war_nobody_is_going/ib16ks0/,1654261648,1,True,True,False,war,t5_2qhk8,r/war,public,,0,[],,1654232833.0
[],False,,ApprehensiveNewt1020,,,[],,,,text,t2_dy1zu3ol,False,False,"People like to live in fairy tales

And I like to take pot shots at them

The circle of love",6990a9171741bd772baad07b853b477aa44d0928,True,True,,,,,0,1654261608,,0,{},ib16j3x,False,t3_v3jfi6,False,True,t1_ib148i7,/r/war/comments/v3jfi6/another_downside_of_russias_war_nobody_is_going/ib16j3x/,1654261626,1,True,True,False,war,t5_2qhk8,r/war,public,,0,[],,1654232808.0
[],False,,gcwposs,,,[],,,,text,t2_1pox8gac,False,False,More like former artillery‚Ä¶,fe833c6035d50e348e3b3d10497347c7c83235ee,True,False,,,,,0,1654260789,,0,{},ib14zuf,False,t3_v3c2kb,False,True,t1_ib0glir,/r/war/comments/v3c2kb/ukrainian_forces_destroyed_2x_russian_t72b_series/ib14zuf/,1654260802,1,True,True,False,war,t5_2qhk8,r/war,public,,0,[],,1654231989.0
[],False,,WhiteFoxN1,,,[],,,,text,t2_48ommm9e,False,False,"Ahh, good old Reddit where everything is one sided. No tank tank survive the Anti Tank weapons that are being used in this war. Its not just simple RPGs anymore, Javelins and NLAWs are a thing, and so are drones. I just cringe way too hard seeing people being that retarded to think that just bcuz its a NATO tank it can survive AT weapons. Tho I'm gonna say that Russian tanks are a lot more vulnerable to them.",670c0d3d904407c8a6841d83599b5b12da390f1e,True,False,,,,,0,1654260378,,0,{},ib148i7,False,t3_v3jfi6,False,True,t1_iayx553,/r/war/comments/v3jfi6/another_downside_of_russias_war_nobody_is_going/ib148i7/,1654260390,1,True,True,False,war,t5_2qhk8,r/war,public,,0,[],,1654231578.0
[],False,,VagabondRommel,,,[],,,,text,t2_57j8g0h7,False,False,"With the last part yeah. Ever since the Uke-Russki war started though I've been seeing whataboutism every fucking day and its exhausting. Whenever Russia or China is mentioned some mouth breathing wunderkinder comes along and says ""b-but what about the US!"" bitch, we were talking about Russian hardbass, the fuck does the US have to do with it?

Kinda done with it my guy. One half intelligent part of a comment doesn't mean the braindead part should be accepted.",cae980b9f10b0c02b0034e5d3e45a011a839f6af,True,False,,,,,0,1654260216,,0,{},ib13y7x,False,t3_v3jfi6,False,True,t1_ib0lu93,/r/war/comments/v3jfi6/another_downside_of_russias_war_nobody_is_going/ib13y7x/,1654260229,1,True,True,False,war,t5_2qhk8,r/war,public,,0,[],,1654231416.0
[],False,,[deleted],,,,,,dark,,,,,[removed],fe993932d6dced4c0a879e9aa5d7a6e0fbb467f5,True,True,,,DELETED,,0,1654259338,,0,{},ib12e3q,False,t3_v39vvm,False,True,t1_ib0w6mr,/r/war/comments/v39vvm/personnel_of_the_infamous_imperial_japanese_unit/ib12e3q/,1654259356,1,True,True,False,war,t5_2qhk8,r/war,public,,0,[],,1654230538.0
[],False,,qwop_kitten,,,[],,,,text,t2_e9q53,False,False,It's a Ukrainian tank,4557ef3a9c1df93bc9d48bddb6b706a26def4cd9,True,False,,,,,0,1654258718,,0,{},ib11cbp,False,t3_v3jfi6,False,False,t1_ib0lgc7,/r/war/comments/v3jfi6/another_downside_of_russias_war_nobody_is_going/ib11cbp/,1654258736,1,True,True,False,war,t5_2qhk8,r/war,public,,0,[],,1654229918.0
[],False,,WiseassWolfOfYoitsu,,,[],,,,text,t2_2gc1i7f,False,False,"Crew tends to survive much more frequently, though.",862111436c61445814af55ea5545b46c69cf09be,True,False,,,,,0,1654258426,,0,{},ib10v4b,False,t3_v3jfi6,False,True,t1_ib07s0m,/r/war/comments/v3jfi6/another_downside_of_russias_war_nobody_is_going/ib10v4b/,1654258438,1,True,True,False,war,t5_2qhk8,r/war,public,,0,[],,1654229626.0
[],False,,look4alec,,,[],,,,text,t2_4cgk2,False,False,"Don't look them up. I think they figured it would go into their DoD archives after they won the war, not to the Hague. Remember when war crimes were litigated?",944dbce07ea82c08daf7e64a0cad8a2aaf7f2d03,True,False,,,,,0,1654258215,,0,{},ib10itv,False,t3_v39vvm,False,True,t1_iayal6q,/r/war/comments/v39vvm/personnel_of_the_infamous_imperial_japanese_unit/ib10itv/,1654258233,1,True,True,False,war,t5_2qhk8,r/war,public,,0,[],,1654229415.0
[],False,,Briglin,,,[],,,,text,t2_21ulg5w,False,False,"Useful-Ant-6303  
u/Useful-Ant-6303 ¬∑ 22d  
Karma  
\-83  
Cake day  
May 12, 2022",a3a405e89b7c794cf55bd8c601c76ec33ea2bcbe,True,False,,,,,0,1654256928,,0,{},ib0ygpy,False,t3_v3c2kb,False,True,t1_iazpzgp,/r/war/comments/v3c2kb/ukrainian_forces_destroyed_2x_russian_t72b_series/ib0ygpy/,1654256944,1,True,True,False,war,t5_2qhk8,r/war,public,,0,[],,1654228128.0
[],False,,Vojtak_cz,,,[],,,,text,t2_7u2yabb6,False,False,WTF? No. It depends on tactics if you use it right than its really worth it. Like when you r capturing a city and there is a MG in window you can send there 40 soldiers but 30 of them will die or you can send there 1 120mm tank shell withou loses. Also american tanks are far more better then russian tanks they can withstand AT shots. Tank will always have its place in battle field.,9a32805321c1aeef67fee9cf28bbc4757e893e9b,True,False,,,,,0,1654256831,,0,{},ib0yb5j,False,t3_v3jfi6,False,True,t1_iaz85ry,/r/war/comments/v3jfi6/another_downside_of_russias_war_nobody_is_going/ib0yb5j/,1654256845,1,True,True,False,war,t5_2qhk8,r/war,public,,0,[],,1654228031.0
[],False,,Vojtak_cz,,,[],,,,text,t2_7u2yabb6,False,False,Yes but its doesnt work. You may got more but having more doesnt work in moder warfare. It was bad tactics even in WW2 back that it worked tho.,6b9e3540f61e850eb3e6984c174f0c0fe66d98b9,True,False,,,,,0,1654256538,,0,{},ib0xv2m,False,t3_v3jfi6,False,True,t1_ib03ssk,/r/war/comments/v3jfi6/another_downside_of_russias_war_nobody_is_going/ib0xv2m/,1654256550,1,True,True,False,war,t5_2qhk8,r/war,public,,0,[],,1654227738.0
[],False,,YommiaDidIt,,,[],,,,text,t2_bh340o41,False,False,Don‚Äôt ever think this couldn‚Äôt happen in your insert country.,9c040b1dd74d2de29dc8ad70d4057bb6998c222b,True,False,,,,,0,1654256476,,0,{},ib0xro3,False,t3_v39vvm,False,True,t3_v39vvm,/r/war/comments/v39vvm/personnel_of_the_infamous_imperial_japanese_unit/ib0xro3/,1654256492,1,True,True,False,war,t5_2qhk8,r/war,public,,0,[],,1654227676.0
[],False,,ZWORZT,,,[],,,,text,t2_3f4zs1sc,False,False,"Philippines, my friend.",3a99aefc67fd9c7f609afa260fecc3fbb850afaf,True,False,,,,,0,1654256189,,0,{},ib0xc9t,False,t3_v2la7n,False,True,t1_ib0uyp9,/r/war/comments/v2la7n/also_ghufrans_funeral_was_also_attacked_by_the/ib0xc9t/,1654256202,1,True,True,False,war,t5_2qhk8,r/war,public,,0,[],,1654227389.0
[],False,,AdComprehensive2981,,,[],,,,text,t2_cxz3rpcn,False,False,Well for a few people that's quite a big amount,9ea5cd05ae49438bfbb84664cb6d064ff9e5d696,True,False,,,,,0,1654256035,,0,{},ib0x3vf,False,t3_v37azt,False,True,t1_iazor6p,/r/war/comments/v37azt/russians_captured_a_large_weapons_stash_from_the/ib0x3vf/,1654256045,1,True,True,False,war,t5_2qhk8,r/war,public,,0,[],,1654227235.0
[],False,,[deleted],,,,,,dark,,,,,[removed],fe993932d6dced4c0a879e9aa5d7a6e0fbb467f5,True,True,,,DELETED,,0,1654255530,,0,{},ib0wdig,False,t3_v3jfi6,False,True,t1_ib03ssk,/r/war/comments/v3jfi6/another_downside_of_russias_war_nobody_is_going/ib0wdig/,1654255541,1,True,True,False,war,t5_2qhk8,r/war,public,,0,[],,1654226730.0
[],False,,CyborgKungFu,,,[],,,,text,t2_10zk72ia,False,False,Agreed.,f965096ab02c7c90ddc4f72df5ebd77885ea3387,True,False,,,,,0,1654255420,,0,{},ib0w7vq,False,t3_v39vvm,False,True,t1_ib0p4pc,/r/war/comments/v39vvm/personnel_of_the_infamous_imperial_japanese_unit/ib0w7vq/,1654255433,1,True,True,False,war,t5_2qhk8,r/war,public,,0,[],,1654226620.0
[],False,,CyborgKungFu,,,[],,,,text,t2_10zk72ia,False,False,I don‚Äôt think it‚Äôs a justification. It‚Äôs valuable research that should *not* be continued or replicated.,225d6df6956f9be052f788d1f43ccbcde1fd5f01,True,False,,,,,0,1654255404,,0,{},ib0w70i,False,t3_v39vvm,False,True,t1_ib0hhbz,/r/war/comments/v39vvm/personnel_of_the_infamous_imperial_japanese_unit/ib0w70i/,1654255418,1,True,True,False,war,t5_2qhk8,r/war,public,,0,[],,1654226604.0
[],False,,Same_Tiger_3490,,,[],,,,text,t2_jxozyv7m,False,False,"People who don‚Äôt learn history : OH MY GOD JAPAN IS SO COOL, BECAUSE THEY CAME UP WITH ANIME!!!!

This type of shit really pisses me off. And the fact that Japan still didn‚Äôt apologize for murdering around 800,000 Koreans is just sad.

The Japanese also used to do this thing where Japanese soldiers would throw a baby around to see who could catch it with a sword.",705a23566030d7b6ae9438c34e65c1f0ed0d574a,True,False,,,,,0,1654255395,,0,{},ib0w6mr,False,t3_v39vvm,False,True,t3_v39vvm,/r/war/comments/v39vvm/personnel_of_the_infamous_imperial_japanese_unit/ib0w6mr/,1654255411,1,True,True,False,war,t5_2qhk8,r/war,public,,0,[],,1654226595.0
[],False,,Nallepuku,,,[],,,,text,t2_cs1w7aj7,False,False,Time to sing and dance!,757dc5af3592268435e548e77ada87a76b950693,True,False,,,,,0,1654255040,,0,{},ib0vo6w,False,t3_v37azt,False,False,t3_v37azt,/r/war/comments/v37azt/russians_captured_a_large_weapons_stash_from_the/ib0vo6w/,1654255053,1,True,True,False,war,t5_2qhk8,r/war,public,,0,[],,1654226240.0
[],False,,Alexandros6,,,[],,,,text,t2_5v6wkey8,False,False,Which country are you from?,e6fe29d6c381f31966366c0f0ff90831a7a2651e,True,False,,,,,0,1654254522,,0,{},ib0uyp9,False,t3_v2la7n,False,False,t1_iawgdih,/r/war/comments/v2la7n/also_ghufrans_funeral_was_also_attacked_by_the/ib0uyp9/,1654254534,1,True,True,False,war,t5_2qhk8,r/war,public,,0,[],,1654225722.0
[],False,,MiXNLEAN,,,[],,,,text,t2_77hh4dnn,False,False,Hahahaha by far the funniest scene yet.,6a06772e22188b9006cf18762bc4e18094b10d39,True,False,,,,,0,1654253609,,0,{},ib0tr7h,False,t3_v3jfi6,False,True,t3_v3jfi6,/r/war/comments/v3jfi6/another_downside_of_russias_war_nobody_is_going/ib0tr7h/,1654253624,1,True,True,False,war,t5_2qhk8,r/war,public,,0,[],,1654224809.0
[],False,,huntshowdownshorts,,,[],,,,text,t2_ia41r0jx,False,False,"I am also no historian so bare with me. Ukraine and Poland have a lot in common and share history together also some dark parts (UPA massacre). Ukraine once was also part of  the Polish‚ÄìLithuanian Commonwealth that is one reason why the language share a lot or vocabulary. I am quite sure that Ukraine had also to suffer under Polish‚ÄìLithuanian rule, so there are points in history ukraine or poland suffered and vice versa  
  
Of course there was the oppression via the UDSSR in both countries so it is for sure that both know what living under russian rule mean  
  
One thing that drives Poles is the fact that Poland has been erased from the world map serveral times. You could start blaming politicians or the army not beeing ready to defend Poland but i dont have enough knowloadge to give a real overview about it.   
  
The fact is that Poland is eager to stand his ground at all costs and Ukraine is showing them how fighting and morale has to look like",8d32ea3cb612cce0d097347b2b679cfe32fc47a8,True,False,,,,,0,1654252002,,0,{},ib0rqnx,False,t3_v2sup1,False,True,t1_ib0nfem,/r/war/comments/v2sup1/how_does_the_polish_military_compare_to_ukraine/ib0rqnx/,1654252015,1,True,True,False,war,t5_2qhk8,r/war,public,,0,[],,1654223202.0
[],False,,B1G-Boss,,,[],,,,text,t2_h62xlniv,False,False,Not sure I understand. Do you mean in a historical justice kind of way?,2ddaba3bd48a6aefbe5b6059d73258f52b34aa20,True,False,,,,,0,1654251688,,0,{},ib0rcoo,False,t3_v39vvm,False,False,t1_iazrogx,/r/war/comments/v39vvm/personnel_of_the_infamous_imperial_japanese_unit/ib0rcoo/,1654251700,1,True,True,False,war,t5_2qhk8,r/war,public,,0,[],,1654222888.0
[],False,,Cemeterywind666,,,[],,,,text,t2_16gejz,False,False,r/beetlejuicing,19c2e90b7ffcce214bbc68196d80dff8d06de719,True,False,,,,,0,1654251688,,0,{},ib0rcng,False,t3_v1248y,False,True,t1_iasmbmn,/r/war/comments/v1248y/what_does_this_picture_mean_and_what_kind_of/ib0rcng/,1654251700,1,True,True,False,war,t5_2qhk8,r/war,public,,0,[],,1654222888.0
[],False,,Bak1iio,,,[],,,,text,t2_dq1esdgx,False,False,This is one harrowing image of what Japan did in Manchuria during those days,88ae4fd9a07bc88b071375a30f2ef14215ef4cef,True,False,,,,,0,1654251173,,0,{},ib0qq63,False,t3_v39vvm,False,True,t3_v39vvm,/r/war/comments/v39vvm/personnel_of_the_infamous_imperial_japanese_unit/ib0qq63/,1654251191,1,True,True,False,war,t5_2qhk8,r/war,public,,0,[],,1654222373.0
[],False,,woocheese,,,[],,,,text,t2_4rgfi,False,False,"It's the ""bought"" part thats the issue.",4384f18d1dd729d792648ac8dc031383b3dff3e5,True,True,,,,,0,1654249761,,0,{},ib0p4pc,False,t3_v39vvm,False,True,t1_iazx0yh,/r/war/comments/v39vvm/personnel_of_the_infamous_imperial_japanese_unit/ib0p4pc/,1654249777,1,True,True,False,war,t5_2qhk8,r/war,public,,0,[],,1654220961.0
[],False,,pezboy74,,,[],,,,text,t2_64h50ya5,False,False,"I think there's three elements to that question.  
1) How likely is Putin to order a nuclear war - he does appear to be unwell and very stressed. But a lot of the nuclear war rhetoric is from Russia's version of FOX news, not from Putin or his military. I think if Russia is backed into a corner it's a real risk - but ultimately they could withdraw from Ukraine and still stay intact as a state (maybe - the political costs of withdrawal could be the collapse of the government which Russia will avoid at almost any cost). The other thing is Putin seems to be venting a lot of his rage on his military commanders, at this point a couple high-level generals are disappearing each week. If Putin believes the disaster in the Ukraine is more the fault of his staff than the western powers supplying weapons then I think the risk is vastly reduced.  
2) Will the military allow him to launch - considering the number of generals that have been removed from power and the repeated rumors on Putin's health, the military may not follow orders to launch and instead launch a military coup to remove him from power. Putin may (keep in mind they are just rumors) not have long to live but the generals do!  
3) If they try to launch will it work? Considering how corrupt and broken down the Russian army is - instead of a world ending war - we could see a largely failed launch - though even a few nuclear weapons means 10s of millions dead. Just not the end of humanity. This sounds awful - but there's a better side to it - if Russia is legitimately concerned that if they attempt to launch, that it might fail and leave the USA and NATO damaged but Russia removed from existence - that's going to be a serious consideration that might prevent a launch in the first place.   
Also - Putin still hasn't declared war against Ukraine - I think that at minimum happens before there's any real risk of nuclear war. (and I'm not saying it'll happen even then.)  
I think the risk of a nuclear WW3 is still low but when a nuclear power is at war (even if its an undeclared one), there is always a risk. I do think it is a lower risk than some of the highest tension points during the cold war though.",2760735d1803910d5dfcf8a9d75dfd695260dd22,True,False,,,,,0,1654249219,,0,{},ib0oj5e,False,t3_v1lwkn,False,True,t1_iawhoxd,/r/war/comments/v1lwkn/when_will_the_war_end_how/ib0oj5e/,1654249235,1,True,True,False,war,t5_2qhk8,r/war,public,,0,[],,1654220419.0
[],False,,BudgetElderber,,,[],,,,text,t2_hs3jwcys,False,False,You do really have a problem with the truth.,14696fdf03c4d979fbdd11a8015b07b84d22c8ec,True,False,,,,,0,1654248202,,0,{},ib0nfi9,False,t3_uyxfbx,False,True,t1_iatw1ji,/r/war/comments/uyxfbx/a_gun_i_found_that_apparently_belonged_to_my/ib0nfi9/,1654248215,1,True,True,False,war,t5_2qhk8,r/war,public,,0,[],,1654219402.0
[],False,,pezboy74,,,[],,,,text,t2_64h50ya5,False,False,"Totally recognize the grinder Poland been through and if I was comparing it to most other nations I'd not even try to compare - but Ukraine has been through a lot as well and only more recently became a nation independent of Russia control as it arguably didn't remove itself from Russia influence until 2013.  
Not knowing both countries histories in full detail, I could be wrong and Poland definently could have had it worse, just don't want to discount Ukraine's history of being invaded, starved and ethnically cleansed.  
It might be best to say both countries fully understand what they are fighting for!",cd596ec9fd82c8d69987f58705eaaa12484b2f8e,True,False,,,,,0,1654248200,,0,{},ib0nfem,False,t3_v2sup1,False,True,t1_ib0gnjc,/r/war/comments/v2sup1/how_does_the_polish_military_compare_to_ukraine/ib0nfem/,1654248215,1,True,True,False,war,t5_2qhk8,r/war,public,,0,[],,1654219400.0
[],False,,Dragnskulls0128,,,[],,,,text,t2_k24iztit,False,False,It's alright. I can't go around just assuming everything.,f53df36d3e9c6d02d36644442579f6a83465b8f4,True,False,,,,,0,1654247934,,0,{},ib0n4po,False,t3_v3jfi6,False,True,t1_ib0mxck,/r/war/comments/v3jfi6/another_downside_of_russias_war_nobody_is_going/ib0n4po/,1654247949,1,True,True,False,war,t5_2qhk8,r/war,public,,0,[],,1654219134.0
[],False,,BunbunProch,,,[],,,,text,t2_4dwlt20k,False,False,Ooohh okay I thought you just saw some random post or something didn‚Äôt know it was the same video lol carry on broski,a16d5c6e91c19ebe1b72ede31d344564d71b866f,True,False,,,,,0,1654247740,,0,{},ib0mxck,False,t3_v3jfi6,False,True,t1_ib0mf5b,/r/war/comments/v3jfi6/another_downside_of_russias_war_nobody_is_going/ib0mxck/,1654247751,1,True,True,False,war,t5_2qhk8,r/war,public,,0,[],,1654218940.0
[],False,,Dragnskulls0128,,,[],,,,text,t2_k24iztit,False,False,"It was this exact video, the camera driving by a destroyed tank.
And the barrel was sticking into the dirt, the same way as the video.
But now both sides have switched info around, propaganda is blinding people nowadays in war.",b6316616f13f498c6565511c2bf1d6d527af71a4,True,False,,,,,0,1654247261,,0,{},ib0mf5b,False,t3_v3jfi6,False,True,t1_ib0m3cd,/r/war/comments/v3jfi6/another_downside_of_russias_war_nobody_is_going/ib0mf5b/,1654247276,1,True,True,False,war,t5_2qhk8,r/war,public,,0,[],,1654218461.0
[],False,,[deleted],,,,,,dark,,,,,[removed],fe993932d6dced4c0a879e9aa5d7a6e0fbb467f5,True,True,,,DELETED,,0,1654247199,,0,{},ib0mcru,False,t3_v39vvm,False,True,t1_iaywwxg,/r/war/comments/v39vvm/personnel_of_the_infamous_imperial_japanese_unit/ib0mcru/,1654247210,1,True,True,False,war,t5_2qhk8,r/war,public,,0,[],,1654218399.0
[],False,,BudgetElderber,,,[],,,,text,t2_hs3jwcys,False,False,Pot called kettle black.,592bbe3ec1fdb8ef2304e1d775e06a5f3f75ebba,True,False,,,,,0,1654247016,,0,{},ib0m5jh,False,t3_uyxfbx,False,True,t1_iatwecp,/r/war/comments/uyxfbx/a_gun_i_found_that_apparently_belonged_to_my/ib0m5jh/,1654247030,1,True,True,False,war,t5_2qhk8,r/war,public,,0,[],,1654218216.0
[],False,,BunbunProch,,,[],,,,text,t2_4dwlt20k,False,False,I mean UA is definitely losing tanks and equipment just because a video of one Russian tank gets posted doesn‚Äôt disprove anything.,e9a8b65505c1ddd6dc3ad0985a452d7cd6a89d4d,True,False,,,,,0,1654246962,,0,{},ib0m3cd,False,t3_v3jfi6,False,True,t1_ib0lgc7,/r/war/comments/v3jfi6/another_downside_of_russias_war_nobody_is_going/ib0m3cd/,1654246976,1,True,True,False,war,t5_2qhk8,r/war,public,,0,[],,1654218162.0
[],False,,[deleted],,,,,,dark,,,,,[removed],fe993932d6dced4c0a879e9aa5d7a6e0fbb467f5,True,True,,,DELETED,,0,1654246819,,0,{},ib0lxoi,False,t3_v39vvm,False,True,t1_ib0hhbz,/r/war/comments/v39vvm/personnel_of_the_infamous_imperial_japanese_unit/ib0lxoi/,1654246830,1,True,True,False,war,t5_2qhk8,r/war,public,,0,[],,1654218019.0
[],False,,Abu_Hajars_Left_Shoe,,,[],,,,text,t2_cspv7i7l,False,False,So... doesn't that just make him right,4615c1af2734cc860ce5340707fdc44305061d96,True,False,,,,,0,1654246732,,0,{},ib0lu93,False,t3_v3jfi6,False,True,t1_ib08hrr,/r/war/comments/v3jfi6/another_downside_of_russias_war_nobody_is_going/ib0lu93/,1654246749,1,True,True,False,war,t5_2qhk8,r/war,public,,0,[],,1654217932.0
[],False,,[deleted],,,,,,dark,,,,,[removed],fe993932d6dced4c0a879e9aa5d7a6e0fbb467f5,True,True,,,DELETED,,0,1654246437,,0,{},ib0ljco,False,t3_v3jfi6,False,True,t1_iayx553,/r/war/comments/v3jfi6/another_downside_of_russias_war_nobody_is_going/ib0ljco/,1654246453,1,True,True,False,war,t5_2qhk8,r/war,public,,0,[],,1654217637.0
[],False,,Dragnskulls0128,,,[],,,,text,t2_k24iztit,False,False,"I seen a Pro-Russian post claiming that Russians took out a UA tank, this post clearly shows another one of their lies in their propagandaüòÇü§¶‚Äç‚ôÄÔ∏è",fa3330967e835b0c680791a93783ba56eb90683e,True,False,,,,,0,1654246356,,0,{},ib0lgc7,False,t3_v3jfi6,False,True,t3_v3jfi6,/r/war/comments/v3jfi6/another_downside_of_russias_war_nobody_is_going/ib0lgc7/,1654246366,1,True,True,False,war,t5_2qhk8,r/war,public,,0,[],,1654217556.0
[],False,,Big-Ladder1981,,,[],,,,text,t2_nnhzi90j,False,False,Never heard of it but thanks for sharing and making me aware such a war did exist!,4846c5919824dbf93a3c6271464012f35c203438,True,False,,,,,0,1654244254,,0,{},ib0j7i4,False,t3_v304d1,False,True,t3_v304d1,/r/war/comments/v304d1/forgotten_war_ultramar_portuguese_colonial_war/ib0j7i4/,1654244268,1,True,True,False,war,t5_2qhk8,r/war,public,,0,[],,1654215454.0
[],False,,tacosarus6,,,[],,,,text,t2_5c2z7qda,False,False,"yeah, the turret doesn't have jack in the box problems.",d4217b4e10f3d2a170b29b35a9eb7cd2f067614a,True,False,,,,,0,1654244055,,0,{},ib0j05c,False,t3_v3jfi6,False,False,t1_iayx553,/r/war/comments/v3jfi6/another_downside_of_russias_war_nobody_is_going/ib0j05c/,1654244067,1,True,True,False,war,t5_2qhk8,r/war,public,,0,[],,1654215255.0
[],False,,Butter_float,,,[],,,,text,t2_3qfyl3fk,False,False,"Upside, no one with this equipment is going to start a war anytime soon",ddd7823f3a4db21c67cd818d144413bd03b10c3a,True,False,,,,,0,1654243182,,0,{},ib0i279,False,t3_v3jfi6,False,True,t3_v3jfi6,/r/war/comments/v3jfi6/another_downside_of_russias_war_nobody_is_going/ib0i279/,1654243196,1,True,True,False,war,t5_2qhk8,r/war,public,,0,[],,1654214382.0
[],False,,SuckirDistroy,,,[],,,,text,t2_5xghaluq,False,False,"but at the same time giving justification to these atrocities, and an excuse for any future horrific experiments?",7d36654f60a236a0b282da4d3bd90688805cfffc,True,False,,,,,0,1654242639,,0,{},ib0hhbz,False,t3_v39vvm,False,True,t1_iazx0yh,/r/war/comments/v39vvm/personnel_of_the_infamous_imperial_japanese_unit/ib0hhbz/,1654242650,1,True,True,False,war,t5_2qhk8,r/war,public,,0,[],,1654213839.0
[],False,,huntshowdownshorts,,,[],,,,text,t2_ia41r0jx,False,False,"&gt;I'm not Polish

I am and you are absolutely right",9da1a8dbd17d1b51e7f23c424796eabc0440f120,True,False,,,,,0,1654241889,,0,{},ib0gnjc,False,t3_v2sup1,False,True,t1_iawbt55,/r/war/comments/v2sup1/how_does_the_polish_military_compare_to_ukraine/ib0gnjc/,1654241903,1,True,True,False,war,t5_2qhk8,r/war,public,,0,[],,1654213089.0
[],False,,NiBS_6969,,,[],,,,text,t2_652iqdi4,False,False,Reddit general,96f20db8d2c34df11ebe06cc8fae9dc8aa258064,True,False,,,,,0,1654241837,,0,{},ib0glir,False,t3_v3c2kb,False,True,t1_iazfekv,/r/war/comments/v3c2kb/ukrainian_forces_destroyed_2x_russian_t72b_series/ib0glir/,1654241850,1,True,True,False,war,t5_2qhk8,r/war,public,,0,[],,1654213037.0
[],False,,[deleted],,,,,,dark,,,,,[removed],fe993932d6dced4c0a879e9aa5d7a6e0fbb467f5,True,True,,,DELETED,,0,1654240981,,0,{},ib0fmyo,False,t3_v39vvm,False,True,t1_iazd5wn,/r/war/comments/v39vvm/personnel_of_the_infamous_imperial_japanese_unit/ib0fmyo/,1654240994,1,True,True,False,war,t5_2qhk8,r/war,public,,0,[],,1654212181.0
[],False,,[deleted],,,,,,dark,,,,,[removed],fe993932d6dced4c0a879e9aa5d7a6e0fbb467f5,True,True,,,DELETED,,0,1654240954,,0,{},ib0flw1,False,t3_t3v8l7,False,True,t1_hyv1wyp,/r/war/comments/t3v8l7/a_few_people_butt_hurt_about_photos_of_dead/ib0flw1/,1654240967,1,True,True,False,war,t5_2qhk8,r/war,public,,0,[],,1654212154.0
[],False,,Driemma0,,,[],,,,text,t2_9x73k8e4,False,False,Ok most depraved picture documented ones then,221fb8b614909656d4c81bda627f202a6fd161b7,True,False,,,,,0,1654240568,,0,{},ib0f5s9,False,t3_v39vvm,False,True,t1_iazgi0d,/r/war/comments/v39vvm/personnel_of_the_infamous_imperial_japanese_unit/ib0f5s9/,1654240586,1,True,True,False,war,t5_2qhk8,r/war,public,,0,[],,1654211768.0
[],False,,Ok_Zookeepergame4786,,,[],,,,text,t2_9twp2al0,False,False,One of the worst experiments revealed was a guy getting put in a pressure chamber until his organs was ejected by the sheer pressure while conscious. Was fucking bullshit they didn't get punished,59ae43a190d4928d2c3a3823ded082a557e79d16,True,False,,,,,0,1654240509,,0,{},ib0f3e9,False,t3_v39vvm,False,True,t3_v39vvm,/r/war/comments/v39vvm/personnel_of_the_infamous_imperial_japanese_unit/ib0f3e9/,1654240525,1,True,True,False,war,t5_2qhk8,r/war,public,,0,[],,1654211709.0
[],False,,[deleted],,,,,,dark,,,,,[removed],fe993932d6dced4c0a879e9aa5d7a6e0fbb467f5,True,True,,,DELETED,,0,1654240065,,0,{},ib0elc8,False,t3_v39vvm,False,True,t1_iaydiih,/r/war/comments/v39vvm/personnel_of_the_infamous_imperial_japanese_unit/ib0elc8/,1654240080,1,True,True,False,war,t5_2qhk8,r/war,public,,0,[],,1654211265.0
[],False,,[deleted],,,,,,dark,,,,,[removed],fe993932d6dced4c0a879e9aa5d7a6e0fbb467f5,True,True,,,DELETED,,0,1654239885,,0,{},ib0edsw,False,t3_v39vvm,False,True,t1_iaydfnk,/r/war/comments/v39vvm/personnel_of_the_infamous_imperial_japanese_unit/ib0edsw/,1654239896,1,True,True,False,war,t5_2qhk8,r/war,public,,0,[],,1654211085.0
[],False,,Useful-Ant-6303,,,[],,,,text,t2_bt3t7nsl,False,False,lol,403926033d001b5279df37cbbe5287b7c7c267fa,True,True,,,,,0,1654239642,,0,{},ib0e3dz,False,t3_v3c2kb,False,True,t1_ib0a4l4,/r/war/comments/v3c2kb/ukrainian_forces_destroyed_2x_russian_t72b_series/ib0e3dz/,1654239653,1,True,True,False,war,t5_2qhk8,r/war,public,,0,[],,1654210842.0
[],False,,Rev_Jealous_M9,,,[],,,,text,t2_jb183trg,False,False,We already know how to put hole that turn into bigger holes in em‚Äô,157c0e43a7f3ca400b2132879ed0b4413072c831,True,False,,,,,0,1654238819,,0,{},ib0d4in,False,t3_v3eiw9,False,True,t3_v3eiw9,/r/war/comments/v3eiw9/why_do_fe_the_us_army_not_buy_russian_t72_tanks/ib0d4in/,1654238835,1,True,True,False,war,t5_2qhk8,r/war,public,,0,[],,1654210019.0
[],False,,greatest_human_being,,,[],,,,text,t2_a9yr8fxd,False,False,"funny how these guys were actually the winners, since they didnt get in trouble in 1945.",182d516d5f1608f406deb6293fdb6f129d6a99a1,True,False,,,,,0,1654238661,,0,{},ib0cxu3,False,t3_v39vvm,False,True,t3_v39vvm,/r/war/comments/v39vvm/personnel_of_the_infamous_imperial_japanese_unit/ib0cxu3/,1654238676,1,True,True,False,war,t5_2qhk8,r/war,public,,0,[],,1654209861.0
[],False,,_BaldyLocks_,,,[],,,,text,t2_5d0jbynz,False,False,True but OP is talking about exports explicitly. Leos also got blown up in Syria. It's more about the use than tanks themselves.,3cd00fdf7759d75b928415d1b598ecb48ff5ce7c,True,False,,,,,0,1654237757,,0,{},ib0btku,False,t3_v3jfi6,False,True,t1_ib08esw,/r/war/comments/v3jfi6/another_downside_of_russias_war_nobody_is_going/ib0btku/,1654237774,1,True,True,False,war,t5_2qhk8,r/war,public,,0,[],,1654208957.0
[],False,,VagabondRommel,,,[],,,,text,t2_57j8g0h7,False,False,Poland could take Moscow in three days.,1c62b2e8e0991a23906f796135a80029aac6b659,True,False,,,,,0,1654236405,,0,{},ib0a4l4,False,t3_v3c2kb,False,True,t1_ib09eys,/r/war/comments/v3c2kb/ukrainian_forces_destroyed_2x_russian_t72b_series/ib0a4l4/,1654236418,1,True,True,False,war,t5_2qhk8,r/war,public,,0,[],,1654207605.0
[],False,,Useful-Ant-6303,,,[],,,,text,t2_bt3t7nsl,False,False,"Bunch of fools? You‚Äôre delusional - they have occupied territory in Ukraine the size of the UK?

Wars can take months or years even.",ac51973942b87f5dc5f604a5601dbf582a4fe9a7,True,True,,,,,0,1654235874,,0,{},ib09eys,False,t3_v3c2kb,False,True,t1_ib02psb,/r/war/comments/v3c2kb/ukrainian_forces_destroyed_2x_russian_t72b_series/ib09eys/,1654235886,1,True,True,False,war,t5_2qhk8,r/war,public,,0,[],,1654207074.0
[],False,,[deleted],,,,,,dark,,,,,[removed],fe993932d6dced4c0a879e9aa5d7a6e0fbb467f5,True,True,,,DELETED,,0,1654235722,,0,{},ib097vp,False,t3_v1g1n5,False,True,t1_iaql1wq,/r/war/comments/v1g1n5/azov_troops_looking_after_themselves_in_pow_camps/ib097vp/,1654235734,1,True,True,False,war,t5_2qhk8,r/war,public,,0,[],,1654206922.0
[],False,,VagabondRommel,,,[],,,,text,t2_57j8g0h7,False,False,"Whataboutisms as far as the eye can see.

You might be right about the last part though.",e31691e8962108209def81d279734dbc72639faa,True,False,,,,,0,1654235182,,0,{},ib08hrr,False,t3_v3jfi6,False,True,t1_iaz85ry,/r/war/comments/v3jfi6/another_downside_of_russias_war_nobody_is_going/ib08hrr/,1654235193,1,True,True,False,war,t5_2qhk8,r/war,public,,0,[],,1654206382.0
[],False,,VagabondRommel,,,[],,,,text,t2_57j8g0h7,False,False,"Almost every last one of those are under armored export versions with alot of stuff that the US Army has on their tanks, being stripped.",6a825e30500c7485041248e6b5c43656d86d5754,True,False,,,,,0,1654235121,,0,{},ib08esw,False,t3_v3jfi6,False,True,t1_ib07s0m,/r/war/comments/v3jfi6/another_downside_of_russias_war_nobody_is_going/ib08esw/,1654235138,1,True,True,False,war,t5_2qhk8,r/war,public,,0,[],,1654206321.0
[],False,,Used_Ad4854,,,[],,,,text,t2_ce49qhh4,False,False,I mean that‚Äôs the point,f1fa14ce5eb9535599ba4255921ee38534e52754,True,False,,,,,0,1654234694,,0,{},ib07tdy,False,t3_uy5uq4,False,True,t1_ia4zrod,/r/war/comments/uy5uq4/minus_one_ork/ib07tdy/,1654234708,1,True,True,False,war,t5_2qhk8,r/war,public,,0,[],,1654205894.0
[],False,,ZAIBUF74,,,[],,,,text,t2_mmnxa4yn,False,False,lots of Clips of american Tanks get smoked by rpgs from syria aswel.. armor isnt a nice place to be in,ea6c29ca39a2488cdcbf3510688054d26a7e72c6,True,False,,,,,0,1654234667,,0,{},ib07s0m,False,t3_v3jfi6,False,True,t1_ib05ogg,/r/war/comments/v3jfi6/another_downside_of_russias_war_nobody_is_going/ib07s0m/,1654234681,1,True,True,False,war,t5_2qhk8,r/war,public,,0,[],,1654205867.0
[],False,,Yeti_Wizard,,,[],,,,text,t2_fdhdx,False,False,Men behind the sun,be848e67a37d1afc5b789129724df4e68b8bf3f8,True,False,,,,,0,1654233819,,0,{},ib06kuv,False,t3_v39vvm,False,False,t3_v39vvm,/r/war/comments/v39vvm/personnel_of_the_infamous_imperial_japanese_unit/ib06kuv/,1654233832,1,True,True,False,war,t5_2qhk8,r/war,public,,0,[],,1654205019.0
[],False,,rubbleTelescope,,,[],,,,text,t2_71xcthr2,False,True,Mostly edgey cringe lords,07c01e26d150f9fb1952dfe2d0f618a3e1bcff64,True,False,,,,,0,1654233342,,0,{},ib05vve,False,t3_v39vvm,False,True,t1_ib02eh3,/r/war/comments/v39vvm/personnel_of_the_infamous_imperial_japanese_unit/ib05vve/,1654233358,1,True,True,False,war,t5_2qhk8,r/war,public,,0,[],,1654204542.0
[],False,,hokaloija,,,[],,,,text,t2_4zxf9qui,False,False,"Yes, there are videos of your example",64aa5eddf0adbd3092c1f6e9f2d00bb92d669b39,True,False,,,,,0,1654233200,,0,{},ib05ogg,False,t3_v3jfi6,False,True,t1_iayx553,/r/war/comments/v3jfi6/another_downside_of_russias_war_nobody_is_going/ib05ogg/,1654233210,1,True,True,False,war,t5_2qhk8,r/war,public,,0,[],,1654204400.0
[],False,,Xperfume48,,,[],,,,text,t2_40vvk11g,False,False,"The benefit of Russian weaponry has always been lower quality but lower cost. American weapons are very expensive, and the US does not allow the countries it sells weapons to, to repair the weapons themselves afaik. (Israel is probably in exception).

With Russian weapons you get a lot more quantity for significantly less.",6242b92cbe6cdfef4a2a61e9e80d135f5abf5e72,True,False,,,,,0,1654231952,,0,{},ib03ssk,False,t3_v3jfi6,False,True,t3_v3jfi6,/r/war/comments/v3jfi6/another_downside_of_russias_war_nobody_is_going/ib03ssk/,1654231965,1,True,True,False,war,t5_2qhk8,r/war,public,,0,[],,1654203152.0
[],False,,HumanThingEnvoy,,,[],,,,text,t2_8tqe0lqq,False,False,You both know how you look to other Americans and other Europeans respectively right? s/,58d8f0a28ed5b641e72126a312017a804e3e0ac3,True,False,,,,,0,1654231563,,0,{},ib036xi,False,t3_uyt22t,False,True,t1_ianvre4,/r/war/comments/uyt22t/american_legionnaires_in_battle_close_contact/ib036xi/,1654231579,1,True,True,False,war,t5_2qhk8,r/war,public,,0,[],,1654202763.0
[],False,,cameron0511,,,[],,,,text,t2_xf6bonl,False,False,His macv sog stuff is dope too.,38af5c2609cb2f40ad070505107a0b9cec3e5917,True,False,,,,,0,1654231368,,0,{},ib02w3u,False,t3_v39vvm,False,True,t1_iaywwxg,/r/war/comments/v39vvm/personnel_of_the_infamous_imperial_japanese_unit/ib02w3u/,1654231385,1,True,True,False,war,t5_2qhk8,r/war,public,,0,[],,1654202568.0
[],False,,Internal_Ad_7601,,,[],,,,text,t2_9kzvb0vb,False,False,"Timbers=shivered
Pants=shitted",1a26b321418ecd9fb806041809a00449ea030e7e,True,False,,,,,0,1654231337,,0,{},ib02u9f,False,t3_v37azt,False,True,t3_v37azt,/r/war/comments/v37azt/russians_captured_a_large_weapons_stash_from_the/ib02u9f/,1654231349,1,True,True,False,war,t5_2qhk8,r/war,public,,0,[],,1654202537.0
[],False,,holmes1001,,,[],,,,text,t2_2cajsc2d,False,False,Cope.,ebd86c52487ac6d0dfcf32ad1bef488b3870d6ec,True,False,,,,,0,1654231300,,0,{},ib02s8k,False,t3_v3c2kb,False,True,t1_iazpzgp,/r/war/comments/v3c2kb/ukrainian_forces_destroyed_2x_russian_t72b_series/ib02s8k/,1654231312,1,True,True,False,war,t5_2qhk8,r/war,public,,0,[],,1654202500.0
[],False,,TbRays93Plumber26,,,[],,,,text,t2_3d5hvfqa,False,False,Wasnt Putin planning on taking Ukraine over within weeks? How is that working out? He left a 40 mile convoy near Kyiv and they went back to eastern Ukraine because they couldnt take the Capital. Ukraine might not be winning in some areas but they sure are making Russia look like a bunch of fools which is great!,2298192c1a3109b8a811b24c90caeaf99a4cd1e1,True,False,,,,,0,1654231258,,0,{},ib02psb,False,t3_v3c2kb,False,True,t1_iazpzgp,/r/war/comments/v3c2kb/ukrainian_forces_destroyed_2x_russian_t72b_series/ib02psb/,1654231270,1,True,True,False,war,t5_2qhk8,r/war,public,,0,[],,1654202458.0
[],False,,Appropriate_Shine739,,,[],,,,text,t2_iaq5da5f,False,False,I can‚Äôt believe people defend imperial Japan,0607b5b3709c7295b1aefe899946cca07e4d4e53,True,False,,,,,0,1654231062,,0,{},ib02eh3,False,t3_v39vvm,False,True,t3_v39vvm,/r/war/comments/v39vvm/personnel_of_the_infamous_imperial_japanese_unit/ib02eh3/,1654231076,1,True,True,False,war,t5_2qhk8,r/war,public,,0,[],,1654202262.0
[],False,,Professional_Bad6164,,,[],,,,text,t2_ac264os5,False,False,Purple man from fnaf,8f42f0fefca4c82c1a914755031c3142feed6444,True,False,,,,,0,1654230185,,0,{},ib00zln,False,t3_v336ms,False,True,t3_v336ms,/r/war/comments/v336ms/when_you_train_a_lot/ib00zln/,1654230203,1,True,True,False,war,t5_2qhk8,r/war,public,,0,[],,1654201385.0
[],False,,pezboy74,,,[],,,,text,t2_64h50ya5,False,False,"In the late 1980s when the Soviet Union collapsed the CIA bought a number of T-72 and T-80s.   
According to Wikipedia but without a source (and I couldn't find one either) USA owns about 90 T-72s though a number of them were probably dissembled by tank designers and production engineers to see if they could get any new ideas from them. And then a number were probably destroyed during live fire tests to evaluate the damage from different weapons.   
The problem is Russia has upgraded the T-72 over the years - the USA probably has a copy of all the major export versions but if it does have the more recent Russian versions, its probably by buying various parts on the black market and upgrading an older model themselves.  
And keep in mind there's like over 30 common versions and another 20 or so uncommon versions.  
Not tanks but USA has a policy of buying weapons from the black market that they think are too dangerous to be sold to other nations. They actually have donated some of them (mostly surface to air weapons) to Ukraine.",77ad6d4d880cacf9642dcc530ae5cf67b990edf2,True,False,,,,,0,1654229020,,0,{},iazz17z,False,t3_v3eiw9,False,True,t3_v3eiw9,/r/war/comments/v3eiw9/why_do_fe_the_us_army_not_buy_russian_t72_tanks/iazz17z/,1654229034,1,True,True,False,war,t5_2qhk8,r/war,public,,0,[],,1654200220.0
[],False,,CCTViswatching,,,[],,,,text,t2_dux2rmvu,False,False,"The bubonic plague was still a thing then, they probably just found a rat or something with it",e58a488d5719d75ba106f81683155fdbecc360ab,True,False,,,,,0,1654228901,,0,{},iazytqi,False,t3_v39vvm,False,True,t1_iazl7yt,/r/war/comments/v39vvm/personnel_of_the_infamous_imperial_japanese_unit/iazytqi/,1654228918,1,True,True,False,war,t5_2qhk8,r/war,public,,0,[],,1654200101.0
[],False,,[deleted],,,,,,dark,,,,,[removed],fe993932d6dced4c0a879e9aa5d7a6e0fbb467f5,True,True,,,DELETED,,0,1654228432,,0,{},iazy0gi,False,t3_v39vvm,False,True,t1_iaywmn7,/r/war/comments/v39vvm/personnel_of_the_infamous_imperial_japanese_unit/iazy0gi/,1654228448,1,True,True,False,war,t5_2qhk8,r/war,public,,0,[],,1654199632.0
[],False,,CyborgKungFu,,,[],,,,text,t2_10zk72ia,False,False,"What‚Äôs the proper thing to do there? Those lives would‚Äôve been lost in vain if we didn‚Äôt take the scientific benefits from the atrocities, no?",0019bc04012ac6fc7f4e538c34a1b32072b0f3d1,True,False,,,,,0,1654227894,,0,{},iazx0yh,False,t3_v39vvm,False,False,t1_iazffi7,/r/war/comments/v39vvm/personnel_of_the_infamous_imperial_japanese_unit/iazx0yh/,1654227905,1,True,True,False,war,t5_2qhk8,r/war,public,,0,[],,1654199094.0
[],False,,Big7inches,,,[],,,,text,t2_4dc7wgc8,False,False,I live close to kokomo. I think this is absolutely awesome. I love local history.,ab8ef946937d2b62a75bd4e7519a71a421fe9e66,True,False,,,,,0,1654227773,,0,{},iazwsw8,False,t3_uw2t4q,False,True,t3_uw2t4q,/r/war/comments/uw2t4q/a_grand_army_of_the_republic_gar_parade_in_kokomo/iazwsw8/,1654227786,1,True,True,False,war,t5_2qhk8,r/war,public,,0,[],,1654198973.0
[],False,,mkbilli,,,[],,,,text,t2_z1964,False,False,Well it's allowed to call the enemy the bad guys. I don't think people become enemies by calling the other person good.,c2755a452c02ab6f2b9ca755a9134fbc99a3e484,True,False,,,,,0,1654225549,,0,{},iazscbf,False,t3_uzmnpm,False,True,t1_iaxg21y,/r/war/comments/uzmnpm/kashmiri_separatist_blows_up_indian_patrol_with/iazscbf/,1654225566,1,True,True,False,war,t5_2qhk8,r/war,public,,0,[],,1654196749.0
[],False,,[deleted],,,,,,dark,,,,,[removed],fe993932d6dced4c0a879e9aa5d7a6e0fbb467f5,True,True,,,DELETED,,0,1654225399,,0,{},iazs13w,False,t3_v3c2kb,False,True,t3_v3c2kb,/r/war/comments/v3c2kb/ukrainian_forces_destroyed_2x_russian_t72b_series/iazs13w/,1654225414,1,True,True,False,war,t5_2qhk8,r/war,public,,0,[],,1654196599.0
[],False,,AWildNome,,,[],,,,text,t2_nb5px,False,False,You might be joking but a lot of the CCP's behavior can be explained and attributed to making up for the international humiliation China received between the late 1800's to mid 1900's.,deb5fc3da2393e6e90f0dc6f7c1cb91d9acb3362,True,False,,,,,0,1654225230,,0,{},iazrogx,False,t3_v39vvm,False,True,t1_iazbakx,/r/war/comments/v39vvm/personnel_of_the_infamous_imperial_japanese_unit/iazrogx/,1654225243,1,True,True,False,war,t5_2qhk8,r/war,public,,0,[],,1654196430.0
[],False,,TopPalpitation4681,,,[],,,,text,t2_a2nk6anh,False,False,"Volodymyr Zolkin on youtube interviews hundreds of surrendered russians, about how they were captured, etc...",0e8565e33ed86a06d63bc265846e357dba72fbc3,True,False,,,,,0,1654224931,,0,{},iazr2bv,False,t3_v1vpks,False,True,t3_v1vpks,/r/war/comments/v1vpks/is_there_any_published_research_out_there_on_the/iazr2bv/,1654224949,1,True,True,False,war,t5_2qhk8,r/war,public,,0,[],,1654196131.0
[],False,,Useful-Ant-6303,,,[],,,,text,t2_bt3t7nsl,False,False,If you were to believe social media and the posts on reddit one would say Ukraine is winning ü§£,6790bc5a70fe0340698943678f3caf88f9f72eb1,True,True,,,,,0,1654224407,,0,{},iazpzgp,False,t3_v3c2kb,False,True,t3_v3c2kb,/r/war/comments/v3c2kb/ukrainian_forces_destroyed_2x_russian_t72b_series/iazpzgp/,1654224418,1,True,True,False,war,t5_2qhk8,r/war,public,,0,[],,1654195607.0
[],False,,[deleted],,,,,,dark,,,,,[removed],fe993932d6dced4c0a879e9aa5d7a6e0fbb467f5,True,True,,,DELETED,,0,1654223874,,0,{},iazov87,False,t3_v3eiw9,False,True,t1_iayjly1,/r/war/comments/v3eiw9/why_do_fe_the_us_army_not_buy_russian_t72_tanks/iazov87/,1654223889,1,True,True,False,war,t5_2qhk8,r/war,public,,0,[],,1654195074.0
[],False,,SabreWolf13,,,[],,,,text,t2_fny99j2s,False,False,0000000000.00001% of what the west sent. Lol,2d43d115bb692ad437b361354d02f004e876c006,True,False,,,,,0,1654223818,,0,{},iazor6p,False,t3_v37azt,False,True,t3_v37azt,/r/war/comments/v37azt/russians_captured_a_large_weapons_stash_from_the/iazor6p/,1654223829,1,True,True,False,war,t5_2qhk8,r/war,public,,0,[],,1654195018.0
[],False,,[deleted],,,,,,dark,,,,,[removed],fe993932d6dced4c0a879e9aa5d7a6e0fbb467f5,True,True,,,DELETED,,0,1654223602,,0,{},iazoaz8,False,t3_v39vvm,False,True,t1_iazffi7,/r/war/comments/v39vvm/personnel_of_the_infamous_imperial_japanese_unit/iazoaz8/,1654223618,1,True,True,False,war,t5_2qhk8,r/war,public,,0,[],,1654194802.0
[],False,,Qhils,,,[],,,,text,t2_a1d1qmgq,False,False,Cruel fucks‚Ä¶,d2b8f523f82bd95daa9ff173d914d540da67369c,True,False,,,,,0,1654222954,,0,{},iazmyz8,False,t3_v39vvm,False,True,t3_v39vvm,/r/war/comments/v39vvm/personnel_of_the_infamous_imperial_japanese_unit/iazmyz8/,1654222967,1,True,True,False,war,t5_2qhk8,r/war,public,,0,[],,1654194154.0
[],False,,Wmozart69,,,[],,,,text,t2_29d29pyt,False,False,"None of that nonsense changes the fact that the word means discrimination against Jews, jackass. You're literally arguing over the dumbest, most irrelevant point imaginable and you're 100% wrong. Furthermore, you're fucking antisemitic as shit. By ""them"", you obviously mean the jews but you'll argue it means the Zionists as if there's a fucking bit of difference. As if anyone would be supporting Palestine if they weren't fighting jews. They're lead by a literal defined terror organization launching rockets left and right at civilians. Oh but this 40 year old country founded on the 15th of December,  1980 has been under Israeli oppression for 500 years. Give me a fucking break. Jews have been living there for 3000 years. They are aboriginal to that land. They have been living there for 3000 years minus a few exiles. It was an absolute wasteland after ww2 when they started repopulating and farming the land. Only after there was something there but sand did Arabs start settling there. If Palestine were fighting any other Arabic nation, nobody would give a flying fuck",1ebea7c7136aa12d9e46267efc7ab66be42e4072,True,False,,,,,0,1654222755,,0,{},iazmjr5,False,t3_v2la7n,False,True,t1_iaylua1,/r/war/comments/v2la7n/also_ghufrans_funeral_was_also_attacked_by_the/iazmjr5/,1654222771,1,True,True,False,war,t5_2qhk8,r/war,public,,0,[],,1654193955.0
[],False,,Desperate_Macaroon25,,,[],,,,text,t2_k4zo007r,False,False,Y'all got that right,133696b4bdbc6bcfdcd177de9a4e79a3de00f81c,True,False,,,,,0,1654222646,,0,{},iazmbgg,False,t3_v3cwqy,False,True,t3_v3cwqy,/r/war/comments/v3cwqy/everything_in_russia_is_shit_because_of_idiot/iazmbgg/,1654222657,1,True,True,False,war,t5_2qhk8,r/war,public,,0,[],,1654193846.0
[],False,,Embarrassedool,,,[],,,,text,t2_84d8px5u,False,False,How did ttey get the sample of bubonic plague to infect them with ?,c075d6a79705756eceb5fd8442b053ddac210c05,True,False,,,,,0,1654222125,,0,{},iazl7yt,False,t3_v39vvm,False,True,t3_v39vvm,/r/war/comments/v39vvm/personnel_of_the_infamous_imperial_japanese_unit/iazl7yt/,1654222143,1,True,True,False,war,t5_2qhk8,r/war,public,,0,[],,1654193325.0
[],False,,chigoose22,,,[],,,,text,t2_eha8z,False,False,75% of American casualties in WWII occurred in the European theater.,48ec95b88082192a86edf4ece9a788f17209895b,True,False,,,,,0,1654221473,,0,{},iazju2n,False,t3_v3j98j,False,True,t3_v3j98j,/r/war/comments/v3j98j/why_is_the_war_in_europe_more_popular_than_the/iazju2n/,1654221488,1,True,True,False,war,t5_2qhk8,r/war,public,,0,[],,1654192673.0
[],False,,iobscenityinthemilk,,,[],,,,text,t2_2huy904j,False,False,People have argued in the favour of Russian soldiers who invade a sovereign nation and indiscriminately kill and harm their people as being the victims of propaganda...I wonder if they would say these Japanese soldiers are victims of propaganda? Where does one draw the line between being the victim of propaganda and simply having a broken moral compass. Where does the individual start taking responsibility?,e55b32ecb410fe1bad549f924bd998dbc389d7b0,True,False,,,,,0,1654221139,,0,{},iazj4hr,False,t3_v39vvm,False,True,t3_v39vvm,/r/war/comments/v39vvm/personnel_of_the_infamous_imperial_japanese_unit/iazj4hr/,1654221154,1,True,True,False,war,t5_2qhk8,r/war,public,,0,[],,1654192339.0
[],False,,[deleted],,,,,,dark,,,,,[removed],fe993932d6dced4c0a879e9aa5d7a6e0fbb467f5,True,True,,,DELETED,,0,1654220741,,0,{},iazia6t,False,t3_v39vvm,False,True,t1_iaymz2b,/r/war/comments/v39vvm/personnel_of_the_infamous_imperial_japanese_unit/iazia6t/,1654220753,1,True,True,False,war,t5_2qhk8,r/war,public,,0,[],,1654191941.0
[],False,,[deleted],,,,,,dark,,,,,[removed],fe993932d6dced4c0a879e9aa5d7a6e0fbb467f5,True,True,,,DELETED,,0,1654220706,,0,{},iazi7iz,False,t3_v39vvm,False,True,t1_iaydfnk,/r/war/comments/v39vvm/personnel_of_the_infamous_imperial_japanese_unit/iazi7iz/,1654220723,1,True,True,False,war,t5_2qhk8,r/war,public,,0,[],,1654191906.0
[],False,,HelloAvram,,,[],,,,text,t2_4ap3w582,False,False,"oh, okay. Thank you",a35ff898b8be001b2e6f743242ae512dd11b0397,True,False,,,,,0,1654220101,,0,{},iazgvo7,False,t3_v39vvm,False,True,t1_iazd3q4,/r/war/comments/v39vvm/personnel_of_the_infamous_imperial_japanese_unit/iazgvo7/,1654220112,1,True,True,False,war,t5_2qhk8,r/war,public,,0,[],,1654191301.0
[],False,,irespectcookies,,,[],,,,text,t2_i1fyqfwq,False,False,"I think tats a overstatement, we are humans, there is always something that one ups your shit sadly...

Its one of the worst shit humans have done...",3cfdd33a67f04ff185c8c41796d0e7254ebe8bb2,True,False,,,,,0,1654219923,,0,{},iazgi0d,False,t3_v39vvm,False,True,t1_iayj355,/r/war/comments/v39vvm/personnel_of_the_infamous_imperial_japanese_unit/iazgi0d/,1654219939,1,True,True,False,war,t5_2qhk8,r/war,public,,0,[],,1654191123.0
[],False,,MongooseAccording225,,,[],,,,text,t2_e52nviv6,False,False,"Sad thing is the US although, did not conduct these experiments but bought thier research that the Japanese did..Saw a documentary about this.",e903061ac7ef9fb8162b76b7a5e5f1e007b9c84f,True,False,,,,,0,1654219426,,0,{},iazffi7,False,t3_v39vvm,False,False,t1_iayal6q,/r/war/comments/v39vvm/personnel_of_the_infamous_imperial_japanese_unit/iazffi7/,1654219444,1,True,True,False,war,t5_2qhk8,r/war,public,,0,[],,1654190626.0
[],False,,gcwposs,,,[],,,,text,t2_1pox8gac,False,False,"Honestly, attacking moving vehicles with artillery is typically a waste of ammunition.",968dae9e4565627591623c1e42a17c7ef0a396d3,True,False,,,,,0,1654219414,,0,{},iazfekv,False,t3_v3c2kb,False,True,t3_v3c2kb,/r/war/comments/v3c2kb/ukrainian_forces_destroyed_2x_russian_t72b_series/iazfekv/,1654219429,1,True,True,False,war,t5_2qhk8,r/war,public,,0,[],,1654190614.0
[],False,,Dimsumchik,,,[],,,,text,t2_t0cmo,False,False,No. This will sound bad but the western world doesn't care about pacific as much as Europe. Birds of a feather.,e25019a242dd28a51fa2d228e5778efb82159076,True,False,,,,,0,1654219046,,0,{},iazemsj,False,t3_v3j98j,False,True,t3_v3j98j,/r/war/comments/v3j98j/why_is_the_war_in_europe_more_popular_than_the/iazemsj/,1654219060,1,True,True,False,war,t5_2qhk8,r/war,public,,0,[],,1654190246.0
[],False,,Antonioooooo0,,,[],,,,text,t2_2jajzrr4,False,False,"The stuff they did was horrifying, like worse than lots of shit the Nazis did. And what we know is just what they where willing to tell, who knows what was kept secret.",978ea66d67670e69c1b12291441a9111ddb50c28,True,False,,,,,0,1654218527,,0,{},iazdkog,False,t3_v39vvm,False,False,t1_iazb0g8,/r/war/comments/v39vvm/personnel_of_the_infamous_imperial_japanese_unit/iazdkog/,1654218539,1,True,True,False,war,t5_2qhk8,r/war,public,,0,[],,1654189727.0
[],False,,Antonioooooo0,,,[],,,,text,t2_2jajzrr4,False,False,"I  that's part of what they where ""studying"". They'd drop plague infected fleas from planes, put typhoid in wells and food supplies, they made bombs that spread anthrax, cholera, all kinds of crazy shit.",dfd645ce82a67ef6eb0b154059ffe843e70a202d,True,False,,,,,0,1654218327,,0,{},iazd5wn,False,t3_v39vvm,False,True,t1_iayncrv,/r/war/comments/v39vvm/personnel_of_the_infamous_imperial_japanese_unit/iazd5wn/,1654218339,1,True,True,False,war,t5_2qhk8,r/war,public,,0,[],,1654189527.0
[],False,,Dildo_Baggins__,,,[],,,,text,t2_1r0wb5cm,False,False,It's from a book called Unit 731 Testimony. It's really dark,d2dc8bdaf78a4d711709dfe97a4b4dafd06c4a9c,True,False,,,,,0,1654218298,,0,{},iazd3q4,True,t3_v39vvm,False,True,t1_iaynfk0,/r/war/comments/v39vvm/personnel_of_the_infamous_imperial_japanese_unit/iazd3q4/,1654218310,1,True,True,False,war,t5_2qhk8,r/war,public,,0,[],,1654189498.0
[],False,,Dildo_Baggins__,,,[],,,,text,t2_1r0wb5cm,False,False,It's from a book called Unit 731 Testimony,075117b2eb70aaab77bb54a844125e496a53116c,True,False,,,,,0,1654218223,,0,{},iazcy08,True,t3_v39vvm,False,True,t1_iayal6q,/r/war/comments/v39vvm/personnel_of_the_infamous_imperial_japanese_unit/iazcy08/,1654218235,1,True,True,False,war,t5_2qhk8,r/war,public,,0,[],,1654189423.0
[],False,,Antonioooooo0,,,[],,,,text,t2_2jajzrr4,False,False,All the ones tried by Russia where also back in China by the 1950s too.,1f049e6b4df80149f47465794d31e9827ab8a84d,True,False,,,,,0,1654217555,,0,{},iazbjwx,False,t3_v39vvm,False,True,t1_iaz2mhu,/r/war/comments/v39vvm/personnel_of_the_infamous_imperial_japanese_unit/iazbjwx/,1654217571,1,True,True,False,war,t5_2qhk8,r/war,public,,0,[],,1654188755.0
[],False,,MonoLolo,,,[],,,,text,t2_15wa3h,False,False,"The worst thing is that most of these sons of bitches were pardoned by the US governments, in exchange for sharing their research.",cd202dce8fbb0ed1d0c6731e8b84dd8cbcad5542,True,False,,,,,0,1654217545,,0,{},iazbj88,False,t3_v39vvm,False,True,t3_v39vvm,/r/war/comments/v39vvm/personnel_of_the_infamous_imperial_japanese_unit/iazbj88/,1654217563,1,True,True,False,war,t5_2qhk8,r/war,public,,0,[],,1654188745.0
[],False,,B1G-Boss,,,[],,,,text,t2_h62xlniv,False,False,Chinese returned the favor to the whole world it seems (joke),2d3c317feb946a4735ec064bdddc138729a15e4e,True,False,,,,,0,1654217426,,0,{},iazbakx,False,t3_v39vvm,False,True,t3_v39vvm,/r/war/comments/v39vvm/personnel_of_the_infamous_imperial_japanese_unit/iazbakx/,1654217443,1,True,True,False,war,t5_2qhk8,r/war,public,,0,[],,1654188626.0
[],False,,pilot2031,,,[],,,,text,t2_59hfgcx5,False,False,"So they kept those photos, personally. One could only imagine the photographs the facility contained.",863ab32dfdda77054efb566a158b241ad2f76fa6,True,False,,,,,0,1654217293,,0,{},iazb0g8,False,t3_v39vvm,False,True,t1_iazariw,/r/war/comments/v39vvm/personnel_of_the_infamous_imperial_japanese_unit/iazb0g8/,1654217307,1,True,True,False,war,t5_2qhk8,r/war,public,,0,[],,1654188493.0
[],False,,Antonioooooo0,,,[],,,,text,t2_2jajzrr4,False,False,They didn't. The facilities where destroyed at the end of the war. Most of the evidence we have was turned over by the scientists in exchange for immunity for their crimes.,8f8d6130c361efa560c80f449442342be7309813,True,False,,,,,0,1654217171,,0,{},iazariw,False,t3_v39vvm,False,True,t1_iayvn2y,/r/war/comments/v39vvm/personnel_of_the_infamous_imperial_japanese_unit/iazariw/,1654217188,1,True,True,False,war,t5_2qhk8,r/war,public,,0,[],,1654188371.0
[],False,,irespectcookies,,,[],,,,text,t2_i1fyqfwq,False,False,Ah... The people that got told to maybe tone it down by the Nazis...,27fccfeeaf71bb80228837579f8fdee6ba4f3c5f,True,False,,,,,0,1654216806,,0,{},iaza097,False,t3_v39vvm,False,True,t3_v39vvm,/r/war/comments/v39vvm/personnel_of_the_infamous_imperial_japanese_unit/iaza097/,1654216824,1,True,True,False,war,t5_2qhk8,r/war,public,,0,[],,1654188006.0
[],False,,GREVTHEFAITHFUL,,,[],,,,text,t2_9j7djb56,False,False,"My guess is the European war involved many nations in the fight, whereas the pacific war was primarily a grudge match between USA and Japan with supporting players.",7ff3028a6074d7e4b94d6da0afa512b556fe102a,True,False,,,,,0,1654216784,,0,{},iaz9yma,False,t3_v3j98j,False,True,t3_v3j98j,/r/war/comments/v3j98j/why_is_the_war_in_europe_more_popular_than_the/iaz9yma/,1654216802,1,True,True,False,war,t5_2qhk8,r/war,public,,0,[],,1654187984.0
[],False,,howdypartnaz,,,[],,,,text,t2_4ezx1m7g,False,False,Also btw Colonel Ishii who was in charge of this whole detail was never charged for any crime of any kind in exchange of all the data he got from the 'experiments' they led,eb769ef8faa5774b7ef28bb37441fb68c148d381,True,False,,,,,0,1654216270,,0,{},iaz8x90,False,t3_v39vvm,False,True,t3_v39vvm,/r/war/comments/v39vvm/personnel_of_the_infamous_imperial_japanese_unit/iaz8x90/,1654216287,1,True,True,False,war,t5_2qhk8,r/war,public,,0,[],,1654187470.0
[],False,,LegendaryPQ,,,[],,,,text,t2_2p4tcdni,False,False,Yeah like American tanks have never been put in same situation they would have sane outcome as age of tanks is over,dbb27d12140454e11f366734733f6726855579ae,True,False,,,,,0,1654215892,,0,{},iaz85ry,False,t3_v3jfi6,False,True,t3_v3jfi6,/r/war/comments/v3jfi6/another_downside_of_russias_war_nobody_is_going/iaz85ry/,1654215906,1,True,True,False,war,t5_2qhk8,r/war,public,,0,[],,1654187092.0
[],False,,DogshitOpinions,,,[],,,,text,t2_eosthvui,False,False,"This pic kinda go hard 

Not in a edgy way",0e77dead85ea45db9a40fde351ca74290c521b3c,True,False,,,,,0,1654215399,,0,{},iaz75wd,False,t3_v39vvm,False,True,t3_v39vvm,/r/war/comments/v39vvm/personnel_of_the_infamous_imperial_japanese_unit/iaz75wd/,1654215411,1,True,True,False,war,t5_2qhk8,r/war,public,,0,[],,1654186599.0
