,author,author_created_utc,author_flair_css_class,author_flair_text,author_fullname,created_utc,domain,full_link,gilded,id,is_self,media_embed,num_comments,over_18,permalink,retrieved_on,score,secure_media_embed,selftext,stickied,subreddit,subreddit_id,thumbnail,title,url,created,edited,media,secure_media
0,rotinski,1211406919.0,,,t2_35g4o,1393515919,buzzfeed.com,https://www.reddit.com/r/ukraine/comments/1z3btq/conservative_journalist_was_breeannehowe_paid_to/,0,1z3btq,False,{},1,False,/r/ukraine/comments/1z3btq/conservative_journalist_was_breeannehowe_paid_to/,1441893362,1,{},,False,ukraine,t5_2qqcn,default,'conservative' 'journalist' was @breeannehowe paid to praise Yanukovych and his election. Redstate.com did not disclose.,http://www.buzzfeed.com/rosiegray/exclusive-how-ukraine-wooed-conservative-websites,1393487119.0,,,
1,Hadok,1366911906.0,,,t2_bgfas,1393512910,en.interfax.com.ua,https://www.reddit.com/r/ukraine/comments/1z378h/about_70_billion_has_been_withdrawn_from_ukraines/,0,1z378h,False,{},0,False,/r/ukraine/comments/1z378h/about_70_billion_has_been_withdrawn_from_ukraines/,1441893420,0,{},,False,ukraine,t5_2qqcn,default,About $70 billion has been withdrawn from Ukraine's financial system over the last three years.,http://en.interfax.com.ua/news/general/193197.html,1393484110.0,,,
2,jupit3r33,1243705422.0,,,t2_3hwh1,1393512161,rferl.org,https://www.reddit.com/r/ukraine/comments/1z365h/ukraines_eastwest_divide_its_not_that_simple/,0,1z365h,False,{},38,False,/r/ukraine/comments/1z365h/ukraines_eastwest_divide_its_not_that_simple/,1441893435,26,{},,False,ukraine,t5_2qqcn,http://a.thumbs.redditmedia.com/zKUKy0ZczegA6WqH.jpg,Ukraine's East-West Divide: It's Not That Simple,http://www.rferl.org/content/ukraine-east-west-divide/25279292.html,1393483361.0,,,
3,miraoister,1383492800.0,,,t2_dr9r4,1393510132,vice.com,https://www.reddit.com/r/ukraine/comments/1z33fx/the_amateur_medics_of_the_maidan/,0,1z33fx,False,{},0,False,/r/ukraine/comments/1z33fx/the_amateur_medics_of_the_maidan/,1441893472,1,{},,False,ukraine,t5_2qqcn,default,The Amateur Medics of the Maidan,http://www.vice.com/en_uk/read/medics-of-the-maidan,1393481332.0,,,
4,ThrowawayBarkeep,1393488354.0,,,t2_fh2b2,1393509594,imgur.com,https://www.reddit.com/r/ukraine/comments/1z32s2/i_made_the_ukraine_flag_into_a_shot_it_tasted_way/,0,1z32s2,False,{},1,False,/r/ukraine/comments/1z32s2/i_made_the_ukraine_flag_into_a_shot_it_tasted_way/,1441893481,3,{},,False,ukraine,t5_2qqcn,default,I made the Ukraine flag into a shot. (It tasted way better than Germany or Estonia),http://imgur.com/44eVzYC,1393480794.0,,,
5,jupit3r33,1243705422.0,,,t2_3hwh1,1393501958,bbc.com,https://www.reddit.com/r/ukraine/comments/1z2vby/gunmen_seize_crimea_government_buildings/,0,1z2vby,False,{},50,False,/r/ukraine/comments/1z2vby/gunmen_seize_crimea_government_buildings/,1441893575,14,{},,False,ukraine,t5_2qqcn,http://c.thumbs.redditmedia.com/aaV_7APss2x5an_D.jpg,Gunmen seize Crimea government buildings,http://www.bbc.com/news/world-europe-26364891,1393473158.0,,,
6,sekhemkhet,1391274251.0,,,t2_f2t4i,1393497448,self.ukraine,https://www.reddit.com/r/ukraine/comments/1z2rmc/to_those_who_disturbed_by_usage_of_molotovs/,0,1z2rmc,True,{},36,False,/r/ukraine/comments/1z2rmc/to_those_who_disturbed_by_usage_of_molotovs/,1441893624,20,{},"I doubt that YOUR police use them.

http://s2.pikabu.ru/post_img2/2014/01/23/1/1390425444_1801519769.jpg

http://www.youtube.com/watch?v=A5-DRduP3Ws

http://vi.ill.in.ua/m/950x0/769333.jpg


",False,ukraine,t5_2qqcn,self,"To those, who disturbed by usage of molotovs against living people",http://www.reddit.com/r/ukraine/comments/1z2rmc/to_those_who_disturbed_by_usage_of_molotovs/,1393468648.0,1393498986.0,,
7,bird_owl,1261466978.0,,,t2_3safb,1393497093,lb.ua,https://www.reddit.com/r/ukraine/comments/1z2rd7/its_official_yanukovich_is_in_russia/,0,1z2rd7,False,{},1,False,/r/ukraine/comments/1z2rd7/its_official_yanukovich_is_in_russia/,1441893626,1,{},,False,ukraine,t5_2qqcn,default,It's official. Yanukovich is in Russia,http://lb.ua/news/2014/02/27/257395_yanukovich_prezidentom_ukraini.html,1393468293.0,,,
8,cntx,1259975989.0,,,t2_3r80u,1393490799,descrier.co.uk,https://www.reddit.com/r/ukraine/comments/1z2me9/ukraine_former_president_yanukovych_reportedly/,0,1z2me9,False,{},0,False,/r/ukraine/comments/1z2me9/ukraine_former_president_yanukovych_reportedly/,1441893694,1,{},,False,ukraine,t5_2qqcn,default,Ukraine: Former President Yanukovych reportedly found in Russia,http://descrier.co.uk/world/2014/02/ukraine-former-president-yanukovych-reportedly-found-russia/,1393461999.0,,,
9,[deleted],,,,,1393489982,youtube.com,https://www.reddit.com/r/ukraine/comments/1z2lqz/crimean_parliament_buildings_seized_atr/,0,1z2lqz,False,"{'content': '&lt;iframe class=""embedly-embed"" src=""//cdn.embedly.com/widgets/media.html?url=http%3A%2F%2Fwww.youtube.com%2Fwatch%3Fv%3Dt6o-neJNis4&amp;src=http%3A%2F%2Fwww.youtube.com%2Fembed%2Ft6o-neJNis4%3Ffeature%3Doembed&amp;type=text%2Fhtml&amp;key=2aa3c4d5f3de4f5b9120b660ad850dc9&amp;schema=youtube"" width=""600"" height=""338"" scrolling=""no"" frameborder=""0"" allowfullscreen&gt;&lt;/iframe&gt;', 'height': 338, 'scrolling': False, 'width': 600}",0,False,/r/ukraine/comments/1z2lqz/crimean_parliament_buildings_seized_atr/,1441893700,1,"{'content': '&lt;iframe class=""embedly-embed"" src=""https://cdn.embedly.com/widgets/media.html?url=http%3A%2F%2Fwww.youtube.com%2Fwatch%3Fv%3Dt6o-neJNis4&amp;src=https%3A%2F%2Fwww.youtube.com%2Fembed%2Ft6o-neJNis4%3Ffeature%3Doembed&amp;type=text%2Fhtml&amp;key=2aa3c4d5f3de4f5b9120b660ad850dc9&amp;schema=youtube"" width=""600"" height=""338"" scrolling=""no"" frameborder=""0"" allowfullscreen&gt;&lt;/iframe&gt;', 'height': 338, 'scrolling': False, 'width': 600}",,False,ukraine,t5_2qqcn,default,Crimean Parliament Buildings Seized - ATR Livestream from Simferopol,http://www.youtube.com/watch?v=t6o-neJNis4,1393461182.0,,"{'oembed': {'author_name': 'Pavel Yevchenko', 'author_url': 'http://www.youtube.com/channel/UCHoW0eyS7uLWNdUJ-32WLLQ', 'description': 'Uploaded by Pavel Yevchenko on 2014-02-27.', 'height': 338, 'html': '&lt;iframe class=""embedly-embed"" src=""//cdn.embedly.com/widgets/media.html?url=http%3A%2F%2Fwww.youtube.com%2Fwatch%3Fv%3Dt6o-neJNis4&amp;src=http%3A%2F%2Fwww.youtube.com%2Fembed%2Ft6o-neJNis4%3Ffeature%3Doembed&amp;type=text%2Fhtml&amp;key=2aa3c4d5f3de4f5b9120b660ad850dc9&amp;schema=youtube"" width=""600"" height=""338"" scrolling=""no"" frameborder=""0"" allowfullscreen&gt;&lt;/iframe&gt;', 'provider_name': 'YouTube', 'provider_url': 'http://www.youtube.com/', 'title': 'ATR Live from Crimea/Ukraine', 'type': 'video', 'url': 'http://www.youtube.com/watch?v=t6o-neJNis4', 'version': '1.0', 'width': 600}, 'type': 'youtube.com'}","{'oembed': {'author_name': 'Pavel Yevchenko', 'author_url': 'http://www.youtube.com/channel/UCHoW0eyS7uLWNdUJ-32WLLQ', 'description': 'Uploaded by Pavel Yevchenko on 2014-02-27.', 'height': 338, 'html': '&lt;iframe class=""embedly-embed"" src=""https://cdn.embedly.com/widgets/media.html?url=http%3A%2F%2Fwww.youtube.com%2Fwatch%3Fv%3Dt6o-neJNis4&amp;src=https%3A%2F%2Fwww.youtube.com%2Fembed%2Ft6o-neJNis4%3Ffeature%3Doembed&amp;type=text%2Fhtml&amp;key=2aa3c4d5f3de4f5b9120b660ad850dc9&amp;schema=youtube"" width=""600"" height=""338"" scrolling=""no"" frameborder=""0"" allowfullscreen&gt;&lt;/iframe&gt;', 'provider_name': 'YouTube', 'provider_url': 'http://www.youtube.com/', 'title': 'ATR Live from Crimea/Ukraine', 'type': 'video', 'url': 'http://www.youtube.com/watch?v=t6o-neJNis4', 'version': '1.0', 'width': 600}, 'type': 'youtube.com'}"
10,[deleted],,,,,1393489090,ukrainianpolicy.com,https://www.reddit.com/r/ukraine/comments/1z2l0c/armed_russians_occupy_crimean_parliament_1_dead/,0,1z2l0c,False,{},0,False,/r/ukraine/comments/1z2l0c/armed_russians_occupy_crimean_parliament_1_dead/,1441893710,1,{},,False,ukraine,t5_2qqcn,default,Armed Russians occupy Crimean Parliament (1 dead),http://ukrainianpolicy.com/?p=315,1393460290.0,,,
11,mat_b,1380047735.0,,,t2_d9smf,1393486403,ukrainianpolicy.com,https://www.reddit.com/r/ukraine/comments/1z2im7/russian_armed_terrorists_occupy_crimean_parliament/,0,1z2im7,False,{},0,False,/r/ukraine/comments/1z2im7/russian_armed_terrorists_occupy_crimean_parliament/,1441893740,1,{},,False,ukraine,t5_2qqcn,default,Russian armed terrorists occupy Crimean parliament,http://ukrainianpolicy.com/russians-seize-simferopol/,1393457603.0,,,
12,KingofThornes,1393294346.0,,,t2_ffp7d,1393484979,theguardian.com,https://www.reddit.com/r/ukraine/comments/1z2ha1/armed_men_have_siezed_the_crimea_parliment/,0,1z2ha1,False,{},0,False,/r/ukraine/comments/1z2ha1/armed_men_have_siezed_the_crimea_parliment/,1441893758,0,{},,False,ukraine,t5_2qqcn,default,ARMED MEN HAVE SIEZED THE CRIMEA PARLIMENT.,http://www.theguardian.com/world/2014/feb/27/armed-men-seize-crimea-parliament-reports,1393456179.0,,,
13,Yujanka,1393483164.0,,,t2_fh1ck,1393483196,youtube.com,https://www.reddit.com/r/ukraine/comments/1z2fd8/скандальное_выступление_и_интервью_депутата/,0,1z2fd8,False,{},0,False,/r/ukraine/comments/1z2fd8/скандальное_выступление_и_интервью_депутата/,1441893781,1,{},,False,ukraine,t5_2qqcn,default,СКАНДАЛЬНОЕ ВЫСТУПЛЕНИЕ И ИНТЕРВЬЮ ДЕПУТАТА ЕВРОПАРЛАМЕНТА ОТ АВСТРИИ (1...,http://www.youtube.com/attribution_link?a=epm33bJCMLc&amp;u=%2Fwatch%3Fv%3DppoR7vCBALo%26feature%3Dshare,1393454396.0,,,
14,ms_kat_d,1322454480.0,,зацікавлена,t2_6br7m,1393481755,bbc.com,https://www.reddit.com/r/ukraine/comments/1z2doy/yatsenyuk_telling_it_like_it_is/,0,1z2doy,False,{},0,False,/r/ukraine/comments/1z2doy/yatsenyuk_telling_it_like_it_is/,1441893803,16,{},,False,ukraine,t5_2qqcn,http://b.thumbs.redditmedia.com/XKn6-AK3INPtgzMg.jpg,Yatsenyuk telling it like it is.,http://www.bbc.com/news/world-europe-26362789,1393452955.0,,,
15,ashfalls,,,,,1393474588,youtube.com,https://www.reddit.com/r/ukraine/comments/1z23kd/decapitated_manprotester_being_moved_by_riot/,0,1z23kd,False,"{'content': '&lt;iframe class=""embedly-embed"" src=""//cdn.embedly.com/widgets/media.html?src=http%3A%2F%2Fwww.youtube.com%2Fembed%2F6HzMQQZqbpc%3Ffeature%3Doembed&amp;url=http%3A%2F%2Fwww.youtube.com%2Fwatch%3Fv%3D6HzMQQZqbpc&amp;image=http%3A%2F%2Fi1.ytimg.com%2Fvi%2F6HzMQQZqbpc%2Fhqdefault.jpg&amp;key=2aa3c4d5f3de4f5b9120b660ad850dc9&amp;type=text%2Fhtml&amp;schema=youtube"" width=""600"" height=""338"" scrolling=""no"" frameborder=""0"" allowfullscreen&gt;&lt;/iframe&gt;', 'height': 338, 'scrolling': False, 'width': 600}",16,True,/r/ukraine/comments/1z23kd/decapitated_manprotester_being_moved_by_riot/,1441893936,34,"{'content': '&lt;iframe class=""embedly-embed"" src=""https://cdn.embedly.com/widgets/media.html?src=https%3A%2F%2Fwww.youtube.com%2Fembed%2F6HzMQQZqbpc%3Ffeature%3Doembed&amp;url=http%3A%2F%2Fwww.youtube.com%2Fwatch%3Fv%3D6HzMQQZqbpc&amp;image=http%3A%2F%2Fi1.ytimg.com%2Fvi%2F6HzMQQZqbpc%2Fhqdefault.jpg&amp;key=2aa3c4d5f3de4f5b9120b660ad850dc9&amp;type=text%2Fhtml&amp;schema=youtube"" width=""600"" height=""338"" scrolling=""no"" frameborder=""0"" allowfullscreen&gt;&lt;/iframe&gt;', 'height': 338, 'scrolling': False, 'width': 600}",,False,ukraine,t5_2qqcn,nsfw,Decapitated man(protester?) being moved by Riot police.,https://www.youtube.com/watch?v=6HzMQQZqbpc,1393445788.0,,"{'oembed': {'author_name': 'EuroMaidan PR', 'author_url': 'http://www.youtube.com/channel/UCMgrofT7rfqEPxzicmfdo9w', 'description': 'Riot Police Berkut hides murdered Euromaidan Protester with his head off in Kiev Ukraine Join EuroMaidan PR: Web http://euromaidanpr.wordpress.com/category/languages/english/ You Tube https://www.youtube.com/channel/UCMgrofT7rfqEPxzicmfdo9w/videos Facebook https://www.facebook.com/euromaidanpr Twitter https://twitter.com/euromaidanpr With credits to hsmtp Original video is available at http://youtu.be/3B-844q5ek0 Produced by Euromaidan PR &amp; @Andreas_Summer http://lnkd.in/dH2Kk23', 'height': 338, 'html': '&lt;iframe class=""embedly-embed"" src=""//cdn.embedly.com/widgets/media.html?src=http%3A%2F%2Fwww.youtube.com%2Fembed%2F6HzMQQZqbpc%3Ffeature%3Doembed&amp;url=http%3A%2F%2Fwww.youtube.com%2Fwatch%3Fv%3D6HzMQQZqbpc&amp;image=http%3A%2F%2Fi1.ytimg.com%2Fvi%2F6HzMQQZqbpc%2Fhqdefault.jpg&amp;key=2aa3c4d5f3de4f5b9120b660ad850dc9&amp;type=text%2Fhtml&amp;schema=youtube"" width=""600"" height=""338"" scrolling=""no"" frameborder=""0"" allowfullscreen&gt;&lt;/iframe&gt;', 'provider_name': 'YouTube', 'provider_url': 'http://www.youtube.com/', 'thumbnail_height': 360, 'thumbnail_url': 'http://i1.ytimg.com/vi/6HzMQQZqbpc/hqdefault.jpg', 'thumbnail_width': 480, 'title': 'Riot Police Berkut hides murdered Euromaidan Protester with his head off in Kiev Ukraine', 'type': 'video', 'url': 'http://www.youtube.com/watch?v=6HzMQQZqbpc', 'version': '1.0', 'width': 600}, 'type': 'youtube.com'}","{'oembed': {'author_name': 'EuroMaidan PR', 'author_url': 'http://www.youtube.com/channel/UCMgrofT7rfqEPxzicmfdo9w', 'description': 'Riot Police Berkut hides murdered Euromaidan Protester with his head off in Kiev Ukraine Join EuroMaidan PR: Web http://euromaidanpr.wordpress.com/category/languages/english/ You Tube https://www.youtube.com/channel/UCMgrofT7rfqEPxzicmfdo9w/videos Facebook https://www.facebook.com/euromaidanpr Twitter https://twitter.com/euromaidanpr With credits to hsmtp Original video is available at http://youtu.be/3B-844q5ek0 Produced by Euromaidan PR &amp; @Andreas_Summer http://lnkd.in/dH2Kk23', 'height': 338, 'html': '&lt;iframe class=""embedly-embed"" src=""https://cdn.embedly.com/widgets/media.html?src=https%3A%2F%2Fwww.youtube.com%2Fembed%2F6HzMQQZqbpc%3Ffeature%3Doembed&amp;url=http%3A%2F%2Fwww.youtube.com%2Fwatch%3Fv%3D6HzMQQZqbpc&amp;image=http%3A%2F%2Fi1.ytimg.com%2Fvi%2F6HzMQQZqbpc%2Fhqdefault.jpg&amp;key=2aa3c4d5f3de4f5b9120b660ad850dc9&amp;type=text%2Fhtml&amp;schema=youtube"" width=""600"" height=""338"" scrolling=""no"" frameborder=""0"" allowfullscreen&gt;&lt;/iframe&gt;', 'provider_name': 'YouTube', 'provider_url': 'http://www.youtube.com/', 'thumbnail_height': 360, 'thumbnail_url': 'https://i.embed.ly/1/image?url=http%3A%2F%2Fi1.ytimg.com%2Fvi%2F6HzMQQZqbpc%2Fhqdefault.jpg&amp;key=b1e305db91cf4aa5a86b732cc9fffceb', 'thumbnail_width': 480, 'title': 'Riot Police Berkut hides murdered Euromaidan Protester with his head off in Kiev Ukraine', 'type': 'video', 'url': 'http://www.youtube.com/watch?v=6HzMQQZqbpc', 'version': '1.0', 'width': 600}, 'type': 'youtube.com'}"
16,[deleted],,,,,1393456068,nationalcitizen.wordpress.com,https://www.reddit.com/r/ukraine/comments/1z18gg/if_they_decided_to_do_it_how_would_russia_go/,0,1z18gg,False,{},0,False,/r/ukraine/comments/1z18gg/if_they_decided_to_do_it_how_would_russia_go/,1441894337,1,{},,False,ukraine,t5_2qqcn,default,"If they decided to do it, how would Russia go about seizing Crimea?",http://nationalcitizen.wordpress.com/2014/02/26/what-would-a-russian-invasion-of-ukraine-look-like/,1393427268.0,,,
17,Jerjacques,1382471480.0,,,t2_dm10p,1393454440,self.ukraine,https://www.reddit.com/r/ukraine/comments/1z15es/ama_request_any_ukrainian_who_witnessed_or_took/,0,1z15es,True,{},5,False,/r/ukraine/comments/1z15es/ama_request_any_ukrainian_who_witnessed_or_took/,1441894377,14,{},I would like to interview you for an article I'm writing for an international news magazine. ,False,ukraine,t5_2qqcn,self,AMA Request: Any Ukrainian who witnessed or took part in protests.,http://www.reddit.com/r/ukraine/comments/1z15es/ama_request_any_ukrainian_who_witnessed_or_took/,1393425640.0,,,
18,[deleted],,,,,1393451161,gofundme.com,https://www.reddit.com/r/ukraine/comments/1z0z6n/im_trying_to_fund_a_trip_to_ukraine_to_be_with_my/,0,1z0z6n,False,{},0,False,/r/ukraine/comments/1z0z6n/im_trying_to_fund_a_trip_to_ukraine_to_be_with_my/,1441894458,1,{},,False,ukraine,t5_2qqcn,default,I'm trying to fund a trip to Ukraine to be with my fiance and capture the Pro-Russian viewpoint of the people of Crimea. Share/Look if you want. Thank you!,http://www.gofundme.com/7587n8,1393422361.0,,,
19,WFOpizza,1283875025.0,,,t2_4blqr,1393446836,self.ukraine,https://www.reddit.com/r/ukraine/comments/1z0r3b/any_prorussia_ukrainians_here_lets_hear_your_story/,0,1z0r3b,True,{},1184,False,/r/ukraine/comments/1z0r3b/any_prorussia_ukrainians_here_lets_hear_your_story/,1441894563,185,{},What makes you believe that East is the way to go for Ukraine?,False,ukraine,t5_2qqcn,self,Any pro-russia Ukrainians here? Let's hear your story!,http://www.reddit.com/r/ukraine/comments/1z0r3b/any_prorussia_ukrainians_here_lets_hear_your_story/,1393418036.0,,,
20,BelevolentKid,1393443580.0,,,t2_fgqf4,1393444018,self.ukraine,https://www.reddit.com/r/ukraine/comments/1z0lom/q_will_crimea_break_away_from_ukraine/,0,1z0lom,True,{},4,False,/r/ukraine/comments/1z0lom/q_will_crimea_break_away_from_ukraine/,1441894633,3,{},"Hi, i'm not Ukrainian but I would know if you think the Crimea will break away and join Russia. I know that a large majority are Russians but there is also the largest minority Tartars who I've been told have a bad relationship with Russia. Care to share your opinions? ",False,ukraine,t5_2qqcn,self,[Q] Will Crimea break away from Ukraine?,http://www.reddit.com/r/ukraine/comments/1z0lom/q_will_crimea_break_away_from_ukraine/,1393415218.0,,,
21,tonyalfidi,1371435646.0,,,t2_c28rz,1393437534,alfidicapitalblog.blogspot.com,https://www.reddit.com/r/ukraine/comments/1z09gm/ukraines_financial_viability_in_the_midst_of/,0,1z09gm,False,{},1,False,/r/ukraine/comments/1z09gm/ukraines_financial_viability_in_the_midst_of/,1441894791,3,{},,False,ukraine,t5_2qqcn,http://a.thumbs.redditmedia.com/IGx2_VoIiALFLVWH.jpg,Ukraine's Financial Viability In The Midst Of Instability,http://alfidicapitalblog.blogspot.com/2014/02/ukraines-financial-viability-in-midst.html,1393408734.0,,,
22,jupit3r33,1243705422.0,,,t2_3hwh1,1393436789,redd.it,https://www.reddit.com/r/ukraine/comments/1z085z/vaad_ukraine_panic_in_ukraine_created_by/,0,1z085z,False,{},0,False,/r/ukraine/comments/1z085z/vaad_ukraine_panic_in_ukraine_created_by/,1441894808,4,{},,False,ukraine,t5_2qqcn,default,VAAD Ukraine: Panic in Ukraine Created by Provocateurs (x-post /r/UkrainianConflict),http://redd.it/1z07yv,1393407989.0,,,
23,[deleted],,,,,1393436435,youtube.com,https://www.reddit.com/r/ukraine/comments/1z07gv/ive_heard_this_song_on_espreso_tv_stream_during_a/,0,1z07gv,False,"{'content': '&lt;iframe class=""embedly-embed"" src=""//cdn.embedly.com/widgets/media.html?src=http%3A%2F%2Fwww.youtube.com%2Fembed%2Fa3MlTlbQO_E%3Ffeature%3Doembed&amp;url=http%3A%2F%2Fwww.youtube.com%2Fwatch%3Fv%3Da3MlTlbQO_E&amp;image=http%3A%2F%2Fi1.ytimg.com%2Fvi%2Fa3MlTlbQO_E%2Fhqdefault.jpg&amp;key=2aa3c4d5f3de4f5b9120b660ad850dc9&amp;type=text%2Fhtml&amp;schema=youtube"" width=""600"" height=""338"" scrolling=""no"" frameborder=""0"" allowfullscreen&gt;&lt;/iframe&gt;', 'height': 338, 'scrolling': False, 'width': 600}",0,False,/r/ukraine/comments/1z07gv/ive_heard_this_song_on_espreso_tv_stream_during_a/,1441894817,1,"{'content': '&lt;iframe class=""embedly-embed"" src=""https://cdn.embedly.com/widgets/media.html?src=https%3A%2F%2Fwww.youtube.com%2Fembed%2Fa3MlTlbQO_E%3Ffeature%3Doembed&amp;url=http%3A%2F%2Fwww.youtube.com%2Fwatch%3Fv%3Da3MlTlbQO_E&amp;image=http%3A%2F%2Fi1.ytimg.com%2Fvi%2Fa3MlTlbQO_E%2Fhqdefault.jpg&amp;key=2aa3c4d5f3de4f5b9120b660ad850dc9&amp;type=text%2Fhtml&amp;schema=youtube"" width=""600"" height=""338"" scrolling=""no"" frameborder=""0"" allowfullscreen&gt;&lt;/iframe&gt;', 'height': 338, 'scrolling': False, 'width': 600}",,False,ukraine,t5_2qqcn,default,"I've heard this song on Espreso TV stream during a funeral procession at Maidan, I was speechless.",http://www.youtube.com/watch?v=a3MlTlbQO_E,1393407635.0,,"{'oembed': {'author_name': 'VitaliyGR', 'author_url': 'http://www.youtube.com/user/VitaliyGR', 'description': 'Пикардийская Терция - Пливе кача', 'height': 338, 'html': '&lt;iframe class=""embedly-embed"" src=""//cdn.embedly.com/widgets/media.html?src=http%3A%2F%2Fwww.youtube.com%2Fembed%2Fa3MlTlbQO_E%3Ffeature%3Doembed&amp;url=http%3A%2F%2Fwww.youtube.com%2Fwatch%3Fv%3Da3MlTlbQO_E&amp;image=http%3A%2F%2Fi1.ytimg.com%2Fvi%2Fa3MlTlbQO_E%2Fhqdefault.jpg&amp;key=2aa3c4d5f3de4f5b9120b660ad850dc9&amp;type=text%2Fhtml&amp;schema=youtube"" width=""600"" height=""338"" scrolling=""no"" frameborder=""0"" allowfullscreen&gt;&lt;/iframe&gt;', 'provider_name': 'YouTube', 'provider_url': 'http://www.youtube.com/', 'thumbnail_height': 360, 'thumbnail_url': 'http://i1.ytimg.com/vi/a3MlTlbQO_E/hqdefault.jpg', 'thumbnail_width': 480, 'title': 'Folk Song - Kacha (Pikkardijska Tercija)', 'type': 'video', 'url': 'http://www.youtube.com/watch?v=a3MlTlbQO_E', 'version': '1.0', 'width': 600}, 'type': 'youtube.com'}","{'oembed': {'author_name': 'VitaliyGR', 'author_url': 'http://www.youtube.com/user/VitaliyGR', 'description': 'Пикардийская Терция - Пливе кача', 'height': 338, 'html': '&lt;iframe class=""embedly-embed"" src=""https://cdn.embedly.com/widgets/media.html?src=https%3A%2F%2Fwww.youtube.com%2Fembed%2Fa3MlTlbQO_E%3Ffeature%3Doembed&amp;url=http%3A%2F%2Fwww.youtube.com%2Fwatch%3Fv%3Da3MlTlbQO_E&amp;image=http%3A%2F%2Fi1.ytimg.com%2Fvi%2Fa3MlTlbQO_E%2Fhqdefault.jpg&amp;key=2aa3c4d5f3de4f5b9120b660ad850dc9&amp;type=text%2Fhtml&amp;schema=youtube"" width=""600"" height=""338"" scrolling=""no"" frameborder=""0"" allowfullscreen&gt;&lt;/iframe&gt;', 'provider_name': 'YouTube', 'provider_url': 'http://www.youtube.com/', 'thumbnail_height': 360, 'thumbnail_url': 'https://i.embed.ly/1/image?url=http%3A%2F%2Fi1.ytimg.com%2Fvi%2Fa3MlTlbQO_E%2Fhqdefault.jpg&amp;key=b1e305db91cf4aa5a86b732cc9fffceb', 'thumbnail_width': 480, 'title': 'Folk Song - Kacha (Pikkardijska Tercija)', 'type': 'video', 'url': 'http://www.youtube.com/watch?v=a3MlTlbQO_E', 'version': '1.0', 'width': 600}, 'type': 'youtube.com'}"
24,[deleted],,,,,1393434927,youtube.com,https://www.reddit.com/r/ukraine/comments/1z04rf/ive_heard_this_song_on_espreso_tv_stream_during_a/,0,1z04rf,False,"{'content': '&lt;iframe class=""embedly-embed"" src=""//cdn.embedly.com/widgets/media.html?src=http%3A%2F%2Fwww.youtube.com%2Fembed%2Fa3MlTlbQO_E%3Ffeature%3Doembed&amp;url=http%3A%2F%2Fwww.youtube.com%2Fwatch%3Fv%3Da3MlTlbQO_E&amp;image=http%3A%2F%2Fi1.ytimg.com%2Fvi%2Fa3MlTlbQO_E%2Fhqdefault.jpg&amp;key=2aa3c4d5f3de4f5b9120b660ad850dc9&amp;type=text%2Fhtml&amp;schema=youtube"" width=""600"" height=""338"" scrolling=""no"" frameborder=""0"" allowfullscreen&gt;&lt;/iframe&gt;', 'height': 338, 'scrolling': False, 'width': 600}",0,False,/r/ukraine/comments/1z04rf/ive_heard_this_song_on_espreso_tv_stream_during_a/,1441894852,1,"{'content': '&lt;iframe class=""embedly-embed"" src=""https://cdn.embedly.com/widgets/media.html?src=https%3A%2F%2Fwww.youtube.com%2Fembed%2Fa3MlTlbQO_E%3Ffeature%3Doembed&amp;url=http%3A%2F%2Fwww.youtube.com%2Fwatch%3Fv%3Da3MlTlbQO_E&amp;image=http%3A%2F%2Fi1.ytimg.com%2Fvi%2Fa3MlTlbQO_E%2Fhqdefault.jpg&amp;key=2aa3c4d5f3de4f5b9120b660ad850dc9&amp;type=text%2Fhtml&amp;schema=youtube"" width=""600"" height=""338"" scrolling=""no"" frameborder=""0"" allowfullscreen&gt;&lt;/iframe&gt;', 'height': 338, 'scrolling': False, 'width': 600}",,False,ukraine,t5_2qqcn,default,I've heard this song on Espreso TV stream during a funeral procession at Maidan. I was speechless.,http://www.youtube.com/watch?v=a3MlTlbQO_E,1393406127.0,,"{'oembed': {'author_name': 'VitaliyGR', 'author_url': 'http://www.youtube.com/user/VitaliyGR', 'description': 'Пикардийская Терция - Пливе кача', 'height': 338, 'html': '&lt;iframe class=""embedly-embed"" src=""//cdn.embedly.com/widgets/media.html?src=http%3A%2F%2Fwww.youtube.com%2Fembed%2Fa3MlTlbQO_E%3Ffeature%3Doembed&amp;url=http%3A%2F%2Fwww.youtube.com%2Fwatch%3Fv%3Da3MlTlbQO_E&amp;image=http%3A%2F%2Fi1.ytimg.com%2Fvi%2Fa3MlTlbQO_E%2Fhqdefault.jpg&amp;key=2aa3c4d5f3de4f5b9120b660ad850dc9&amp;type=text%2Fhtml&amp;schema=youtube"" width=""600"" height=""338"" scrolling=""no"" frameborder=""0"" allowfullscreen&gt;&lt;/iframe&gt;', 'provider_name': 'YouTube', 'provider_url': 'http://www.youtube.com/', 'thumbnail_height': 360, 'thumbnail_url': 'http://i1.ytimg.com/vi/a3MlTlbQO_E/hqdefault.jpg', 'thumbnail_width': 480, 'title': 'Folk Song - Kacha (Pikkardijska Tercija)', 'type': 'video', 'url': 'http://www.youtube.com/watch?v=a3MlTlbQO_E', 'version': '1.0', 'width': 600}, 'type': 'youtube.com'}","{'oembed': {'author_name': 'VitaliyGR', 'author_url': 'http://www.youtube.com/user/VitaliyGR', 'description': 'Пикардийская Терция - Пливе кача', 'height': 338, 'html': '&lt;iframe class=""embedly-embed"" src=""https://cdn.embedly.com/widgets/media.html?src=https%3A%2F%2Fwww.youtube.com%2Fembed%2Fa3MlTlbQO_E%3Ffeature%3Doembed&amp;url=http%3A%2F%2Fwww.youtube.com%2Fwatch%3Fv%3Da3MlTlbQO_E&amp;image=http%3A%2F%2Fi1.ytimg.com%2Fvi%2Fa3MlTlbQO_E%2Fhqdefault.jpg&amp;key=2aa3c4d5f3de4f5b9120b660ad850dc9&amp;type=text%2Fhtml&amp;schema=youtube"" width=""600"" height=""338"" scrolling=""no"" frameborder=""0"" allowfullscreen&gt;&lt;/iframe&gt;', 'provider_name': 'YouTube', 'provider_url': 'http://www.youtube.com/', 'thumbnail_height': 360, 'thumbnail_url': 'https://i.embed.ly/1/image?url=http%3A%2F%2Fi1.ytimg.com%2Fvi%2Fa3MlTlbQO_E%2Fhqdefault.jpg&amp;key=b1e305db91cf4aa5a86b732cc9fffceb', 'thumbnail_width': 480, 'title': 'Folk Song - Kacha (Pikkardijska Tercija)', 'type': 'video', 'url': 'http://www.youtube.com/watch?v=a3MlTlbQO_E', 'version': '1.0', 'width': 600}, 'type': 'youtube.com'}"
