all_awardings,allow_live_comments,author,author_flair_css_class,author_flair_richtext,author_flair_text,author_flair_type,author_fullname,author_is_blocked,author_patreon_flair,author_premium,awarders,can_mod_post,contest_mode,created_utc,domain,full_link,gildings,id,is_created_from_ads_ui,is_crosspostable,is_meta,is_original_content,is_reddit_media_domain,is_robot_indexable,is_self,is_video,link_flair_background_color,link_flair_richtext,link_flair_text_color,link_flair_type,locked,media_only,no_follow,num_comments,num_crossposts,over_18,parent_whitelist_status,permalink,pinned,pwls,removed_by_category,retrieved_on,score,selftext,send_replies,spoiler,stickied,subreddit,subreddit_id,subreddit_subscribers,subreddit_type,suggested_sort,thumbnail,title,total_awards_received,treatment_tags,upvote_ratio,url,whitelist_status,wls,created,link_flair_css_class,link_flair_text,post_hint,preview,thumbnail_height,thumbnail_width,url_overridden_by_dest,crosspost_parent,crosspost_parent_list
[],False,sinned123456,,[],,text,t2_nncpcgmk,False,False,False,[],False,False,1654983419,self.geopolitics,https://www.reddit.com/r/geopolitics/comments/va76cg/reddit_liberalism/,{},va76cg,False,False,False,False,False,False,True,False,,[],dark,text,False,False,True,0,0,False,all_ads,/r/geopolitics/comments/va76cg/reddit_liberalism/,False,6,automod_filtered,1654983430,1,[removed],True,False,False,geopolitics,t5_2qhnn,448197,public,old,self,reddit liberalism,0,[],1.0,https://www.reddit.com/r/geopolitics/comments/va76cg/reddit_liberalism/,all_ads,6,1654954619.0,,,,,,,,,
[],False,andyh120d,,[],,text,t2_nbq7v56h,False,False,False,[],False,False,1654976918,self.geopolitics,https://www.reddit.com/r/geopolitics/comments/va531n/the_ccp_doesnt_want_to_beat_the_united_statesand/,{},va531n,False,False,False,False,False,False,True,False,,[],dark,text,False,False,True,0,0,False,all_ads,/r/geopolitics/comments/va531n/the_ccp_doesnt_want_to_beat_the_united_statesand/,False,6,moderator,1654976928,1,[removed],True,False,False,geopolitics,t5_2qhnn,448075,public,old,self,The CCP doesn't want to beat the United States-and that will be its downfall,0,[],1.0,https://www.reddit.com/r/geopolitics/comments/va531n/the_ccp_doesnt_want_to_beat_the_united_statesand/,all_ads,6,1654948118.0,,,,,,,,,
[],False,Google_is_my_bff,,[],,text,t2_lm0d85kn,False,False,False,[],False,False,1654973810,self.geopolitics,https://www.reddit.com/r/geopolitics/comments/va42h7/whats_the_perfect_mbti_personnality_of_a_good/,{},va42h7,False,False,False,False,False,False,True,False,,[],dark,text,False,False,True,0,0,False,all_ads,/r/geopolitics/comments/va42h7/whats_the_perfect_mbti_personnality_of_a_good/,False,6,automod_filtered,1654973820,1,[removed],True,False,False,geopolitics,t5_2qhnn,448013,public,old,self,What's the perfect MBTI personnality of a good diplomat ?,0,[],1.0,https://www.reddit.com/r/geopolitics/comments/va42h7/whats_the_perfect_mbti_personnality_of_a_good/,all_ads,6,1654945010.0,,,,,,,,,
[],False,Straight-Audience-91,,[],,text,t2_o2qiqncz,False,False,False,[],False,False,1654971568,self.geopolitics,https://www.reddit.com/r/geopolitics/comments/va3ce3/is_tucker_carlson_the_next_joseph_goebbels/,{},va3ce3,False,False,False,False,False,False,True,False,,[],dark,text,False,False,True,0,0,False,all_ads,/r/geopolitics/comments/va3ce3/is_tucker_carlson_the_next_joseph_goebbels/,False,6,automod_filtered,1654971579,1,[removed],True,False,False,geopolitics,t5_2qhnn,447979,public,old,self,Is Tucker Carlson the next Joseph Goebbels?,0,[],1.0,https://www.reddit.com/r/geopolitics/comments/va3ce3/is_tucker_carlson_the_next_joseph_goebbels/,all_ads,6,1654942768.0,,,,,,,,,
[],False,hecate37,,[],,text,t2_hjvf4,False,False,True,[],False,False,1654970609,apnews.com,https://www.reddit.com/r/geopolitics/comments/va30zj/former_bolivian_president_sentenced_to_10_years/,{},va30zj,False,False,False,False,False,False,False,False,,[],dark,text,False,False,True,1,0,False,all_ads,/r/geopolitics/comments/va30zj/former_bolivian_president_sentenced_to_10_years/,False,6,reddit,1654970619,1,,True,False,False,geopolitics,t5_2qhnn,447966,public,old,https://a.thumbs.redditmedia.com/-zS_SIZUrrN5D7CkqC3DO3Cx2Up3vnoY7WS9AhgRzT8.jpg,Former Bolivian president sentenced to 10 years in prison,0,[],1.0,https://apnews.com/article/caribbean-evo-morales-bolivia-50747531a0c6a757cd5f423ccf8e84d5,all_ads,6,1654941809.0,News,News,link,"{'enabled': False, 'images': [{'id': '9hOeUkNbD2vpY-ykRhzywYw_nyrgWrQhhGCWCiT7BoQ', 'resolutions': [{'height': 71, 'url': 'https://external-preview.redd.it/lDi5QW9n5BVxBTgoiQ2l_jclHBFO9z1xfYowMiYlrC0.jpg?width=108&amp;crop=smart&amp;auto=webp&amp;s=1f0b58d0bd1090fa45024fe344f6036a9d49af51', 'width': 108}, {'height': 142, 'url': 'https://external-preview.redd.it/lDi5QW9n5BVxBTgoiQ2l_jclHBFO9z1xfYowMiYlrC0.jpg?width=216&amp;crop=smart&amp;auto=webp&amp;s=d0ad174ee0209e1079f0b1acd14766e87349837b', 'width': 216}, {'height': 211, 'url': 'https://external-preview.redd.it/lDi5QW9n5BVxBTgoiQ2l_jclHBFO9z1xfYowMiYlrC0.jpg?width=320&amp;crop=smart&amp;auto=webp&amp;s=f20cdef7607e13d4409dee25243596d025de5167', 'width': 320}, {'height': 423, 'url': 'https://external-preview.redd.it/lDi5QW9n5BVxBTgoiQ2l_jclHBFO9z1xfYowMiYlrC0.jpg?width=640&amp;crop=smart&amp;auto=webp&amp;s=9645cbda82f6f540201518209477a719c28c761c', 'width': 640}, {'height': 634, 'url': 'https://external-preview.redd.it/lDi5QW9n5BVxBTgoiQ2l_jclHBFO9z1xfYowMiYlrC0.jpg?width=960&amp;crop=smart&amp;auto=webp&amp;s=f02f0ff366a20e803b16775d679c0669b7081c9c', 'width': 960}, {'height': 713, 'url': 'https://external-preview.redd.it/lDi5QW9n5BVxBTgoiQ2l_jclHBFO9z1xfYowMiYlrC0.jpg?width=1080&amp;crop=smart&amp;auto=webp&amp;s=85c19ed176e795cb0685be8cd20c1b5050018710', 'width': 1080}], 'source': {'height': 1983, 'url': 'https://external-preview.redd.it/lDi5QW9n5BVxBTgoiQ2l_jclHBFO9z1xfYowMiYlrC0.jpg?auto=webp&amp;s=57debddffc82d340f4db09db182505ba48e24551', 'width': 3000}, 'variants': {}}]}",92.0,140.0,https://apnews.com/article/caribbean-evo-morales-bolivia-50747531a0c6a757cd5f423ccf8e84d5,,
[],False,H0tGarbag,,[],,text,t2_7xtenb4s,False,False,False,[],False,False,1654963184,i.redd.it,https://www.reddit.com/r/geopolitics/comments/va0ikp/what_do_you_think_about_the_strangereal_map/,{},va0ikp,False,False,False,False,True,False,False,False,,[],dark,text,False,False,True,0,0,False,all_ads,/r/geopolitics/comments/va0ikp/what_do_you_think_about_the_strangereal_map/,False,6,automod_filtered,1654963195,1,,True,False,False,geopolitics,t5_2qhnn,447847,public,old,https://b.thumbs.redditmedia.com/PeM8RoyXJZ-MB0PEdu_DDaIyjdXwN_BWQOHh1pebJzE.jpg,What Do You Think About The Strangereal Map?,0,[],1.0,https://i.redd.it/j8aqv9npl0591.png,all_ads,6,1654934384.0,,,image,"{'enabled': True, 'images': [{'id': 'Bqm58t8kaFZsexhUqzGywqruI51SrXtFM7lpzwR9ukE', 'resolutions': [{'height': 71, 'url': 'https://preview.redd.it/j8aqv9npl0591.png?width=108&amp;crop=smart&amp;auto=webp&amp;s=a712f36f6c1200ad489f78b19c3315289e22182a', 'width': 108}, {'height': 143, 'url': 'https://preview.redd.it/j8aqv9npl0591.png?width=216&amp;crop=smart&amp;auto=webp&amp;s=867dcfd7c80c6aa6e7ed601a0e743a123f6607f4', 'width': 216}, {'height': 212, 'url': 'https://preview.redd.it/j8aqv9npl0591.png?width=320&amp;crop=smart&amp;auto=webp&amp;s=82e8682488f3810a5338668da8c4ea0e25f6b403', 'width': 320}, {'height': 425, 'url': 'https://preview.redd.it/j8aqv9npl0591.png?width=640&amp;crop=smart&amp;auto=webp&amp;s=8f84b0639757b549dff4106f43031c28c8f231e1', 'width': 640}, {'height': 637, 'url': 'https://preview.redd.it/j8aqv9npl0591.png?width=960&amp;crop=smart&amp;auto=webp&amp;s=a9158d0e33bd9cc668d1737afcb5fe0859fa0721', 'width': 960}, {'height': 717, 'url': 'https://preview.redd.it/j8aqv9npl0591.png?width=1080&amp;crop=smart&amp;auto=webp&amp;s=1184db260ac13b2a0ff2ec65f28524b5bb6a11fb', 'width': 1080}], 'source': {'height': 800, 'url': 'https://preview.redd.it/j8aqv9npl0591.png?auto=webp&amp;s=6797cfd49be9d626abae2d6619844f3a2c760751', 'width': 1204}, 'variants': {}}]}",93.0,140.0,https://i.redd.it/j8aqv9npl0591.png,,
[],False,ThePoarter343,,[],,text,t2_nmdz1qtg,False,False,False,[],False,False,1654947019,self.geopolitics,https://www.reddit.com/r/geopolitics/comments/v9vmyw/what_do_you_think_will_happen_to_china_in_the/,{},v9vmyw,False,False,False,False,False,False,True,False,,[],dark,text,False,False,True,0,0,False,all_ads,/r/geopolitics/comments/v9vmyw/what_do_you_think_will_happen_to_china_in_the/,False,6,automod_filtered,1654947029,1,[removed],True,False,False,geopolitics,t5_2qhnn,447593,public,old,self,What do you think will happen to China in the next decade? Conversely what influence do you think this would have on the world?,0,[],1.0,https://www.reddit.com/r/geopolitics/comments/v9vmyw/what_do_you_think_will_happen_to_china_in_the/,all_ads,6,1654918219.0,,,,,,,,,
[],False,BennyWDaBeannie,,[],,text,t2_cl1yoth4,False,False,False,[],False,False,1654945371,self.geopolitics,https://www.reddit.com/r/geopolitics/comments/v9v8s8/dear_russia/,{},v9v8s8,False,False,False,False,False,False,True,False,,[],dark,text,False,False,True,0,0,False,all_ads,/r/geopolitics/comments/v9v8s8/dear_russia/,False,6,automod_filtered,1654945381,1,[removed],False,False,False,geopolitics,t5_2qhnn,447573,public,old,self,"Dear Russia,",0,[],1.0,https://www.reddit.com/r/geopolitics/comments/v9v8s8/dear_russia/,all_ads,6,1654916571.0,,,,,,,,,
[],False,Skinonframe,,[],,text,t2_d3jgbto7,False,False,False,[],False,False,1654921618,theglobeandmail.com,https://www.reddit.com/r/geopolitics/comments/v9ppf5/how_its_done_canada_and_denmark_peacefully_settle/,{},v9ppf5,False,False,False,False,False,False,False,False,,[],dark,text,False,False,True,1,0,False,all_ads,/r/geopolitics/comments/v9ppf5/how_its_done_canada_and_denmark_peacefully_settle/,False,6,reddit,1654921629,1,,False,False,False,geopolitics,t5_2qhnn,447306,public,old,https://b.thumbs.redditmedia.com/5rmHDQYtOKQtINhDBRVOAbkpw8KSVi0VWc2QZILGMIc.jpg,How it's done: Canada and Denmark peacefully settle strategic Arctic border dispute,0,[],1.0,https://www.theglobeandmail.com/politics/article-canada-and-denmark-reach-settlement-over-disputed-arctic-island/,all_ads,6,1654892818.0,News,News,link,"{'enabled': False, 'images': [{'id': 'HIoUIqVTnsfkLt-sr673pxcJpDqJ78DYJQzG_XncEt0', 'resolutions': [{'height': 81, 'url': 'https://external-preview.redd.it/yR8om-ge7mALAyocA0ezNbDPRFo1KNBLzlGZsGe9zwU.jpg?width=108&amp;crop=smart&amp;auto=webp&amp;s=f520cde8954bae1f44ee031f8cad0ac8e71e7f32', 'width': 108}, {'height': 162, 'url': 'https://external-preview.redd.it/yR8om-ge7mALAyocA0ezNbDPRFo1KNBLzlGZsGe9zwU.jpg?width=216&amp;crop=smart&amp;auto=webp&amp;s=bca2ca1cf787d5b06d718ea7c4071857f0a03505', 'width': 216}, {'height': 240, 'url': 'https://external-preview.redd.it/yR8om-ge7mALAyocA0ezNbDPRFo1KNBLzlGZsGe9zwU.jpg?width=320&amp;crop=smart&amp;auto=webp&amp;s=3626619bbe59000b206f29202646d296b01ff37a', 'width': 320}, {'height': 480, 'url': 'https://external-preview.redd.it/yR8om-ge7mALAyocA0ezNbDPRFo1KNBLzlGZsGe9zwU.jpg?width=640&amp;crop=smart&amp;auto=webp&amp;s=e7c6152c4bf616b7409dca310acd5c960c98b67c', 'width': 640}, {'height': 720, 'url': 'https://external-preview.redd.it/yR8om-ge7mALAyocA0ezNbDPRFo1KNBLzlGZsGe9zwU.jpg?width=960&amp;crop=smart&amp;auto=webp&amp;s=847d5c6f19b710cd840d56c79cbd7f609bc0d9b9', 'width': 960}, {'height': 810, 'url': 'https://external-preview.redd.it/yR8om-ge7mALAyocA0ezNbDPRFo1KNBLzlGZsGe9zwU.jpg?width=1080&amp;crop=smart&amp;auto=webp&amp;s=64a4bf863b533285b0b4229d816edaeaf28d6cab', 'width': 1080}], 'source': {'height': 900, 'url': 'https://external-preview.redd.it/yR8om-ge7mALAyocA0ezNbDPRFo1KNBLzlGZsGe9zwU.jpg?auto=webp&amp;s=8ad0696f4cd16c6bc3f70f91ebef10f3b1ac73b5', 'width': 1200}, 'variants': {}}]}",105.0,140.0,https://www.theglobeandmail.com/politics/article-canada-and-denmark-reach-settlement-over-disputed-arctic-island/,t3_v9n4wg,"[{'all_awardings': [], 'allow_live_comments': False, 'approved_at_utc': None, 'approved_by': None, 'archived': False, 'author': 'carsonbiz', 'author_flair_background_color': None, 'author_flair_css_class': None, 'author_flair_richtext': [], 'author_flair_template_id': None, 'author_flair_text': None, 'author_flair_text_color': None, 'author_flair_type': 'text', 'author_fullname': 't2_15ssx', 'author_is_blocked': False, 'author_patreon_flair': False, 'author_premium': False, 'awarders': [], 'banned_at_utc': None, 'banned_by': None, 'can_gild': True, 'can_mod_post': False, 'category': None, 'clicked': False, 'content_categories': None, 'contest_mode': False, 'created': 1654912452.0, 'created_utc': 1654912452.0, 'discussion_type': None, 'distinguished': None, 'domain': 'theglobeandmail.com', 'downs': 0, 'edited': False, 'gilded': 0, 'gildings': {}, 'hidden': False, 'hide_score': False, 'id': 'v9n4wg', 'is_created_from_ads_ui': False, 'is_crosspostable': True, 'is_meta': False, 'is_original_content': False, 'is_reddit_media_domain': False, 'is_robot_indexable': True, 'is_self': False, 'is_video': False, 'likes': None, 'link_flair_background_color': '', 'link_flair_css_class': None, 'link_flair_richtext': [], 'link_flair_text': None, 'link_flair_text_color': 'dark', 'link_flair_type': 'text', 'locked': False, 'media': None, 'media_embed': {}, 'media_only': False, 'mod_note': None, 'mod_reason_by': None, 'mod_reason_title': None, 'mod_reports': [], 'name': 't3_v9n4wg', 'no_follow': False, 'num_comments': 32, 'num_crossposts': 1, 'num_reports': None, 'over_18': False, 'parent_whitelist_status': 'all_ads', 'permalink': '/r/onguardforthee/comments/v9n4wg/canada_and_denmark_have_reached_a_settlement_in_a/', 'pinned': False, 'post_hint': 'link', 'preview': {'enabled': False, 'images': [{'id': 'HIoUIqVTnsfkLt-sr673pxcJpDqJ78DYJQzG_XncEt0', 'resolutions': [{'height': 81, 'url': 'https://external-preview.redd.it/yR8om-ge7mALAyocA0ezNbDPRFo1KNBLzlGZsGe9zwU.jpg?width=108&amp;crop=smart&amp;auto=webp&amp;s=f520cde8954bae1f44ee031f8cad0ac8e71e7f32', 'width': 108}, {'height': 162, 'url': 'https://external-preview.redd.it/yR8om-ge7mALAyocA0ezNbDPRFo1KNBLzlGZsGe9zwU.jpg?width=216&amp;crop=smart&amp;auto=webp&amp;s=bca2ca1cf787d5b06d718ea7c4071857f0a03505', 'width': 216}, {'height': 240, 'url': 'https://external-preview.redd.it/yR8om-ge7mALAyocA0ezNbDPRFo1KNBLzlGZsGe9zwU.jpg?width=320&amp;crop=smart&amp;auto=webp&amp;s=3626619bbe59000b206f29202646d296b01ff37a', 'width': 320}, {'height': 480, 'url': 'https://external-preview.redd.it/yR8om-ge7mALAyocA0ezNbDPRFo1KNBLzlGZsGe9zwU.jpg?width=640&amp;crop=smart&amp;auto=webp&amp;s=e7c6152c4bf616b7409dca310acd5c960c98b67c', 'width': 640}, {'height': 720, 'url': 'https://external-preview.redd.it/yR8om-ge7mALAyocA0ezNbDPRFo1KNBLzlGZsGe9zwU.jpg?width=960&amp;crop=smart&amp;auto=webp&amp;s=847d5c6f19b710cd840d56c79cbd7f609bc0d9b9', 'width': 960}, {'height': 810, 'url': 'https://external-preview.redd.it/yR8om-ge7mALAyocA0ezNbDPRFo1KNBLzlGZsGe9zwU.jpg?width=1080&amp;crop=smart&amp;auto=webp&amp;s=64a4bf863b533285b0b4229d816edaeaf28d6cab', 'width': 1080}], 'source': {'height': 900, 'url': 'https://external-preview.redd.it/yR8om-ge7mALAyocA0ezNbDPRFo1KNBLzlGZsGe9zwU.jpg?auto=webp&amp;s=8ad0696f4cd16c6bc3f70f91ebef10f3b1ac73b5', 'width': 1200}, 'variants': {}}]}, 'pwls': 6, 'quarantine': False, 'removal_reason': None, 'removed_by': None, 'removed_by_category': None, 'report_reasons': None, 'saved': False, 'score': 61, 'secure_media': None, 'secure_media_embed': {}, 'selftext': '', 'selftext_html': None, 'send_replies': False, 'spoiler': False, 'stickied': False, 'subreddit': 'onguardforthee', 'subreddit_id': 't5_3icow', 'subreddit_name_prefixed': 'r/onguardforthee', 'subreddit_subscribers': 237864, 'subreddit_type': 'public', 'suggested_sort': 'confidence', 'thumbnail': 'https://b.thumbs.redditmedia.com/5rmHDQYtOKQtINhDBRVOAbkpw8KSVi0VWc2QZILGMIc.jpg', 'thumbnail_height': 105, 'thumbnail_width': 140, 'title': 'Canada and Denmark have reached a settlement in a decades-old border dispute over Hans Island, a 1.3-square-kilometre rock in the Arctic sea passage between Greenland and Ellesmere Island', 'top_awarded_type': None, 'total_awards_received': 0, 'treatment_tags': [], 'ups': 61, 'upvote_ratio': 0.98, 'url': 'https://www.theglobeandmail.com/politics/article-canada-and-denmark-reach-settlement-over-disputed-arctic-island/', 'url_overridden_by_dest': 'https://www.theglobeandmail.com/politics/article-canada-and-denmark-reach-settlement-over-disputed-arctic-island/', 'user_reports': [], 'view_count': None, 'visited': False, 'whitelist_status': 'all_ads', 'wls': 6}]"
[],False,valentinyeet,,[],,text,t2_53ytoyxz,False,False,False,[],False,False,1654916473,time.com,https://www.reddit.com/r/geopolitics/comments/v9oa58/the_summit_of_the_americas_shows_declining_us/,{},v9oa58,False,False,False,False,False,False,False,False,,[],dark,text,False,False,True,1,0,False,all_ads,/r/geopolitics/comments/v9oa58/the_summit_of_the_americas_shows_declining_us/,False,6,reddit,1654916484,1,,True,False,False,geopolitics,t5_2qhnn,447233,public,old,https://b.thumbs.redditmedia.com/qRDnL7co0CTXrF-kSMEo5ty-dZob_vbVAgVopqfb5cE.jpg,The Summit of the Americas Shows Declining U.S. Influence,0,[],1.0,https://time.com/6186494/americas-summit-biden-china/,all_ads,6,1654887673.0,,,link,"{'enabled': False, 'images': [{'id': 'lANGiH8WTb51JDtJP4Ds3KMRBFDPVoI3NDhDq5tZD08', 'resolutions': [{'height': 66, 'url': 'https://external-preview.redd.it/OSOTMdPnse-dFcMo3dFGw7TR1DgyUBLD3OgXtowktFc.jpg?width=108&amp;crop=smart&amp;auto=webp&amp;s=ae655ea4cf776e5a8b6570ba68dd984a866dd4fe', 'width': 108}, {'height': 132, 'url': 'https://external-preview.redd.it/OSOTMdPnse-dFcMo3dFGw7TR1DgyUBLD3OgXtowktFc.jpg?width=216&amp;crop=smart&amp;auto=webp&amp;s=43492643d57c91f37f3b04df4c21d12b09e04cb2', 'width': 216}, {'height': 196, 'url': 'https://external-preview.redd.it/OSOTMdPnse-dFcMo3dFGw7TR1DgyUBLD3OgXtowktFc.jpg?width=320&amp;crop=smart&amp;auto=webp&amp;s=08b8b5d444d891d5c84f3403af32e548e66b25c0', 'width': 320}, {'height': 392, 'url': 'https://external-preview.redd.it/OSOTMdPnse-dFcMo3dFGw7TR1DgyUBLD3OgXtowktFc.jpg?width=640&amp;crop=smart&amp;auto=webp&amp;s=2982eed60117d40b2b372988d6fbfecbd1f416ab', 'width': 640}, {'height': 588, 'url': 'https://external-preview.redd.it/OSOTMdPnse-dFcMo3dFGw7TR1DgyUBLD3OgXtowktFc.jpg?width=960&amp;crop=smart&amp;auto=webp&amp;s=de245f90de1b47d8452c25d39d353cc288a0c8d1', 'width': 960}], 'source': {'height': 628, 'url': 'https://external-preview.redd.it/OSOTMdPnse-dFcMo3dFGw7TR1DgyUBLD3OgXtowktFc.jpg?auto=webp&amp;s=6fda5c444e8951e811552396a4ddf6aaabdd72ac', 'width': 1024}, 'variants': {}}]}",85.0,140.0,https://time.com/6186494/americas-summit-biden-china/,,
