all_awardings,archived,associated_award,author,author_flair_background_color,author_flair_css_class,author_flair_richtext,author_flair_template_id,author_flair_text,author_flair_text_color,author_flair_type,author_fullname,author_patreon_flair,author_premium,body,body_sha1,can_gild,collapsed,collapsed_because_crowd_control,collapsed_reason,collapsed_reason_code,comment_type,controversiality,created_utc,distinguished,gilded,gildings,id,is_submitter,link_id,locked,no_follow,parent_id,permalink,retrieved_utc,score,score_hidden,send_replies,stickied,subreddit,subreddit_id,subreddit_name_prefixed,subreddit_type,top_awarded_type,total_awards_received,treatment_tags,unrepliable_reason,created
[],False,,Alexandros6,,,[],,,,text,t2_5v6wkey8,False,False,Nah just people that didn't get the joke,938be0f5b32df2aaad0c27e0feeef4e2a7de34f9,True,False,,,,,0,1654641070,,0,{},ibjhw7i,False,t3_v64za3,False,True,t1_ibj13nh,/r/war/comments/v64za3/78_years_ago_today_the_beaches_of_normandy_were/ibjhw7i/,1654641084,1,True,True,False,war,t5_2qhk8,r/war,public,,0,[],,1654612270.0
[],False,,thatarmenian_mtl,,,[],,,,text,t2_11kuv7,False,False,"War has legal implications and obligations. For example, if Ukraine has treaties with other countries, those countries would be automatically (depending on the contract) obliged to intervene. 
I'm assuming no one wants to go against Russia right now, especially not in a militiristic manner.

There are loopholes to every single thing on this God forsaken planet.",78ee07502d4801d3ff4e26ec755ab82032f78546,True,False,,,,,0,1654639793,,0,{},ibjfaz7,False,t3_v5gjql,False,True,t3_v5gjql,/r/war/comments/v5gjql/why_not_call_it_a_war/ibjfaz7/,1654639805,1,True,True,False,war,t5_2qhk8,r/war,public,,0,[],,1654610993.0
[],False,,[deleted],,,,,,dark,,,,,[removed],fe993932d6dced4c0a879e9aa5d7a6e0fbb467f5,True,True,,,DELETED,,0,1654639493,,0,{},ibjepb4,False,t3_v0ytfi,False,True,t3_v0ytfi,/r/war/comments/v0ytfi/antiaircraft_fire_over_belgrade_capital_of/ibjepb4/,1654639511,1,True,True,False,war,t5_2qhk8,r/war,public,,0,[],,1654610693.0
[],False,,[deleted],,,,,,dark,,,,,[removed],fe993932d6dced4c0a879e9aa5d7a6e0fbb467f5,True,True,,,DELETED,,0,1654637121,,0,{},ibj9wa2,False,t3_v237sa,False,True,t3_v237sa,/r/war/comments/v237sa/captured_ukrainian_soldier_with_swastika_tattoo/ibj9wa2/,1654637139,1,True,True,False,war,t5_2qhk8,r/war,public,,0,[],,1654608321.0
[],False,,[deleted],,,,,,dark,,,,,[removed],fe993932d6dced4c0a879e9aa5d7a6e0fbb467f5,True,True,,,DELETED,,0,1654636650,,0,{},ibj8xfq,False,t3_v5xzkt,False,True,t1_ibiavvq,/r/war/comments/v5xzkt/russian_plane_turned_out_to_be_ukrainian_su27p/ibj8xfq/,1654636663,1,True,True,False,war,t5_2qhk8,r/war,public,,0,[],,1654607850.0
[],False,,[deleted],,,,,,dark,,,,,[removed],fe993932d6dced4c0a879e9aa5d7a6e0fbb467f5,True,True,,,DELETED,,0,1654636430,,0,{},ibj8h9d,False,t3_v67qkn,False,True,t3_v67qkn,/r/war/comments/v67qkn/ukrainian_soldiers_in_severodonetsk_now_they_have/ibj8h9d/,1654636447,1,True,True,False,war,t5_2qhk8,r/war,public,,0,[],,1654607630.0
[],False,,[deleted],,,,,,dark,,,,,[removed],fe993932d6dced4c0a879e9aa5d7a6e0fbb467f5,True,True,,,DELETED,,0,1654636168,,0,{},ibj7xr7,False,t3_v3lekr,False,True,t1_ib86pqh,/r/war/comments/v3lekr/who_do_you_think_would_win_between_the_fatherland/ibj7xr7/,1654636183,1,True,True,False,war,t5_2qhk8,r/war,public,,0,[],,1654607368.0
[],False,,[deleted],,,,,,dark,,,,,[removed],fe993932d6dced4c0a879e9aa5d7a6e0fbb467f5,True,True,,,DELETED,,0,1654635190,,0,{},ibj5uxy,False,t3_v5y3q9,False,True,t1_ibhmp2l,/r/war/comments/v5y3q9/russian_special_forces_ambushed_ukrainians/ibj5uxy/,1654635204,1,True,True,False,war,t5_2qhk8,r/war,public,,0,[],,1654606390.0
[],False,,FrankFranly,,,[],,,,text,t2_yia0w,False,False,I meant this literally as I'm quite the anti fascist myself but I guess there's a lot of Nazi sympathizers out there. I did Nazi that coming.,373c43e7318cdf19697d51492f6e3722abb30a5d,True,False,,,,,0,1654633049,,0,{},ibj13nh,False,t3_v64za3,False,True,t1_ibf1bq2,/r/war/comments/v64za3/78_years_ago_today_the_beaches_of_normandy_were/ibj13nh/,1654633059,1,True,True,False,war,t5_2qhk8,r/war,public,,0,[],,1654604249.0
[],False,,_BaldyLocks_,,,[],,,,text,t2_5d0jbynz,False,False,Friendly fire incident.,4fa2859104c7b3de54922ae9b220498860c94164,True,False,,,,,0,1654630957,,0,{},ibiwai0,False,t3_v5xyd6,False,True,t1_ibemt3e,/r/war/comments/v5xyd6/on_june_5_ukrainian_troops_shot_down_a_russian/ibiwai0/,1654630976,1,True,True,False,war,t5_2qhk8,r/war,public,,0,[],,1654602157.0
[],False,,Dimensionboy622,,,[],,,,text,t2_3itfyyw9,False,False,Ooh more Russian bots?,87ed22eaa7511f833ce36565f5afdf79fafa1363,True,False,,,,,0,1654629949,,0,{},ibitywn,False,t3_v5xzkt,False,True,t3_v5xzkt,/r/war/comments/v5xzkt/russian_plane_turned_out_to_be_ukrainian_su27p/ibitywn/,1654629968,1,True,True,False,war,t5_2qhk8,r/war,public,,0,[],,1654601149.0
[],False,,y_ogi,,,[],,,,text,t2_a31s8y6p,False,False,"Yea that seems to be the ordeal for the Chinese military at this time. Numbers can only go so far, especially when you only have 2 aircraft carriers.",37cd1fdde1c45c42f0812ff5a83b53a6cc6dbda4,True,False,,,,,0,1654629788,,0,{},ibitlad,True,t3_v30ged,False,True,t1_ibcjg6p,/r/war/comments/v30ged/the_coincidences_taiwans_natural_terrain/ibitlad/,1654629804,1,True,True,False,war,t5_2qhk8,r/war,public,,0,[],,1654600988.0
[],False,,Human-Junket-4677,,,[],,,,text,t2_bsq4xhun,False,False,Prolly something in Space,0c41e5a3462e7b4a9706463b9e7a99f3c27eb85d,True,False,,,,,0,1654629148,,0,{},ibis3lp,False,t3_v5jn98,False,True,t3_v5jn98,/r/war/comments/v5jn98/putin_threatens_to_strike_objects_that_were_never/ibis3lp/,1654629165,1,True,True,False,war,t5_2qhk8,r/war,public,,0,[],,1654600348.0
[],False,,YourFaceHere69420,,,[],,,,text,t2_aooz9p47,False,False,Go fuck your mum the conversation ended retard,5d86d12866fa76c372662edd37b7319ef448d278,True,True,,,,,0,1654628754,,0,{},ibir73c,False,t3_uzmnpm,False,True,t1_ibiqumf,/r/war/comments/uzmnpm/kashmiri_separatist_blows_up_indian_patrol_with/ibir73c/,1654628765,1,True,True,False,war,t5_2qhk8,r/war,public,,0,[],,1654599954.0
[],False,,stick_always_wins,,,[],,,,text,t2_16jqlq,False,False,Lmao what?? You're the one crying about about killing soldiers as terrorism. Get a grip dude,a33c806df616fa09f793f0bac6848d3543ca301f,True,False,,,,,0,1654628605,,0,{},ibiqumf,False,t3_uzmnpm,False,True,t1_iaxg21y,/r/war/comments/uzmnpm/kashmiri_separatist_blows_up_indian_patrol_with/ibiqumf/,1654628617,1,True,True,False,war,t5_2qhk8,r/war,public,,0,[],,1654599805.0
[],False,,greenPURPlez,,,[],,,,text,t2_60tr0dnf,False,False,These people kinda seem like they don't really know what they are talking about,356481a550595325deec31ce54cde8e3f1380f99,True,False,,,,,0,1654627222,,0,{},ibinnrd,False,t3_v5xk3o,False,True,t3_v5xk3o,/r/war/comments/v5xk3o/latest_on_the_ukraine_war/ibinnrd/,1654627237,1,True,True,False,war,t5_2qhk8,r/war,public,,0,[],,1654598422.0
[],False,,greenPURPlez,,,[],,,,text,t2_60tr0dnf,False,False,You sure showed him I bet he'll think twice about it now,cddd7de97cd8b625948ac56da70729eb1899318a,True,False,,,,,0,1654626918,,0,{},ibimy5u,False,t3_v5jn98,False,True,t1_ibgyq93,/r/war/comments/v5jn98/putin_threatens_to_strike_objects_that_were_never/ibimy5u/,1654626928,1,True,True,False,war,t5_2qhk8,r/war,public,,0,[],,1654598118.0
[],False,,polisharmada33,,,[],,,,text,t2_7qmfe58x,False,False,"You didn‚Äôt miss anything, other than black silkies, and lotsa swimming.",92f75df20a6ee37b705c7d3a84af8d2747c2c5c7,True,False,,,,,0,1654626179,,0,{},ibil7py,False,t3_v1248y,False,True,t1_iaoaqdh,/r/war/comments/v1248y/what_does_this_picture_mean_and_what_kind_of/ibil7py/,1654626198,1,True,True,False,war,t5_2qhk8,r/war,public,,0,[],,1654597379.0
[],False,,FleXXger,,,[],,,,text,t2_6ou38z3f,False,False,If it's a proxy war between russia and ukraine.....who is the superpower behind russia?,167746f3870e6b26a70e8de28b9ba240a3ee57b4,True,False,,,,,0,1654622004,,0,{},ibibcqo,False,t3_v68c35,False,True,t1_ibfip3p,/r/war/comments/v68c35/zelensky_actually_went_right_into_the/ibibcqo/,1654622017,1,True,True,False,war,t5_2qhk8,r/war,public,,0,[],,1654593204.0
[],False,,FleXXger,,,[],,,,text,t2_6ou38z3f,False,False,"Never saw ""news"" about a russian plane shot down, so why should they report an ukrainian plane getting shot down?",c140dd2bf4871f350137536b2316c8fcb14846ae,True,False,,,,,0,1654621805,,0,{},ibiavvq,False,t3_v5xzkt,False,True,t1_ibeogbw,/r/war/comments/v5xzkt/russian_plane_turned_out_to_be_ukrainian_su27p/ibiavvq/,1654621819,1,True,True,False,war,t5_2qhk8,r/war,public,,0,[],,1654593005.0
[],False,,FleXXger,,,[],,,,text,t2_6ou38z3f,False,False,The other way round. They've mistaken the craft for one of the russians but it was one of their own.,13bbaa1c84a9f4b51c4fc86007225865372c927a,True,False,,,,,0,1654621705,,0,{},ibiangj,False,t3_v5xyd6,False,True,t1_ibeo2pd,/r/war/comments/v5xyd6/on_june_5_ukrainian_troops_shot_down_a_russian/ibiangj/,1654621724,1,True,True,False,war,t5_2qhk8,r/war,public,,0,[],,1654592905.0
[],False,,NiBS_6969,,,[],,,,text,t2_652iqdi4,False,False,no cap this subreddit has the most braindead people,7ad798cb2ae3bea15d7a5efee6c86c625a6bf3fc,True,False,,,,,0,1654619790,,0,{},ibi63jl,False,t3_v67qkn,False,True,t1_ibgf7d7,/r/war/comments/v67qkn/ukrainian_soldiers_in_severodonetsk_now_they_have/ibi63jl/,1654619803,1,True,True,False,war,t5_2qhk8,r/war,public,,0,[],,1654590990.0
[],False,,[deleted],,,,,,dark,,,,,[removed],fe993932d6dced4c0a879e9aa5d7a6e0fbb467f5,True,True,,,DELETED,,0,1654618273,,0,{},ibi2iqp,False,t3_v67qkn,False,True,t3_v67qkn,/r/war/comments/v67qkn/ukrainian_soldiers_in_severodonetsk_now_they_have/ibi2iqp/,1654618284,1,True,True,False,war,t5_2qhk8,r/war,public,,0,[],,1654589473.0
[],False,,BudgetElderber,,,[],,,,text,t2_hs3jwcys,False,False,"https://www.reddit.com/r/guns/comments/v33hw2/beretta_that_belonged_to_my_grandfather_believe/?utm_medium=android_app&amp;utm_source=share

See that I got it right first time around. Bullshit story. Blatant liar.

Ah, wasn't that hard.

Now, please get back on your medication.",51139a2d5bf74122c23636ef94378161631d87b1,True,False,,,,,0,1654616421,,0,{},ibhy8tk,False,t3_uyxfbx,False,True,t3_uyxfbx,/r/war/comments/uyxfbx/a_gun_i_found_that_apparently_belonged_to_my/ibhy8tk/,1654616436,1,True,True,False,war,t5_2qhk8,r/war,public,,0,[],,1654587621.0
[],False,,scopiieeex,,,[],,,,text,t2_dhtuwt9b,False,False,Zelenskie so hot and massive balls. I would let him fick my wife. Slave ukraine üá∫üá¶,61fc2ca74cbfc20759d4dc21aabb9f3fb4596566,True,False,,,,,0,1654615461,,0,{},ibhw1sq,False,t3_v68c35,False,True,t1_ibhg8j8,/r/war/comments/v68c35/zelensky_actually_went_right_into_the/ibhw1sq/,1654615479,1,True,True,False,war,t5_2qhk8,r/war,public,,0,[],,1654586661.0
[],False,,MeatyLabia,,,[],,,,text,t2_3fn8j89h,False,False,"Obvious sarcasm but reddit is stupid

WhErE iS thE SLAsh S??",ae15c24ef12adcd6ce62561406b68acbfb11f5f7,True,False,,,,,0,1654614366,,0,{},ibhtkh8,False,t3_v64za3,False,True,t1_ibf1bq2,/r/war/comments/v64za3/78_years_ago_today_the_beaches_of_normandy_were/ibhtkh8/,1654614383,1,True,True,False,war,t5_2qhk8,r/war,public,,0,[],,1654585566.0
[],False,,Eugene0185,,,[],,,,text,t2_5losm,False,False,Glory to fallen Ukrainian heros. Fuck Russia.,c0753d8ba8e6afaf7b9392fbcf5f3e5a1d62a0ef,True,False,,,,,0,1654611258,,0,{},ibhmp2l,False,t3_v5y3q9,False,True,t3_v5y3q9,/r/war/comments/v5y3q9/russian_special_forces_ambushed_ukrainians/ibhmp2l/,1654611271,1,True,True,False,war,t5_2qhk8,r/war,public,,0,[],,1654582458.0
[],False,,mykaas,,,[],,,,text,t2_4695rnkb,False,False,"And so is Germany, Europe etc.",4dcc9523f42209896396f8ffd0a1dbce612d4143,True,True,,,,,0,1654610134,,0,{},ibhkczl,False,t3_v1tin5,False,True,t1_ibh9cri,/r/war/comments/v1tin5/a_group_of_ukrainian_and_foreign_journalists/ibhkczl/,1654610153,1,True,True,False,war,t5_2qhk8,r/war,public,,0,[],,1654581334.0
[],False,,Brzezinski94,#0079d3,,[],56946c5a-b3b1-11ec-91d4-46f431619df8,‚ùóMisinformation Enthusiast‚ùó,dark,text,t2_3prfcj9c,False,False,"yes, perhaps the Ukrainian military thought it was a Russian plane flying to bomb Zelensky, who was just in Zaporozhye",42a395e587c51d29cd2989ac87e9bb52c02790e6,True,False,,,,,0,1654608244,,0,{},ibhgly6,True,t3_v5xzkt,False,True,t1_ibfy2d9,/r/war/comments/v5xzkt/russian_plane_turned_out_to_be_ukrainian_su27p/ibhgly6/,1654608258,1,True,True,False,war,t5_2qhk8,r/war,public,,0,[],,1654579444.0
[],False,,drjs1,,,[],,,,text,t2_1nnzt4j3,False,False,I'm convinced that Zelenskies balls are made of steel and are massive,eb6e4f488c4645b1bee9d94c2b91ef2f5a0c7f05,True,False,,,,,0,1654608054,,0,{},ibhg8j8,False,t3_v68c35,False,True,t3_v68c35,/r/war/comments/v68c35/zelensky_actually_went_right_into_the/ibhg8j8/,1654608074,1,True,True,False,war,t5_2qhk8,r/war,public,,0,[],,1654579254.0
[],False,,XeroKibo,,,[],,,,text,t2_1mqwz9ok,False,False,Crazy the Israeli regime‚Äôs turned into little Nazi Germany.,e78d3c5d9956eb4c539f2bcd3717541392240f6e,True,False,,,,,0,1654606926,,0,{},ibhe4ny,False,t3_v2la7n,False,True,t3_v2la7n,/r/war/comments/v2la7n/also_ghufrans_funeral_was_also_attacked_by_the/ibhe4ny/,1654606939,1,True,True,False,war,t5_2qhk8,r/war,public,,0,[],,1654578126.0
[],False,,DirtySloppyGuitBox,,,[],,,,text,t2_e5it9bp0,False,False,"Well, he has made a joke out of poor, sick, little putin.",144887c6de844ff2c09b824ab5d359201023d438,True,False,,,,,0,1654605934,,0,{},ibhcck0,False,t3_v68c35,False,True,t1_ibh5vk1,/r/war/comments/v68c35/zelensky_actually_went_right_into_the/ibhcck0/,1654605952,1,True,True,False,war,t5_2qhk8,r/war,public,,0,[],,1654577134.0
[],False,,Strong_Description37,,,[],,,,text,t2_79xua2g6,False,False,"Probably the first time they‚Äôve ever been in a building with lights, plumbing, and central air",930bad4f50cb56bb24104c2a817250f8561b12b6,True,False,,,,,0,1654605047,,0,{},ibhasvt,False,t3_v22dm1,False,True,t3_v22dm1,/r/war/comments/v22dm1/a_chechen_unit_explores_an_abandoned_sbu_building/ibhasvt/,1654605059,1,True,True,False,war,t5_2qhk8,r/war,public,,0,[],,1654576247.0
[],False,,[deleted],,,,,,dark,,,,,[removed],fe993932d6dced4c0a879e9aa5d7a6e0fbb467f5,True,True,,,DELETED,,0,1654604917,,0,{},ibhakvz,False,t3_v67qkn,False,True,t1_ibgo150,/r/war/comments/v67qkn/ukrainian_soldiers_in_severodonetsk_now_they_have/ibhakvz/,1654604934,1,True,True,False,war,t5_2qhk8,r/war,public,,0,[],,1654576117.0
[],False,,[deleted],,,,,,dark,,,,,[removed],fe993932d6dced4c0a879e9aa5d7a6e0fbb467f5,True,True,,,DELETED,,0,1654604825,,0,{},ibhafde,False,t3_v67qkn,False,True,t1_ibfbkrg,/r/war/comments/v67qkn/ukrainian_soldiers_in_severodonetsk_now_they_have/ibhafde/,1654604837,1,True,True,False,war,t5_2qhk8,r/war,public,,0,[],,1654576025.0
[],False,,PersonalityFun2189,,,[],,,,text,t2_7f6v4uzp,False,False,"this is legit but because of hard fighting parts of city are going fast from side to side, town is not very big so, who knows?",da0bace4292c4aad263bf76dcc8fc51e18448e6e,True,False,,,,,0,1654604453,,0,{},ibh9szz,False,t3_v67qkn,False,True,t1_ibgf7d7,/r/war/comments/v67qkn/ukrainian_soldiers_in_severodonetsk_now_they_have/ibh9szz/,1654604469,1,True,True,False,war,t5_2qhk8,r/war,public,,0,[],,1654575653.0
[],False,,B1G-Boss,,,[],,,,text,t2_h62xlniv,False,False,Chill bro its not that serious. And no im not guessing its just all over your homepage but all good,c326632886ad381ef1d8281cca44eab9e63b7536,True,False,,,,,0,1654604174,,0,{},ibh9cri,False,t3_v1tin5,False,True,t1_ibgxqrv,/r/war/comments/v1tin5/a_group_of_ukrainian_and_foreign_journalists/ibh9cri/,1654604193,1,True,True,False,war,t5_2qhk8,r/war,public,,0,[],,1654575374.0
[],False,,[deleted],,,,,,dark,,,,,[removed],fe993932d6dced4c0a879e9aa5d7a6e0fbb467f5,True,True,,,DELETED,,0,1654603827,,0,{},ibh8swq,False,t3_v68c35,False,True,t3_v68c35,/r/war/comments/v68c35/zelensky_actually_went_right_into_the/ibh8swq/,1654603841,1,True,True,False,war,t5_2qhk8,r/war,public,,0,[],,1654575027.0
[],False,,kprel409,,,[],,,,text,t2_6g674l7v,False,False,Ya apparently he did a comedy routine to cheer up soldiers......,d545df6eaa286dfc8d5d44068b9d1717df6646a7,True,True,,,,,0,1654601903,,0,{},ibh5vk1,False,t3_v68c35,False,True,t3_v68c35,/r/war/comments/v68c35/zelensky_actually_went_right_into_the/ibh5vk1/,1654601918,1,True,True,False,war,t5_2qhk8,r/war,public,,0,[],,1654573103.0
[],False,,JohnDoeSnow1,,,[],,,,text,t2_1as0o2de,False,False,"The title is correct. It's Lysychansk, in the area of Severodonetsk https://www.theguardian.com/world/2022/jun/06/you-all-deserve-victory-zelenskiy-visits-ukraine-troops-on-eastern-frontline",b0d069bb6101529e53f27e352271670a976d7e7c,True,False,,,,,0,1654597876,,0,{},ibh0k99,False,t3_v68c35,False,True,t3_v68c35,/r/war/comments/v68c35/zelensky_actually_went_right_into_the/ibh0k99/,1654597890,1,True,True,False,war,t5_2qhk8,r/war,public,,0,[],,1654569076.0
[],False,,gumbrilla,,,[],,,,text,t2_muydf,False,False,"Russia did not declare war on Ukraine, they announced a special military operation.

Normal form would be for the ambassador to notify, when uj declared war it was in the form of a letter of ultimatum from the UK ambassador in berlin

When the Japanese failed to declare war in time, due to delays at the embassy, the intent was for then to deliver a note before Pearl harbour",0c3185443b4c222c8e866d23700f7dd5a30e66fe,True,False,,,,,0,1654597412,,0,{},ibh00zb,False,t3_v5v3pf,False,True,t3_v5v3pf,/r/war/comments/v5v3pf/war_declaration/ibh00zb/,1654597429,1,True,True,False,war,t5_2qhk8,r/war,public,,0,[],,1654568612.0
[],False,,0redleg,,,[],,,,text,t2_dgbknoj1,False,False,"Do it cunt, fucking rat faced fuckwit. You aint gonna do shit.",42b283ee8ff68c9a33107050e7175b5d1504a71c,True,False,,,,,0,1654596271,,0,{},ibgyq93,False,t3_v5jn98,False,True,t3_v5jn98,/r/war/comments/v5jn98/putin_threatens_to_strike_objects_that_were_never/ibgyq93/,1654596286,1,True,True,False,war,t5_2qhk8,r/war,public,,0,[],,1654567471.0
[],False,,mykaas,,,[],,,,text,t2_4695rnkb,False,False,"Are you guessing? I'm not telling, you ain't my friend nor am I looking for one. Bugger off",599696edef63ba17179ca4b7bc23d5a9b0e8f8a5,True,True,,,,,0,1654595374,,0,{},ibgxqrv,False,t3_v1tin5,False,True,t1_ibcs8r5,/r/war/comments/v1tin5/a_group_of_ukrainian_and_foreign_journalists/ibgxqrv/,1654595386,1,True,True,False,war,t5_2qhk8,r/war,public,,0,[],,1654566574.0
[],False,,totally-not-batmann,,,[],,,,text,t2_3yqiujaa,False,False,Man wtf this is the second post Iv seen with friendly fire is there similarities between Ukrainian planes an Russian planes,34d2f3a3a461d93d3721a59bec511dc31cba660d,True,False,,,,,0,1654591931,,0,{},ibgu4om,False,t3_v5xzkt,False,True,t3_v5xzkt,/r/war/comments/v5xzkt/russian_plane_turned_out_to_be_ukrainian_su27p/ibgu4om/,1654591947,1,True,True,False,war,t5_2qhk8,r/war,public,,0,[],,1654563131.0
[],False,,LeForetEnchante,,,[],,,,text,t2_10z6mk,False,False,"Reddit really needs to do something about these idiotic Russian bots. It's always the same bullshit about NATO, Nazis, and comedians. It's getting fucking boring. Yawn.",681d0324ceaaa44c8a4172ffabe029e388691e6d,True,False,,,,,0,1654590627,,0,{},ibgsrjr,False,t3_v2kv7b,False,True,t3_v2kv7b,/r/war/comments/v2kv7b/ukraine_russian_war/ibgsrjr/,1654590643,1,True,True,False,war,t5_2qhk8,r/war,public,,0,[],,1654561827.0
[],False,,Money-Worldliness919,,,[],,,,text,t2_9dtar6q7,False,False,Too bad killing Generals in a top down system doesnt affect them as bad if a western officer was killed. Im sure most commanders are promoted more to loyalty than tactical skill.,9dd9ddcebbce53628b53c659455259514c03387f,True,False,,,,,0,1654590117,,0,{},ibgs851,False,t3_v621p5,False,True,t3_v621p5,/r/war/comments/v621p5/ukrainian_ambush_kills_both_russian_lieutenant/ibgs851/,1654590130,1,True,True,False,war,t5_2qhk8,r/war,public,,0,[],,1654561317.0
[],False,,szkendzsiflex,,,[],,,,text,t2_cizepyki,False,False,fake. There is no such thing in the world to take their first man to the city of the toughest siege right now and even make a video of it. their western and american fans believe everything. but the Ukrainians have proved(with huge us n nato support btw) so far that they are not fools.,fab33eba0f87594b78516e6540e7300a8b2f4128,True,False,,,,,0,1654588756,,0,{},ibgqroq,False,t3_v68c35,False,True,t3_v68c35,/r/war/comments/v68c35/zelensky_actually_went_right_into_the/ibgqroq/,1654588770,1,True,True,False,war,t5_2qhk8,r/war,public,,0,[],,1654559956.0
[],False,,[deleted],,,,,,dark,,,,,[removed],fe993932d6dced4c0a879e9aa5d7a6e0fbb467f5,True,True,,,DELETED,,0,1654587272,,0,{},ibgp71b,False,t3_v67qkn,False,True,t3_v67qkn,/r/war/comments/v67qkn/ukrainian_soldiers_in_severodonetsk_now_they_have/ibgp71b/,1654587285,1,True,True,False,war,t5_2qhk8,r/war,public,,0,[],,1654558472.0
[],False,,Impossible_Newt5617,,,[],,,,text,t2_k1xufs87,False,False,Could use a silencer/suppressor. Might be a little difficult to communicate with that blasting off next to your buddy‚Äôs ear.,9268c36de4a2673526d8affeb1c6a6fb4638e84e,True,False,,,,,0,1654586975,,0,{},ibgovic,False,t3_v253o9,False,False,t3_v253o9,/r/war/comments/v253o9/hecklers_battle_training_416_d_by_the_american/ibgovic/,1654586991,1,True,True,False,war,t5_2qhk8,r/war,public,,0,[],,1654558175.0
[],False,,[deleted],,,,,,dark,,,,,[deleted],228f7d207920fb84335fac5b2b06ed7b472ece9e,True,True,,,DELETED,,0,1654586705,,0,{},ibgol39,False,t3_v68c35,False,True,t1_ibfccdm,/r/war/comments/v68c35/zelensky_actually_went_right_into_the/ibgol39/,1654586722,1,True,True,False,war,t5_2qhk8,r/war,public,,0,[],,1654557905.0
[],False,,RomanticSaiko,,,[],,,,text,t2_9v2h2aos,False,False,"Check here: 

[https://liveuamap.com/de/2022/6-june-battles-continue-in-eastern-part-of-sieverodonetsk](https://liveuamap.com/de/2022/6-june-battles-continue-in-eastern-part-of-sieverodonetsk)

seems legit information.",04d11a13be2e8d0e032e418910e9c05e62894774,True,False,,,,,0,1654586216,,0,{},ibgo150,False,t3_v67qkn,False,True,t1_ibgf7d7,/r/war/comments/v67qkn/ukrainian_soldiers_in_severodonetsk_now_they_have/ibgo150/,1654586228,1,True,True,False,war,t5_2qhk8,r/war,public,,0,[],,1654557416.0
[],False,,LeForetEnchante,,,[],,,,text,t2_10z6mk,False,False,"Fuck Russia. Fuck Russian Nazi soldiers. And triple fuck Poohtin. With a baseball bat wrapped in barbed wire up his cancerous, putrid arse. I fucking hate him with a passion.",70e728c3b65fa0145e39963de1313b001d6f3643,True,False,,,,,0,1654585731,,0,{},ibgni04,False,t3_v5ye3q,False,True,t3_v5ye3q,/r/war/comments/v5ye3q/ukrainian_soldiers_thought_the_trenches_would/ibgni04/,1654585747,1,True,True,False,war,t5_2qhk8,r/war,public,,0,[],,1654556931.0
[],False,,[deleted],,,,,,dark,,,,,[removed],fe993932d6dced4c0a879e9aa5d7a6e0fbb467f5,True,True,,,DELETED,,0,1654585163,,0,{},ibgmu8g,False,t3_v5ye3q,False,True,t3_v5ye3q,/r/war/comments/v5ye3q/ukrainian_soldiers_thought_the_trenches_would/ibgmu8g/,1654585177,1,True,True,False,war,t5_2qhk8,r/war,public,,0,[],,1654556363.0
[],False,,Cristian1691,,,[],,,,text,t2_83ne65iy,False,False,"No answer yet , maybe Putin saw his post",4a2bd65f9df67185952ae6a961e36004901996d7,True,False,,,,,0,1654582778,,0,{},ibgjz42,False,t3_v5lrdf,False,False,t3_v5lrdf,/r/war/comments/v5lrdf/hey_reddit_you_want_a_video_of_whats_happening_in/ibgjz42/,1654582793,1,True,True,False,war,t5_2qhk8,r/war,public,,0,[],,1654553978.0
[],False,,[deleted],,,,,,dark,,,,,[removed],fe993932d6dced4c0a879e9aa5d7a6e0fbb467f5,True,True,,,DELETED,,0,1654582014,,0,{},ibgj0iy,False,t3_v67qkn,False,True,t3_v67qkn,/r/war/comments/v67qkn/ukrainian_soldiers_in_severodonetsk_now_they_have/ibgj0iy/,1654582028,1,True,True,False,war,t5_2qhk8,r/war,public,,0,[],,1654553214.0
[],False,,Diligent_Swing9052,,,[],,,,text,t2_k63xo70q,False,False,Fuck Russia,9e2e0007827f486ce6ffb3d8f06965d8e20909ff,True,False,,,,,0,1654581909,,0,{},ibgivo2,False,t3_v5y5xr,False,True,t3_v5y5xr,/r/war/comments/v5y5xr/this_day_was_unsuccessful_for_the_28th_brigade_of/ibgivo2/,1654581920,1,True,True,False,war,t5_2qhk8,r/war,public,,0,[],,1654553109.0
[],False,,Longjumping-Pitch163,,,[],,,,text,t2_7w08kjt8,False,False,Says who? Tick-tock that propaganda machine,01f5b2fc69f52bfe53af720e8cdf674f5b7bdf00,True,False,,,,,0,1654579161,,0,{},ibgf7d7,False,t3_v67qkn,False,True,t3_v67qkn,/r/war/comments/v67qkn/ukrainian_soldiers_in_severodonetsk_now_they_have/ibgf7d7/,1654579176,1,True,True,False,war,t5_2qhk8,r/war,public,,0,[],,1654550361.0
[],False,,SerPidor,,,[],,,,text,t2_c7q4jpm0,False,False,"this is deserteurs or diversion team, thats ukraine police",b66d1f6b7d37076f7dc2107dbc6fcbbb76106739,True,False,,,,,0,1654579016,,0,{},ibgf030,False,t3_t1xw3j,False,True,t3_t1xw3j,/r/war/comments/t1xw3j/russian_special_forces_failed_to_infiltrate_on/ibgf030/,1654579029,1,True,True,False,war,t5_2qhk8,r/war,public,,0,[],,1654550216.0
[],False,,_monolite,,,[],,,,text,t2_35ey9r0d,False,False,So Russia invaded Ukraime to start a proxy war with the US?,0f53e115bdabdb2cef969802e2ff36fb521cec55,True,False,,,,,0,1654578425,,0,{},ibge5hg,False,t3_v68c35,False,True,t1_ibfip3p,/r/war/comments/v68c35/zelensky_actually_went_right_into_the/ibge5hg/,1654578440,1,True,True,False,war,t5_2qhk8,r/war,public,,0,[],,1654549625.0
[],False,,Von665,,,[],,,,text,t2_k2fnk0a7,False,False,Stay Safe üá∫üá¶ Stay Strong üá∫üá¶ Aim True,5c6f3a6d8f24b1279e794eb1a39c25ddd2b36051,True,False,,,,,0,1654577717,,0,{},ibgd4g8,False,t3_v67qkn,False,True,t3_v67qkn,/r/war/comments/v67qkn/ukrainian_soldiers_in_severodonetsk_now_they_have/ibgd4g8/,1654577732,1,True,True,False,war,t5_2qhk8,r/war,public,,0,[],,1654548917.0
[],False,,MiChael_Serotonin,,,[],,,,text,t2_lh8ej12c,False,False,the fact that modern warfare allows for such precise artillery fire is pretty terrifying,ab25e9ae1136a4001d849c8bc6358c9b7a615dcf,True,False,,,,,0,1654574659,,0,{},ibg8eyd,False,t3_v5ye3q,False,True,t3_v5ye3q,/r/war/comments/v5ye3q/ukrainian_soldiers_thought_the_trenches_would/ibg8eyd/,1654574675,1,True,True,False,war,t5_2qhk8,r/war,public,,0,[],,1654545859.0
[],False,,Scr1pt3d_l1f3,,,[],,,,text,t2_2mnkees9,False,False,"Spoilers, their weakness is their carousel, and as such most US weaponry exploits high velocity to penetrate and detonate the ammunition.",69e85f74275736e79937456ce02a303658fef43c,True,False,,,,,0,1654574252,,0,{},ibg7qlu,False,t3_v3eiw9,False,True,t1_iay4gmg,/r/war/comments/v3eiw9/why_do_fe_the_us_army_not_buy_russian_t72_tanks/ibg7qlu/,1654574267,1,True,True,False,war,t5_2qhk8,r/war,public,,0,[],,1654545452.0
[],False,,hntr308,,,[],,,,text,t2_ivshppr0,False,False,MOTHER FUCKING FUCK FUCK FUCK RUSSIA,c9a4eaacc46c1e7c6356e0fd94c3d39e0bf00a5d,True,False,,,,,0,1654574054,,0,{},ibg7exf,False,t3_v5ye3q,False,True,t3_v5ye3q,/r/war/comments/v5ye3q/ukrainian_soldiers_thought_the_trenches_would/ibg7exf/,1654574068,1,True,True,False,war,t5_2qhk8,r/war,public,,0,[],,1654545254.0
[],False,,LeagueThen9349,,,[],,,,text,t2_67uoh03x,False,False,Everywhere it's posted says it's on the lugansk front,c6480c96cc8b7ca3ded6999ffe6568b8fd8dd0eb,True,False,,,,,0,1654572866,,0,{},ibg5dj1,False,t3_v5yah3,False,True,t1_ibev2ix,/r/war/comments/v5yah3/russian_tos1_fires_at_ukrainian_positions_with/ibg5dj1/,1654572884,1,True,True,False,war,t5_2qhk8,r/war,public,,0,[],,1654544066.0
[],False,,Historical-Map-1215,,,[],,,,text,t2_axsw94hk,False,False,Like what,3e0d7bffd3b766c648d2837b8c93b34d5bb569a8,True,False,,,,,0,1654572055,,0,{},ibg3wx2,False,t3_v5jn98,False,True,t3_v5jn98,/r/war/comments/v5jn98/putin_threatens_to_strike_objects_that_were_never/ibg3wx2/,1654572066,1,True,True,False,war,t5_2qhk8,r/war,public,,0,[],,1654543255.0
[],False,,[deleted],,,,,,dark,,,,,[removed],fe993932d6dced4c0a879e9aa5d7a6e0fbb467f5,True,True,,,DELETED,,0,1654570760,,0,{},ibg1hw7,False,t3_u25pe5,False,True,t3_u25pe5,/r/war/comments/u25pe5/tank_firing_into_a_group_of_ukrainian_soldiers_at/ibg1hw7/,1654570771,1,True,True,False,war,t5_2qhk8,r/war,public,,0,[],,1654541960.0
[],False,,Living_Ideal_3069,,,[],,,,text,t2_dn7cga5g,False,False,Friendly fire?,c14047bdf3b8fe0e161d3aa784ba060d076b9ead,True,False,,,,,0,1654568965,,0,{},ibfy2d9,False,t3_v5xzkt,False,True,t3_v5xzkt,/r/war/comments/v5xzkt/russian_plane_turned_out_to_be_ukrainian_su27p/ibfy2d9/,1654568978,1,True,True,False,war,t5_2qhk8,r/war,public,,0,[],,1654540165.0
[],False,,Signal-Umpire9134,,,[],,,,text,t2_9gledfmo,False,False,Gotta look busy lol,1ed3a4c8ab27c0f4e5fbda2eb9723222b8699f23,True,False,,,,,0,1654568104,,0,{},ibfwecz,False,t3_uxy6r5,False,True,t3_uxy6r5,/r/war/comments/uxy6r5/kadirov_army_at_it_again/ibfwecz/,1654568116,1,True,True,False,war,t5_2qhk8,r/war,public,,0,[],,1654539304.0
[],False,,Signal-Umpire9134,,,[],,,,text,t2_9gledfmo,False,False,Rats,a4e95dc4f0155e36dcf99047333c2ab165d32e0b,True,False,,,,,0,1654567188,,0,{},ibfukwk,False,t3_v18ljg,False,True,t3_v18ljg,/r/war/comments/v18ljg/more_video_footage_from_inside_severodonetsk/ibfukwk/,1654567202,1,True,True,False,war,t5_2qhk8,r/war,public,,0,[],,1654538388.0
[],False,,20WordsMax,,,[],,,,text,t2_753xkmvg,False,False,Sure he did üôÑ,88d83e293dab2e63d5012cb1766f6b0cb1610ad6,True,False,,,,,0,1654565960,,0,{},ibfs6e6,False,t3_v68c35,False,False,t3_v68c35,/r/war/comments/v68c35/zelensky_actually_went_right_into_the/ibfs6e6/,1654565971,1,True,True,False,war,t5_2qhk8,r/war,public,,0,[],,1654537160.0
[],False,,Chazzzz13,,,[],,,,text,t2_exnve6l8,False,False,Hi Russian. My name is Barry. How‚Äôs things? Hope you are having a good day!,1093c5cd20201c91ac9545a62abbbe832cc74991,True,False,,,,,0,1654565489,,0,{},ibfr9c5,False,t3_v5lrdf,False,True,t3_v5lrdf,/r/war/comments/v5lrdf/hey_reddit_you_want_a_video_of_whats_happening_in/ibfr9c5/,1654565503,1,True,True,False,war,t5_2qhk8,r/war,public,,0,[],,1654536689.0
[],False,,polisharmada33,,,[],,,,text,t2_7qmfe58x,False,False,"That video was awesome. Now I have something else to research. Thank you, OP!",75b0009ff923aeedd4dc93eee7e4807b5d60d0ab,True,False,,,,,0,1654565476,,0,{},ibfr8fh,False,t3_v304d1,False,True,t3_v304d1,/r/war/comments/v304d1/forgotten_war_ultramar_portuguese_colonial_war/ibfr8fh/,1654565487,1,True,True,False,war,t5_2qhk8,r/war,public,,0,[],,1654536676.0
[],False,,TranslatorHot863,,,[],,,,text,t2_9p8wo1zp,False,False,Yes,5397e0583f14f6c88de06b1ef28f460a1fb5b0ae,True,False,,,,,0,1654565032,,0,{},ibfqd8g,False,t3_v560f3,False,True,t1_ibep4ag,/r/war/comments/v560f3/more_shelling_of_donetsk_residential_areas_from/ibfqd8g/,1654565047,1,True,True,False,war,t5_2qhk8,r/war,public,,0,[],,1654536232.0
[],False,,Adept-Protection-537,,,[],,,,text,t2_a34phq5z,False,False,"Me too, trust",07ca0f0bd1856dca787a237f40634f3d8d49e4ef,True,False,,,,,0,1654564810,,0,{},ibfpx4d,False,t3_v68c35,False,True,t3_v68c35,/r/war/comments/v68c35/zelensky_actually_went_right_into_the/ibfpx4d/,1654564822,1,True,True,False,war,t5_2qhk8,r/war,public,,0,[],,1654536010.0
[],False,,Ausierob,,,[],,,,text,t2_cvovo7sg,False,False,Yawn...,4062680f5ba4e62ea885fae21abfedcc5dbcfbd6,True,False,,,,,0,1654562340,,0,{},ibfl0qa,False,t3_v5jn98,False,True,t3_v5jn98,/r/war/comments/v5jn98/putin_threatens_to_strike_objects_that_were_never/ibfl0qa/,1654562358,1,True,True,False,war,t5_2qhk8,r/war,public,,0,[],,1654533540.0
[],False,,Ausierob,,,[],,,,text,t2_cvovo7sg,False,False,Keep talking it up mate. The Orcs are still having their asses handed to them by the inferior UAF...,fe242e3d6427a6b88c8317af0b2d1638b4cbdf4d,True,False,,,,,0,1654562244,,0,{},ibfku26,False,t3_v5ycwi,False,True,t3_v5ycwi,/r/war/comments/v5ycwi/a_ukrainian_soldier_on_the_spot_with_other/ibfku26/,1654562262,1,True,True,False,war,t5_2qhk8,r/war,public,,0,[],,1654533444.0
[],False,,ReillyOBrien,,,[],,,,text,t2_6o75dth5,False,False,This proxy was has really mediocre propaganda.,ecb8dd978f746faf802a1ba68043c3879eb17c88,True,False,,,,,0,1654561175,,0,{},ibfip3p,False,t3_v68c35,False,True,t3_v68c35,/r/war/comments/v68c35/zelensky_actually_went_right_into_the/ibfip3p/,1654561189,1,True,True,False,war,t5_2qhk8,r/war,public,,0,[],,1654532375.0
[],False,,Active-Position1658,,,[],,,,text,t2_edwdqn52,False,False,"that tunel can be everywhere, even Berlin",006e8f1eff41dc498342cf63f297cdc655c13d2e,True,False,,,,,0,1654561033,,0,{},ibfif5g,False,t3_v68c35,False,True,t1_ibeox3m,/r/war/comments/v68c35/zelensky_actually_went_right_into_the/ibfif5g/,1654561048,1,True,True,False,war,t5_2qhk8,r/war,public,,0,[],,1654532233.0
