all_awardings,archived,associated_award,author,author_flair_background_color,author_flair_css_class,author_flair_richtext,author_flair_template_id,author_flair_text,author_flair_text_color,author_flair_type,author_fullname,author_patreon_flair,author_premium,body,body_sha1,can_gild,collapsed,collapsed_because_crowd_control,collapsed_reason,collapsed_reason_code,comment_type,controversiality,created_utc,distinguished,gilded,gildings,id,is_submitter,link_id,locked,no_follow,parent_id,permalink,retrieved_utc,score,score_hidden,send_replies,stickied,subreddit,subreddit_id,subreddit_name_prefixed,subreddit_type,top_awarded_type,total_awards_received,treatment_tags,unrepliable_reason,created,author_cakeday,awarders,retrieved_on
[],False,,Clear_Singer9249,,,[],,,,text,t2_a271iz2r,False,True,I agree. I'm sure he'd ask the same.,68689b515a8a234832c7544010f2a9873274f9bc,True,False,,,,,0.0,1645747172,,0.0,{},hybadry,False,t3_t0ny27,False,True,t1_hyb225n,/r/UkraineInvasionVideos/comments/t0ny27/the_ghost_of_kyiv_flying_unhindered_he_has_become/hybadry/,1645747186.0,1,False,True,False,UkraineInvasionVideos,t5_5wkihl,r/UkraineInvasionVideos,public,,0,[],,1645718372.0,,,
[],False,,ThrowItAwayNowBB,,,[],,,,text,t2_7mlduz5e,False,False,"This isn't breaking news! Look in the upper left corner of the video it says:

7:17 AM ET, that is 7:17 AM US Eastern time, as of this reply it is 6:52 PM US Eastern time. The video you are calling ""breaking"" is 11 hours old now!",3014482d4800701c2a5bd19bc284e3e8cb9633dc,True,False,,,,,0.0,1645746798,,0.0,{},hyb9ihp,False,t3_t0otvy,False,True,t3_t0otvy,/r/UkraineInvasionVideos/comments/t0otvy/breaking_russia_fires_artillery_rockets_toward/hyb9ihp/,1645746813.0,1,False,True,False,UkraineInvasionVideos,t5_5wkihl,r/UkraineInvasionVideos,public,,0,[],,1645717998.0,,,
[],False,,Acrobatic-Spirit-585,,,[],,,,text,t2_a1hvxiox,False,False,Fascists,5d62a24183b93b78adc4f0610cb488dd5ce723f3,True,False,,,,,0.0,1645746766,,0.0,{},hyb9ftk,False,t3_t0knhj,False,True,t3_t0knhj,/r/UkraineInvasionVideos/comments/t0knhj/police_on_the_streets_of_moscow_russia_tonight_a/hyb9ftk/,1645746783.0,1,False,True,False,UkraineInvasionVideos,t5_5wkihl,r/UkraineInvasionVideos,public,,0,[],,1645717966.0,,,
[],False,,Dredd005,,,[],,,,text,t2_75rh3sax,False,True,Videos came out after that one and he was still flying in the sky unhindered,01fbae19c5dff8eed846995b229faba4f1da52be,True,False,,,,,0.0,1645746741,,0.0,{},hyb9dn8,True,t3_t0myux,False,True,t1_hyb5f5g,/r/UkraineInvasionVideos/comments/t0myux/ukrainian_fighter_pilot_becomes_an_ace/hyb9dn8/,1645746753.0,1,False,True,False,UkraineInvasionVideos,t5_5wkihl,r/UkraineInvasionVideos,public,,0,[],,1645717941.0,,,
[],False,,Clear_Singer9249,,,[],,,,text,t2_a271iz2r,False,True,"Imagine being one of these cops... what a coward piece of shit you need to be lol.

What a sad excuse for a Man.",a7ea2172dc69179727128583ddc80bd83d074786,True,False,,,,,0.0,1645746705,,0.0,{},hyb9aie,False,t3_t0knhj,False,True,t3_t0knhj,/r/UkraineInvasionVideos/comments/t0knhj/police_on_the_streets_of_moscow_russia_tonight_a/hyb9aie/,1645746716.0,1,False,True,False,UkraineInvasionVideos,t5_5wkihl,r/UkraineInvasionVideos,public,,0,[],,1645717905.0,,,
[],False,,rerwin-rommel,,,[],,,,text,t2_14mpi8,False,False,"Not trucks, APCs. Whats on top of them appears to be pontoon bridges for river crossing.",4c57f7ebdf4ee339264daf11fd4e5b2853e10bbf,True,False,,,,,0.0,1645746414,,0.0,{},hyb8lsl,False,t3_t0njyo,False,True,t1_hyb100j,/r/UkraineInvasionVideos/comments/t0njyo/russian_tanks_military_vehicles_reportedly/hyb8lsl/,1645746433.0,1,False,True,False,UkraineInvasionVideos,t5_5wkihl,r/UkraineInvasionVideos,public,,0,[],,1645717614.0,,,
[],False,,Clear_Singer9249,,,[],,,,text,t2_a271iz2r,False,True,"I hate that we're celebrating this. It means lives were lost.

At least at the hands of the defenders. But still.

Wives will receive word that their husband's are dead, daughters will be raised without a father. It's fucking horrible man.",fc921af4172cdde6a54c2df9cfa8e5d1b2b9236a,True,False,,,,,0.0,1645746350,,0.0,{},hyb8g88,False,t3_t0myux,False,True,t3_t0myux,/r/UkraineInvasionVideos/comments/t0myux/ukrainian_fighter_pilot_becomes_an_ace/hyb8g88/,1645746364.0,1,False,True,False,UkraineInvasionVideos,t5_5wkihl,r/UkraineInvasionVideos,public,,0,[],,1645717550.0,,,
[],False,,Intelligent_Lake_392,,,[],,,,text,t2_jna0ejiv,False,False,They take the don‚Äôt photograph Ukrainian troop movements very seriously and probably delete all that break this rule,6ee1b3f399c5483a6020c44f1ec14affaa002c10,False,False,,,,,0.0,1645746017,,0.0,{},hyb7ny6,False,t3_t03z3o,False,True,t1_hy7kkae,/r/UkraineInvasionVideos/comments/t03z3o/rukraineinvasionvideos_lounge/hyb7ny6/,1645746032.0,1,False,True,False,UkraineInvasionVideos,t5_5wkihl,r/UkraineInvasionVideos,public,,0,[],,1645717217.0,,,
[],False,,Intelligent_Lake_392,,,[],,,,text,t2_jna0ejiv,False,False,It‚Äôs the least defenses Because it‚Äôs irradiated ig,84101073b67814aa17813d401de503522a0e121f,False,False,,,,,0.0,1645745969,,0.0,{},hyb7jwr,False,t3_t03z3o,False,True,t3_t03z3o,/r/UkraineInvasionVideos/comments/t03z3o/rukraineinvasionvideos_lounge/hyb7jwr/,1645745979.0,1,False,True,False,UkraineInvasionVideos,t5_5wkihl,r/UkraineInvasionVideos,public,,0,[],,1645717169.0,,,
[],False,,Intelligent_Lake_392,,,[],,,,text,t2_jna0ejiv,False,False,Because it‚Äôs the least defended path to Kharkiv. Not dirty bombs‚Ä¶‚Ä¶,deb02be80101fbe711d58ba82f9d09d50754fc9b,False,False,,,,,0.0,1645745949,,0.0,{},hyb7i84,False,t3_t03z3o,False,True,t1_hy9ra6i,/r/UkraineInvasionVideos/comments/t03z3o/rukraineinvasionvideos_lounge/hyb7i84/,1645745964.0,1,False,True,False,UkraineInvasionVideos,t5_5wkihl,r/UkraineInvasionVideos,public,,0,[],,1645717149.0,,,
[],False,,Intelligent_Lake_392,,,[],,,,text,t2_jna0ejiv,False,False,Chat,2ced57f125910a9e8ab95deea86e4ad7be418b5a,False,False,,,,,0.0,1645745916,,0.0,{},hyb7fg2,False,t3_t03z3o,False,True,t3_t03z3o,/r/UkraineInvasionVideos/comments/t03z3o/rukraineinvasionvideos_lounge/hyb7fg2/,1645745933.0,1,False,True,False,UkraineInvasionVideos,t5_5wkihl,r/UkraineInvasionVideos,public,,0,[],,1645717116.0,,,
[],False,,Intelligent_Lake_392,,,[],,,,text,t2_jna0ejiv,False,False,Hello char,28b7ae5cf5efaad6ebf6637f8b08430dfd8ddc9f,False,False,,,,,0.0,1645745911,,0.0,{},hyb7f0x,False,t3_t03z3o,False,True,t3_t03z3o,/r/UkraineInvasionVideos/comments/t03z3o/rukraineinvasionvideos_lounge/hyb7f0x/,1645745925.0,1,False,True,False,UkraineInvasionVideos,t5_5wkihl,r/UkraineInvasionVideos,public,,0,[],,1645717111.0,,,
[],False,,Pist0lPetePr0fachi,,,[],,,,text,t2_fh1gart5,False,False,The main man!,2e2143b6e5fb47061f5710415c825dc5808cd439,True,False,,,,,0.0,1645745847,,0.0,{},hyb79rx,False,t3_t0ny27,False,True,t3_t0ny27,/r/UkraineInvasionVideos/comments/t0ny27/the_ghost_of_kyiv_flying_unhindered_he_has_become/hyb79rx/,1645745864.0,1,False,True,False,UkraineInvasionVideos,t5_5wkihl,r/UkraineInvasionVideos,public,,0,[],,1645717047.0,,,
[],False,,punkish138,,,[],,,,text,t2_c4epgz49,False,False,More context?,63a273e00b2df2f7f2bf82427e6e0032ed10a3a5,True,False,,,,,0.0,1645745815,,0.0,{},hyb770q,False,t3_t0ny27,False,True,t3_t0ny27,/r/UkraineInvasionVideos/comments/t0ny27/the_ghost_of_kyiv_flying_unhindered_he_has_become/hyb770q/,1645745825.0,1,False,True,False,UkraineInvasionVideos,t5_5wkihl,r/UkraineInvasionVideos,public,,0,[],,1645717015.0,,,
[],False,,Roger_Freakins,,,[],,,,text,t2_k1mm5ykq,False,False,So sad!,e7bbf31b36f27d263d6b5658ed6c77a69c520f6f,True,False,,,,,0.0,1645745654,,0.0,{},hyb6tco,False,t3_t0l2ow,False,True,t3_t0l2ow,/r/UkraineInvasionVideos/comments/t0l2ow/protestor_being_dragged_away_by_police/hyb6tco/,1645745672.0,1,False,True,False,UkraineInvasionVideos,t5_5wkihl,r/UkraineInvasionVideos,public,,0,[],,1645716854.0,,,
[],False,,JABrookman,,,[],,,,text,t2_566djcxd,False,False,That‚Äôs a fucking children‚Äôs park. I hope these sick fucks burn for this.,ee323ed04fe50d23a237cfb63ecccd49072f2823,True,False,,,,,0.0,1645745471,,0.0,{},hyb6dxx,False,t3_t08ohx,False,True,t3_t08ohx,/r/UkraineInvasionVideos/comments/t08ohx/aftermath_of_russian_artillery_bombing/hyb6dxx/,1645745482.0,1,False,True,False,UkraineInvasionVideos,t5_5wkihl,r/UkraineInvasionVideos,public,,0,[],,1645716671.0,,,
[],False,,AbstractBlueSky,,,[],,,,text,t2_1518b9,False,False,Moebius One vibes,d5636894df02ec470956aa5eb63a7eb21325e5e2,True,False,,,,,0.0,1645745452,,0.0,{},hyb6cbl,False,t3_t0ny27,False,True,t3_t0ny27,/r/UkraineInvasionVideos/comments/t0ny27/the_ghost_of_kyiv_flying_unhindered_he_has_become/hyb6cbl/,1645745467.0,1,False,True,False,UkraineInvasionVideos,t5_5wkihl,r/UkraineInvasionVideos,public,,0,[],,1645716652.0,,,
[],False,,JABrookman,,,[],,,,text,t2_566djcxd,False,False,She remembers Stalins rule. If this continues there will be millions of Russians starving on the streets once again,e03ad99478d87ac8ff4f9e272ccea08cbf7cd1c8,True,False,,,,,0.0,1645745096,,0.0,{},hyb5hy0,False,t3_t0kvyn,False,True,t3_t0kvyn,/r/UkraineInvasionVideos/comments/t0kvyn/an_elderly_woman_detained_by_police_during_anti/hyb5hy0/,1645745109.0,1,False,True,False,UkraineInvasionVideos,t5_5wkihl,r/UkraineInvasionVideos,public,,0,[],,1645716296.0,,,
[],False,,kenpoco,,,[],,,,text,t2_74ogo04h,False,True,I so hope that guy's not dead,95376355ed2a02250523f539fb295bbd4c746d06,True,False,,,,,0.0,1645745065,,0.0,{},hyb5f5g,False,t3_t0myux,False,True,t1_hyavh1b,/r/UkraineInvasionVideos/comments/t0myux/ukrainian_fighter_pilot_becomes_an_ace/hyb5f5g/,1645745078.0,1,False,True,False,UkraineInvasionVideos,t5_5wkihl,r/UkraineInvasionVideos,public,,0,[],,1645716265.0,,,
[],False,,War3agle,,,[],,,,text,t2_6mexv,False,False,This video is from 2016 please remove it,59c806267290470772a25679b51de17230947a53,True,False,,,,,0.0,1645744978,,0.0,{},hyb57nb,False,t3_t0cryd,False,True,t3_t0cryd,/r/UkraineInvasionVideos/comments/t0cryd/russian_paratroopers_landing_on_ukraine/hyb57nb/,1645744996.0,1,False,True,False,UkraineInvasionVideos,t5_5wkihl,r/UkraineInvasionVideos,public,,0,[],,1645716178.0,,,
[],False,,ConfidentPolicy373,,,[],,,,text,t2_7aw8xazs,False,False,WHAT A MAN!!!! GOD BLESS HIM AND HIS FAMILY AS WELL AS ALL THE MEN WHO ARE LEAVING THEIR FAMILY TO FIGHT FOR WHAT THEY BELIEVE IN. BE SAFE SOLDIER,531ef8be6798a71789dc5d64298a6009770cecae,True,False,,,,,0.0,1645744944,,0.0,{},hyb54n7,False,t3_t0dh30,False,True,t3_t0dh30,/r/UkraineInvasionVideos/comments/t0dh30/a_father_who_sent_his_family_to_a_safe_zone_bid/hyb54n7/,1645744957.0,1,False,True,False,UkraineInvasionVideos,t5_5wkihl,r/UkraineInvasionVideos,public,,0,[],,1645716144.0,,,
[],False,,Pist0lPetePr0fachi,,,[],,,,text,t2_fh1gart5,False,False,Ditto. They follow orders like all soldiers.,cc3e1fe455d35db80aa39c6d2302f351e0b74cea,True,False,,,,,0.0,1645744661,,0.0,{},hyb4fl9,False,t3_t0kxck,False,True,t1_hyagqzt,/r/UkraineInvasionVideos/comments/t0kxck/wounded_russian_pow_being_treated_by_an_ukrainian/hyb4fl9/,1645744673.0,1,False,True,False,UkraineInvasionVideos,t5_5wkihl,r/UkraineInvasionVideos,public,,0,[],,1645715861.0,,,
[],False,,AridSwamp,,,[],,,,text,t2_3osys25e,False,False,"Fuck you. Storming the damn Kremlin is what they **should** be doing.

Put a heel to the ministers' heads. Do something! ACTUALLY DO SOMETHING! The French Revolution wasn't done sitting down and telling the tyrants to stop. They marched in and wanted change so they demanded it with the edge of a knife. The American War for Independence started with a **Shot Heard Around The World**, not the **Whiny Bitch Crying For The British To Stop**.

Those ""imbeciles"" that stormed Capitol Hill may have been idiots, but they're idiots that did something for what they believed in in protest and with full weight of the consequences without calling it a day with a fucking [change.org](https://change.org) submission. You want change! Take it! Make it!

And fuck you again.

I hope they kick down the door.",e78056f09def934b6ac27f99b6dafbb465715dae,True,False,,,,,0.0,1645744423,,0.0,{},hyb3uuz,False,t3_t0m3p9,False,True,t1_hyapbwj,/r/UkraineInvasionVideos/comments/t0m3p9/antiwar_protests_are_growing_by_the_minute/hyb3uuz/,1645744434.0,1,False,True,False,UkraineInvasionVideos,t5_5wkihl,r/UkraineInvasionVideos,public,,0,[],,1645715623.0,,,
[],False,,DeadlyChinchilla,,,[],,,,text,t2_m0k5vkn,False,False,The desertic landscape kind of gives it away,a34094740ef55e491175c38086dd94ff6f6f4b59,True,False,,,,,0.0,1645744149,,0.0,{},hyb36bn,False,t3_t094cw,False,True,t1_hy9eizh,/r/UkraineInvasionVideos/comments/t094cw/russian_fighter_jet_is_shot_down_by_ukrainian_air/hyb36bn/,1645744161.0,1,False,True,False,UkraineInvasionVideos,t5_5wkihl,r/UkraineInvasionVideos,public,,0,[],,1645715349.0,,,
[],False,,Dredd005,,,[],,,,text,t2_75rh3sax,False,True,He‚Äôs already a national celebrity. Nothing here about him is new. His videos are everywhere. Limited videos but reposted everywhere,4ecd32bde056e7389f20a2edb3ce6d0a9867cf08,True,False,,,,,0.0,1645744127,,0.0,{},hyb34f9,True,t3_t0ny27,False,False,t1_hyb225n,/r/UkraineInvasionVideos/comments/t0ny27/the_ghost_of_kyiv_flying_unhindered_he_has_become/hyb34f9/,1645744146.0,1,False,True,False,UkraineInvasionVideos,t5_5wkihl,r/UkraineInvasionVideos,public,,0,[],,1645715327.0,,,
[],False,,kshort994,,,[],,,,text,t2_13t92l,False,False,Agreed,7b04d0c8afd1431ad08dfb109fd4f7e85f35c620,True,False,,,,,0.0,1645744084,,0.0,{},hyb30ky,False,t3_t0ny27,False,True,t1_hyb225n,/r/UkraineInvasionVideos/comments/t0ny27/the_ghost_of_kyiv_flying_unhindered_he_has_become/hyb30ky/,1645744100.0,1,False,True,False,UkraineInvasionVideos,t5_5wkihl,r/UkraineInvasionVideos,public,,0,[],,1645715284.0,,,
[],False,,DeepSeaDiver1052,,,[],,,,text,t2_4hb1asio,False,False,That's probably the last time she'll see her dad if things keep going the way they are. üò≠,d14dd5f05d27f78613e6b8f090274d25e4a5ac28,True,False,,,,,0.0,1645743972,,0.0,{},hyb2qha,False,t3_t0dh30,False,True,t3_t0dh30,/r/UkraineInvasionVideos/comments/t0dh30/a_father_who_sent_his_family_to_a_safe_zone_bid/hyb2qha/,1645743989.0,1,False,True,False,UkraineInvasionVideos,t5_5wkihl,r/UkraineInvasionVideos,public,,0,[],,1645715172.0,,,
[],False,,DeepSeaDiver1052,,,[],,,,text,t2_4hb1asio,False,False,Everyone forgets that Russia murders its' citizens and wipes their whole bloodline from the face of the Earth so that no one is brave enough to speak out against them.,c61f8330a31a7549423c479791e4ae92d66a6d70,True,False,,,,,0.0,1645743793,,0.0,{},hyb2a3f,False,t3_t0kvyn,False,True,t3_t0kvyn,/r/UkraineInvasionVideos/comments/t0kvyn/an_elderly_woman_detained_by_police_during_anti/hyb2a3f/,1645743805.0,1,False,True,False,UkraineInvasionVideos,t5_5wkihl,r/UkraineInvasionVideos,public,,0,[],,1645714993.0,,,
[],False,,hduxhevsifvwndid,,,[],,,,text,t2_inyn9ojk,False,False,"Part of the deal was that the us, uk and russia would help them if they were ever attacked in the future. Hoping we'll see us and uk forces any minute now.",6ec56d959b62435791eee32d0dc22ea8c8eb0096,True,False,,,,,0.0,1645743766,,0.0,{},hyb27nr,False,t3_t07vnx,False,True,t3_t07vnx,/r/UkraineInvasionVideos/comments/t07vnx/ukraine_used_to_have_the_3rd_largest_nuclear/hyb27nr/,1645743783.0,1,False,True,False,UkraineInvasionVideos,t5_5wkihl,r/UkraineInvasionVideos,public,,0,[],,1645714966.0,,,
[],False,,1980sTokyo,,,[],,,,text,t2_995yb0jh,False,False,"Delete this. I posted about it and it got some attention so I deleted it, Let‚Äôs keep him as a ghost so Russian trolls don‚Äôt start trying to figure out who he is.",87f4a5d664634622c099446dbc0256875fa074d9,True,False,,,,,0.0,1645743704,,0.0,{},hyb225n,False,t3_t0ny27,False,True,t3_t0ny27,/r/UkraineInvasionVideos/comments/t0ny27/the_ghost_of_kyiv_flying_unhindered_he_has_become/hyb225n/,1645743723.0,1,False,True,False,UkraineInvasionVideos,t5_5wkihl,r/UkraineInvasionVideos,public,,0,[],,1645714904.0,,,
[],False,,Dredd005,,,[],,,,text,t2_75rh3sax,False,True,Will do. I posted one earlier. I found one more. He‚Äôs flying unhindered right now,f099064a02c85263cc16e8451eee577a1f4a6170,True,False,,,,,0.0,1645743391,,0.0,{},hyb1a12,True,t3_t0nssf,False,True,t1_hyb0ugd,/r/UkraineInvasionVideos/comments/t0nssf/the_ghost_of_kyivfighter_pilot_has_become_an_ace/hyb1a12/,1645743407.0,1,False,True,False,UkraineInvasionVideos,t5_5wkihl,r/UkraineInvasionVideos,public,,0,[],,1645714591.0,,,
[],False,,tony2chainz,,,[],,,,text,t2_2ld8c8w4,False,False,What‚Äôs on top of the last two trucks?,b08d7d25e2d11611aa67aa2d03489affae40382d,True,False,,,,,0.0,1645743280,,0.0,{},hyb100j,False,t3_t0njyo,False,True,t3_t0njyo,/r/UkraineInvasionVideos/comments/t0njyo/russian_tanks_military_vehicles_reportedly/hyb100j/,1645743292.0,1,False,True,False,UkraineInvasionVideos,t5_5wkihl,r/UkraineInvasionVideos,public,,0,[],,1645714480.0,,,
[],False,,BlackSheepOfFaithful,,,[],,,,text,t2_dww036xl,False,False,Can we get link so we can watch footage,ab61e406cb00a6f23ebb8d8e35817f5fc4625a05,True,False,,,,,0.0,1645743218,,0.0,{},hyb0ugd,False,t3_t0nssf,False,True,t3_t0nssf,/r/UkraineInvasionVideos/comments/t0nssf/the_ghost_of_kyivfighter_pilot_has_become_an_ace/hyb0ugd/,1645743232.0,1,False,True,False,UkraineInvasionVideos,t5_5wkihl,r/UkraineInvasionVideos,public,,0,[],,1645714418.0,,,
[],False,,bawlsinyojaws91,,,[],,,,text,t2_iajo0jg3,False,False,Private things: posting against opsec and also not even going anywhere,3f0dcb61d8ab69b12ee014801fba798f870f25be,True,False,,,,,0.0,1645742798,,0.0,{},hyazsm4,False,t3_t0l6mc,False,True,t3_t0l6mc,/r/UkraineInvasionVideos/comments/t0l6mc/us_soldiers_on_their_way_to_bulk_up_nato_defenses/hyazsm4/,1645742813.0,1,False,True,False,UkraineInvasionVideos,t5_5wkihl,r/UkraineInvasionVideos,public,,0,[],,1645713998.0,,,
[],False,,Unkn0wn_Ace,,,[],,,,text,t2_zvmwf,False,False,5 or 6 cops to arrest a defenseless old woman.,b83f598464539b8e5e0b5ed8a06921f1bddf8e8d,True,False,,,,,0.0,1645741864,,0.0,{},hyaxfp4,False,t3_t0kvyn,False,True,t3_t0kvyn,/r/UkraineInvasionVideos/comments/t0kvyn/an_elderly_woman_detained_by_police_during_anti/hyaxfp4/,1645741878.0,1,False,True,False,UkraineInvasionVideos,t5_5wkihl,r/UkraineInvasionVideos,public,,0,[],,1645713064.0,,,
[],False,,JFeldhaus,,,[],,,,text,t2_6t93c,False,False,"&gt;A flying ace, fighter ace or air ace is a military aviator credited with shooting down five or more enemy aircraft during aerial combat.

So you don't have to google.",8624494567262c0c3b02f6031553e033055eb247,True,False,,,,,0.0,1645741845,,0.0,{},hyaxdv2,False,t3_t0myux,False,True,t3_t0myux,/r/UkraineInvasionVideos/comments/t0myux/ukrainian_fighter_pilot_becomes_an_ace/hyaxdv2/,1645741862.0,1,False,True,False,UkraineInvasionVideos,t5_5wkihl,r/UkraineInvasionVideos,public,,0,[],,1645713045.0,,,
[],False,,polialt,,,[],,,,text,t2_11lejn,False,False,"Be careful, sometimes he uses disguises. Not above using black face.",3d3c3d7efafdd1437d5a003bed0f579947c804ef,True,False,,,,,0.0,1645741696,,0.0,{},hyax0c6,False,t3_t0knhj,False,True,t1_hyap63g,/r/UkraineInvasionVideos/comments/t0knhj/police_on_the_streets_of_moscow_russia_tonight_a/hyax0c6/,1645741715.0,1,False,True,False,UkraineInvasionVideos,t5_5wkihl,r/UkraineInvasionVideos,public,,0,[],,1645712896.0,,,
[],False,,silenceofthetrains,,,[],,,,text,t2_ikq6zcc6,False,False,How do you expect this will be a world war. The only way it will be a world war is if NATO intervenes. Other than that people will forget about it after the next variant.,7afb0620fefc02452a5fba64fc6f3565ca3e2602,True,False,,,,,0.0,1645741139,,0.0,{},hyavkb6,False,t3_t0m1g9,False,True,t1_hyas6wt,/r/UkraineInvasionVideos/comments/t0m1g9/i_am_a_russian_military_man_you_can_ask_me_a/hyavkb6/,1645741162.0,1,False,True,False,UkraineInvasionVideos,t5_5wkihl,r/UkraineInvasionVideos,public,,0,[],,1645712339.0,,,
[],False,,1980sTokyo,,,[],,,,text,t2_995yb0jh,False,False,Is this the guy on the MiG-29 that chased a Russian Su-35 that was flying low?,18a408a7b9f1528829dd94f5f6a32011add30ebd,True,False,,,,,0.0,1645741105,,0.0,{},hyavh1b,False,t3_t0myux,False,True,t3_t0myux,/r/UkraineInvasionVideos/comments/t0myux/ukrainian_fighter_pilot_becomes_an_ace/hyavh1b/,1645741119.0,1,False,True,False,UkraineInvasionVideos,t5_5wkihl,r/UkraineInvasionVideos,public,,0,[],,1645712305.0,,,
[],False,,lionelporonga,,,[],,,,text,t2_3g4u30hd,False,False,Time for piranha attacks on these pigs. There‚Äôs only a few of them.,a36f78a2928b0f71da9dd1eb27b3ad3e0167a5e5,True,False,,,,,0.0,1645740752,,0.0,{},hyauk3u,False,t3_t0l2ow,False,True,t3_t0l2ow,/r/UkraineInvasionVideos/comments/t0l2ow/protestor_being_dragged_away_by_police/hyauk3u/,1645740770.0,1,False,True,False,UkraineInvasionVideos,t5_5wkihl,r/UkraineInvasionVideos,public,,0,[],,1645711952.0,,,
[],False,,HornyBishop,,,[],,,,text,t2_2qfz8j14,False,False,Fake video.,4a4e0e29c271f23a7d8718e58fe1006d31462544,True,False,,,,,0.0,1645740641,,0.0,{},hyau9n8,False,t3_t0boaa,False,True,t3_t0boaa,/r/UkraineInvasionVideos/comments/t0boaa/sad_departure_from_two_lovers/hyau9n8/,1645740653.0,1,False,True,False,UkraineInvasionVideos,t5_5wkihl,r/UkraineInvasionVideos,public,,0,[],,1645711841.0,,,
[],False,,HornyBishop,,,[],,,,text,t2_2qfz8j14,False,False,No he still hiding.,e9e06a6c0fbddd3463ab9ce0522cf616a1c4876b,True,False,,,,,0.0,1645740626,,0.0,{},hyau8be,False,t3_t0knhj,False,True,t1_hyap63g,/r/UkraineInvasionVideos/comments/t0knhj/police_on_the_streets_of_moscow_russia_tonight_a/hyau8be/,1645740645.0,1,False,True,False,UkraineInvasionVideos,t5_5wkihl,r/UkraineInvasionVideos,public,,0,[],,1645711826.0,,,
[],False,,accualy_is_gooby,,,[],,,,text,t2_fr7x8,False,False,"Seeing as how no ‚Äúcapable military‚Äù was able to stop the Taliban, I don‚Äôt think there would be too much of a problem",5f2d81705bd209f00b49606d018032f8ab0ecd1d,True,False,,,,,0.0,1645740438,,0.0,{},hyatqsk,False,t3_t0l6mc,False,True,t1_hyajgtm,/r/UkraineInvasionVideos/comments/t0l6mc/us_soldiers_on_their_way_to_bulk_up_nato_defenses/hyatqsk/,1645740456.0,1,False,True,False,UkraineInvasionVideos,t5_5wkihl,r/UkraineInvasionVideos,public,,0,[],,1645711638.0,,,
[],False,,Material-Barracuda75,,,[],,,,text,t2_539ecygp,False,False,"Everyone is negative about it, no one wants to fight",5815782c30ca908f1d3eef241153898f86a608d3,True,False,,,,,0.0,1645740190,,0.0,{},hyat3e7,True,t3_t0m1g9,False,True,t1_hyasf9j,/r/UkraineInvasionVideos/comments/t0m1g9/i_am_a_russian_military_man_you_can_ask_me_a/hyat3e7/,1645740207.0,1,False,True,False,UkraineInvasionVideos,t5_5wkihl,r/UkraineInvasionVideos,public,,0,[],,1645711390.0,,,
[],False,,punkish138,,,[],,,,text,t2_c4epgz49,False,False,How do your fellow soldiers feel about the invasion?,c4409ba7b6d07c40076d0f84a05870b1fd12b4d6,True,False,,,,,0.0,1645739941,,0.0,{},hyasf9j,False,t3_t0m1g9,False,True,t3_t0m1g9,/r/UkraineInvasionVideos/comments/t0m1g9/i_am_a_russian_military_man_you_can_ask_me_a/hyasf9j/,1645739957.0,1,False,True,False,UkraineInvasionVideos,t5_5wkihl,r/UkraineInvasionVideos,public,,0,[],,1645711141.0,,,
[],False,,SnooOwls5859,,,[],,,,text,t2_725hs1ac,False,False,Bull shit. Sorry man but this is obvious propaganda. I hope you get what's coming to you. Freedom for Ukraine,ebce2d080a53b301b5719dbbf2ade01f1ab68e44,True,False,,,,,0.0,1645739889,,0.0,{},hyasa56,False,t3_t0m1g9,False,True,t1_hyaru66,/r/UkraineInvasionVideos/comments/t0m1g9/i_am_a_russian_military_man_you_can_ask_me_a/hyasa56/,1645739900.0,1,False,True,False,UkraineInvasionVideos,t5_5wkihl,r/UkraineInvasionVideos,public,,0,[],,1645711089.0,,,
[],False,,Material-Barracuda75,,,[],,,,text,t2_539ecygp,False,False,"The operation will not go further than Ukraine, all countries that are in NATO will not suffer as the Third World War will begin. We don't need Ukraine at all, we need to protect the Crimea of the DPR and the LPR",0525d39e9f09f30e8eea96444684992f2d1db9a7,True,False,,,,,0.0,1645739855,,0.0,{},hyas6wt,True,t3_t0m1g9,False,False,t1_hyarvl7,/r/UkraineInvasionVideos/comments/t0m1g9/i_am_a_russian_military_man_you_can_ask_me_a/hyas6wt/,1645739869.0,1,False,True,False,UkraineInvasionVideos,t5_5wkihl,r/UkraineInvasionVideos,public,,0,[],,1645711055.0,,,
[],False,,silenceofthetrains,,,[],,,,text,t2_ikq6zcc6,False,False,"How does this end in your mind?

Renaming Ukraine to smallRussia? Who's next? Poland? The Baltics?",3b1fe9578ca1364e5249cd1a507943f23ff68eeb,True,False,,,,,0.0,1645739741,,0.0,{},hyarvl7,False,t3_t0m1g9,False,True,t3_t0m1g9,/r/UkraineInvasionVideos/comments/t0m1g9/i_am_a_russian_military_man_you_can_ask_me_a/hyarvl7/,1645739759.0,1,False,True,False,UkraineInvasionVideos,t5_5wkihl,r/UkraineInvasionVideos,public,,0,[],,1645710941.0,,,
[],False,,Material-Barracuda75,,,[],,,,text,t2_539ecygp,False,False,"If we talk about this, we need to look from different sides, the war has been going on since 2014, the DPR and the LPR were destroyed, I believe that the recognition of these republics was necessary, but attacking Ukraine is too harsh a measure. Search the Internet for the ""AZOV battalion"", after you read about it, you will understand that the aggression from the very beginning came from Ukraine",cc6b2e4ea25cc5f017edcaf828390005c662b945,True,False,,,,,0.0,1645739727,,0.0,{},hyaru66,True,t3_t0m1g9,False,True,t1_hyar7re,/r/UkraineInvasionVideos/comments/t0m1g9/i_am_a_russian_military_man_you_can_ask_me_a/hyaru66/,1645739743.0,1,False,True,False,UkraineInvasionVideos,t5_5wkihl,r/UkraineInvasionVideos,public,,0,[],,1645710927.0,,,
[],False,,SnooOwls5859,,,[],,,,text,t2_725hs1ac,False,False,Do you feel ashamed?,c6002d0268bef5e2657a5d56ab360b9cf55b220a,True,False,,,,,0.0,1645739494,,0.0,{},hyar7re,False,t3_t0m1g9,False,True,t3_t0m1g9,/r/UkraineInvasionVideos/comments/t0m1g9/i_am_a_russian_military_man_you_can_ask_me_a/hyar7re/,1645739512.0,1,False,True,False,UkraineInvasionVideos,t5_5wkihl,r/UkraineInvasionVideos,public,,0,[],,1645710694.0,,,
[],False,,Material-Barracuda75,,,[],,,,text,t2_539ecygp,False,False,&gt;Any that will be needed,7f8122ada1ee5ef0aca48d7433df26642a952d0d,True,False,,,,,0.0,1645739067,,0.0,{},hyaq11a,True,t3_t0m1g9,False,True,t1_hyapvvd,/r/UkraineInvasionVideos/comments/t0m1g9/i_am_a_russian_military_man_you_can_ask_me_a/hyaq11a/,1645739082.0,1,False,True,False,UkraineInvasionVideos,t5_5wkihl,r/UkraineInvasionVideos,public,,0,[],,1645710267.0,,,
[],False,,Tokebekicitt,,,[],,,,text,t2_amsdthzd,False,False,Can we get some some kind of proofs?,6da7a16b7418e16ddd2a8b18ff3080c4ae36f6f5,True,False,,,,,0.0,1645739015,,0.0,{},hyapvvd,False,t3_t0m1g9,False,True,t3_t0m1g9,/r/UkraineInvasionVideos/comments/t0m1g9/i_am_a_russian_military_man_you_can_ask_me_a/hyapvvd/,1645739027.0,1,False,True,False,UkraineInvasionVideos,t5_5wkihl,r/UkraineInvasionVideos,public,,0,[],,1645710215.0,,,
[],False,,kshort994,,,[],,,,text,t2_13t92l,False,False,Hand over your weapons to the Ukranians and stop killing civilians you twats.,ec6d377d51cb770db84b382e497f4397a386d1b6,True,False,,,,,0.0,1645739015,,0.0,{},hyapvva,False,t3_t0m1g9,False,True,t3_t0m1g9,/r/UkraineInvasionVideos/comments/t0m1g9/i_am_a_russian_military_man_you_can_ask_me_a/hyapvva/,1645739027.0,1,False,True,False,UkraineInvasionVideos,t5_5wkihl,r/UkraineInvasionVideos,public,,0,[],,1645710215.0,,,
[],False,,abrasiveteapot,,,[],,,,text,t2_11vtif,False,False,Ukrainian forces have regained this airport,a83d3153daedadf6b85ae4020fd8bf79a7d3b2c9,True,False,,,,,0.0,1645738912,,0.0,{},hyaplhy,False,t3_t0cfug,False,True,t3_t0cfug,/r/UkraineInvasionVideos/comments/t0cfug/russian_airborne_troops_have_captured_the_antonov/hyaplhy/,1645738924.0,1,False,True,False,UkraineInvasionVideos,t5_5wkihl,r/UkraineInvasionVideos,public,,0,[],,1645710112.0,,,
[],False,,1980sTokyo,,,[],,,,text,t2_995yb0jh,False,False,This is what a protest should look like. Power to the people. Not like the imbeciles who stormed the capital and called it patriotic. Power to the Russian people!,c548d40075ec4e8d14d28c25de8a8d5df54788e7,True,False,,,,,0.0,1645738818,,0.0,{},hyapbwj,False,t3_t0m3p9,False,True,t3_t0m3p9,/r/UkraineInvasionVideos/comments/t0m3p9/antiwar_protests_are_growing_by_the_minute/hyapbwj/,1645738829.0,1,False,True,False,UkraineInvasionVideos,t5_5wkihl,r/UkraineInvasionVideos,public,,0,[],,1645710018.0,,,
[],False,,Material-Barracuda75,,,[],,,,text,t2_539ecygp,False,False,becoming a military man in Russia is not as difficult as in any other countries,1742bd50772db0a691ba2afa72e72e52c076f9b4,True,False,,,,,0.0,1645738809,,0.0,{},hyapb1z,True,t3_t0m1g9,False,True,t1_hyaoxh6,/r/UkraineInvasionVideos/comments/t0m1g9/i_am_a_russian_military_man_you_can_ask_me_a/hyapb1z/,1645738822.0,1,False,True,False,UkraineInvasionVideos,t5_5wkihl,r/UkraineInvasionVideos,public,,0,[],,1645710009.0,,,
[],False,,basolOlosab,,,[],,,,text,t2_4fgts11g,False,False,Anybody seen Trudeau?...?,698fa3a32f6808ae9963c9a61b70ead97b2e3ccc,True,False,,,,,0.0,1645738760,,0.0,{},hyap63g,False,t3_t0knhj,False,True,t3_t0knhj,/r/UkraineInvasionVideos/comments/t0knhj/police_on_the_streets_of_moscow_russia_tonight_a/hyap63g/,1645738775.0,1,False,True,False,UkraineInvasionVideos,t5_5wkihl,r/UkraineInvasionVideos,public,,0,[],,1645709960.0,,,
[],False,,jeffiejeff,,,[],,,,text,t2_jtut0v3x,False,False,Maybe they couldn't get a target lock being so close.,5e815745aaef63c53f158b99f79361c484cbf077,True,False,,,,,0.0,1645738712,,0.0,{},hyap19v,False,t3_t0br1f,False,True,t1_hy9og01,/r/UkraineInvasionVideos/comments/t0br1f/ukrainian_mig29_lowflying_is_taking_on_a_russian/hyap19v/,1645738730.0,1,False,True,False,UkraineInvasionVideos,t5_5wkihl,r/UkraineInvasionVideos,public,,0,[],,1645709912.0,,,
[],False,,gameld,,,[],,,,text,t2_cni8g,False,False,I don't believe you 1-year account with this being your only post.,7b2d2e570b3db2eed29b099a4e3356641c5e9833,True,False,,,,,0.0,1645738670,,0.0,{},hyaoxh6,False,t3_t0m1g9,False,True,t3_t0m1g9,/r/UkraineInvasionVideos/comments/t0m1g9/i_am_a_russian_military_man_you_can_ask_me_a/hyaoxh6/,1645738684.0,1,False,True,False,UkraineInvasionVideos,t5_5wkihl,r/UkraineInvasionVideos,public,,0,[],,1645709870.0,,,
[],False,,404operatorerror,,,[],,,,text,t2_41wh2bcy,False,False,When diplomacy is torture war is inevitable,dbf85d52ad46a9ac1979af1ffd9af897ea61a72f,True,False,,,,,0.0,1645738293,,0.0,{},hyanx62,False,t3_t080qe,False,True,t3_t080qe,/r/UkraineInvasionVideos/comments/t080qe/putin_warns_western_nations_not_to_interfere_as/hyanx62/,1645738308.0,1,False,True,False,UkraineInvasionVideos,t5_5wkihl,r/UkraineInvasionVideos,public,,0,[],,1645709493.0,,,
[],False,,STL1971,,,[],,,,text,t2_9vt4w5av,False,False,Why are you posting obviously fake/outdated/out-of-context videos on here?,d6b6faf2f593f26caa7ba0bca684c37932741663,True,False,,,,,0.0,1645738277,,0.0,{},hyanvnk,False,t3_t050v6,False,True,t3_t050v6,/r/UkraineInvasionVideos/comments/t050v6/russian_bombers_and_fighter_jets/hyanvnk/,1645738292.0,1,False,True,False,UkraineInvasionVideos,t5_5wkihl,r/UkraineInvasionVideos,public,,0,[],,1645709477.0,,,
[],False,,OHJ33per,,,[],,,,text,t2_7svk4w6b,False,False,Both aircraft are MiG-29s. Likely both Ukrainian out on a CAP or fleeing an airbase,f2702bb2c8631697c5016bae595298c08f7db911,True,False,,,,,0.0,1645738183,,0.0,{},hyanmkw,False,t3_t0br1f,False,True,t3_t0br1f,/r/UkraineInvasionVideos/comments/t0br1f/ukrainian_mig29_lowflying_is_taking_on_a_russian/hyanmkw/,1645738199.0,1,False,True,False,UkraineInvasionVideos,t5_5wkihl,r/UkraineInvasionVideos,public,,0,[],,1645709383.0,,,
[],False,,ccampbell541,,,[],,,,text,t2_862vzjzr,False,False,Russian pigs,869115d227084e5c9d194d320d8b924cbe307be1,True,False,,,,,0.0,1645737858,,0.0,{},hyamqfr,False,t3_t0l2ow,False,False,t3_t0l2ow,/r/UkraineInvasionVideos/comments/t0l2ow/protestor_being_dragged_away_by_police/hyamqfr/,1645737876.0,1,False,True,False,UkraineInvasionVideos,t5_5wkihl,r/UkraineInvasionVideos,public,,0,[],,1645709058.0,,,
[],False,,snokeflake,,,[],,,,text,t2_kfnpo,False,False,UPDATE!!!! This is not real. Dude is live right now playing CoD in his fucking barracks,ac6337dd5942948fc15f8069239734eea2a3a7bc,True,False,,,,,0.0,1645737815,,0.0,{},hyammc1,False,t3_t0l6mc,False,True,t3_t0l6mc,/r/UkraineInvasionVideos/comments/t0l6mc/us_soldiers_on_their_way_to_bulk_up_nato_defenses/hyammc1/,1645737830.0,1,False,True,False,UkraineInvasionVideos,t5_5wkihl,r/UkraineInvasionVideos,public,,0,[],,1645709015.0,,,
[],False,,ConstipatedUnicorn,,,[],,,,text,t2_h91qf,False,False,Fuckin hell.  Should have mobbed them fuckers. If they won't join the protest against this atrocity then they are part of the problem.,91cd495d339e6a51c0cda6d5d27a6fe65e69fef5,True,False,,,,,0.0,1645737793,,0.0,{},hyamkbm,False,t3_t0l2ow,False,True,t3_t0l2ow,/r/UkraineInvasionVideos/comments/t0l2ow/protestor_being_dragged_away_by_police/hyamkbm/,1645737806.0,1,False,True,False,UkraineInvasionVideos,t5_5wkihl,r/UkraineInvasionVideos,public,,0,[],,1645708993.0,,,
[],False,,gameld,,,[],,,,text,t2_cni8g,False,False,"Please remove this. Just like the troop movements, civilian shelters can be targets.",4bfec8c2cb290a85e2543e802181ecc6db4421ac,True,False,,,,,0.0,1645737665,,0.0,{},hyam816,False,t3_t0lkzu,False,True,t3_t0lkzu,/r/UkraineInvasionVideos/comments/t0lkzu/hundreds_of_people_including_many_women_and/hyam816/,1645737679.0,1,False,True,False,UkraineInvasionVideos,t5_5wkihl,r/UkraineInvasionVideos,public,,0,[],,1645708865.0,,,
[],False,,DollPartsSquarePants,,,[],,,,text,t2_jcmjalhk,False,False,He's lost his mind.,eac9e3298bcb570365b5ca15cdfc91a6db51fe9a,True,False,,,,,0.0,1645737637,,0.0,{},hyam5a3,False,t3_t080qe,False,True,t3_t080qe,/r/UkraineInvasionVideos/comments/t080qe/putin_warns_western_nations_not_to_interfere_as/hyam5a3/,1645737649.0,1,False,True,False,UkraineInvasionVideos,t5_5wkihl,r/UkraineInvasionVideos,public,,0,[],,1645708837.0,,,
[],False,,snokeflake,,,[],,,,text,t2_kfnpo,False,False,Posting troop movement for the clout. Kid didn‚Äôt listen in the opsec brief.,c167a0bf49d41ff12f9eaec1da318e1ecd288058,True,False,,,,,0.0,1645736970,,0.0,{},hyakc1e,False,t3_t0l6mc,False,True,t3_t0l6mc,/r/UkraineInvasionVideos/comments/t0l6mc/us_soldiers_on_their_way_to_bulk_up_nato_defenses/hyakc1e/,1645736981.0,1,False,True,False,UkraineInvasionVideos,t5_5wkihl,r/UkraineInvasionVideos,public,,0,[],,1645708170.0,,,
[],False,,AlexOfBrennenturd,,,[],,,,text,t2_14hgp0,False,False,Thise police ar slaves! Keep protesting!!,0e09b73dfbd2ada5771f46ff5a5d151cb4b29066,True,False,,,,,0.0,1645736757,,0.0,{},hyajrmz,False,t3_t0l2ow,False,True,t3_t0l2ow,/r/UkraineInvasionVideos/comments/t0l2ow/protestor_being_dragged_away_by_police/hyajrmz/,1645736771.0,1,False,True,False,UkraineInvasionVideos,t5_5wkihl,r/UkraineInvasionVideos,public,,0,[],,1645707957.0,,,
[],False,,PToN_rM,,,[],,,,text,t2_15ogg4,False,False,Lol poor guys. They've never been in combat with any capable military...,7b7c9ab446a857afe16f8459f4c6d95bebadee28,True,False,,,,,0.0,1645736648,,0.0,{},hyajgtm,False,t3_t0l6mc,False,True,t3_t0l6mc,/r/UkraineInvasionVideos/comments/t0l6mc/us_soldiers_on_their_way_to_bulk_up_nato_defenses/hyajgtm/,1645736662.0,1,False,True,False,UkraineInvasionVideos,t5_5wkihl,r/UkraineInvasionVideos,public,,0,[],,1645707848.0,True,,
[],False,,snokeflake,,,[],,,,text,t2_kfnpo,False,False,They look like T-64. Ukrainian. Whole company of them. The narrower clam shell makes me think that. Pls correct me if I‚Äôm wrong.,7570179c261b0b1940e3a0c3e8a7998974f6f124,True,False,,,,,0.0,1645736624,,0.0,{},hyajegg,False,t3_t0bsu8,False,True,t1_hy8repy,/r/UkraineInvasionVideos/comments/t0bsu8/column_of_destroyed_and_abandoned_tanks_in/hyajegg/,1645736637.0,1,False,True,False,UkraineInvasionVideos,t5_5wkihl,r/UkraineInvasionVideos,public,,0,[],,1645707824.0,,,
[],False,,snokeflake,,,[],,,,text,t2_kfnpo,False,False,We got an accurate BDA on Vics and forces right now? I mean as accurate as open source during an invasion can get us?,2503bf3c90b5516ac251c749548670ec7f729209,True,False,,,,,0.0,1645735660,,0.0,{},hyags14,False,t3_t0bsu8,False,True,t3_t0bsu8,/r/UkraineInvasionVideos/comments/t0bsu8/column_of_destroyed_and_abandoned_tanks_in/hyags14/,1645735677.0,1,False,True,False,UkraineInvasionVideos,t5_5wkihl,r/UkraineInvasionVideos,public,,0,[],,1645706860.0,,,
[],False,,1980sTokyo,,,[],,,,text,t2_995yb0jh,False,False,"Poor guy, both sides should treat wounded equally and with care. Once a soldier can‚Äôt fight it is ethical and humanitarian duty to assist them. If someone kills a soldier who has given up I hope they go straight to hell.",2e3738e3c3395dfa1b98d1bf8a29719d2783b5d9,True,False,,,,,0.0,1645735650,,0.0,{},hyagqzt,False,t3_t0kxck,False,True,t3_t0kxck,/r/UkraineInvasionVideos/comments/t0kxck/wounded_russian_pow_being_treated_by_an_ukrainian/hyagqzt/,1645735661.0,1,False,True,False,UkraineInvasionVideos,t5_5wkihl,r/UkraineInvasionVideos,public,,0,[],,1645706850.0,,,
[],False,,B696B,,,[],,,,text,t2_9javpsom,False,False,damn bro this is sad to watch,90178c42d1925a4b2563c9ef91b9d18e429e2ce0,True,False,,,,,0.0,1645735136,,0.0,{},hyafcw4,False,t3_t0dh30,False,False,t3_t0dh30,/r/UkraineInvasionVideos/comments/t0dh30/a_father_who_sent_his_family_to_a_safe_zone_bid/hyafcw4/,1645735154.0,1,False,True,False,UkraineInvasionVideos,t5_5wkihl,r/UkraineInvasionVideos,public,,0,[],,1645706336.0,,,
[],False,,Little-Frosting-5969,,,[],,,,text,t2_9p1tlbpg,False,False,Ok..,1e93f24b236060bdf604f79e8d0aad5983ff1e36,True,False,,,,,0.0,1645734496,,0.0,{},hyadmgd,False,t3_t0ac1v,False,True,t3_t0ac1v,/r/UkraineInvasionVideos/comments/t0ac1v/be_very_careful_about_what_your_posting_please/hyadmgd/,1645734511.0,1,False,True,False,UkraineInvasionVideos,t5_5wkihl,r/UkraineInvasionVideos,public,,0,[],,1645705696.0,,,
[],False,,Diehard129,,,[],,,,text,t2_bm5is3o,False,False,"He is a hero.

This applies to all Ukrainian soldiers fighting for their freedom.",106ad83787b31050cbc00523cbae593b8367ee8d,True,False,,,,,0.0,1645734273,,0.0,{},hyad0nr,False,t3_t0dh30,False,True,t3_t0dh30,/r/UkraineInvasionVideos/comments/t0dh30/a_father_who_sent_his_family_to_a_safe_zone_bid/hyad0nr/,1645734286.0,2,False,True,False,UkraineInvasionVideos,t5_5wkihl,r/UkraineInvasionVideos,public,,0,[],,1645705473.0,,,
[],False,,Demrezel,,,[],,,,text,t2_g963upy3,False,True,"this isn't really what this sub is for, sorry",c4e96d1b0d7f10b1830d31eec7afa34685f77c72,True,False,,,,,0.0,1645733647,,0.0,{},hyabbmz,False,t3_t0ep5b,False,True,t3_t0ep5b,/r/UkraineInvasionVideos/comments/t0ep5b/america_trying_to_help_ukraine_from_another/hyabbmz/,1645733659.0,1,False,True,False,UkraineInvasionVideos,t5_5wkihl,r/UkraineInvasionVideos,public,,0,[],,1645704847.0,,,
[],False,,[deleted],,,,,,dark,,,,,[deleted],228f7d207920fb84335fac5b2b06ed7b472ece9e,True,False,,,,,0.0,1645733632,,0.0,{},hyaba6i,False,t3_t0e7u7,False,True,t3_t0e7u7,/r/UkraineInvasionVideos/comments/t0e7u7/currently_russia_has_managed_to_gain_air/hyaba6i/,1645733651.0,1,False,True,False,UkraineInvasionVideos,t5_5wkihl,r/UkraineInvasionVideos,public,,0,[],,1645704832.0,,,
[],False,,AirCav25,,,[],,,,text,t2_neo9c,False,False,This was in Libya.  Don't post BS.,7321aec91f69a71764c1a72e179d94108a7d97be,True,False,,,,,0.0,1645733582,,0.0,{},hyab5b4,False,t3_t094cw,False,True,t3_t094cw,/r/UkraineInvasionVideos/comments/t094cw/russian_fighter_jet_is_shot_down_by_ukrainian_air/hyab5b4/,1645733596.0,1,False,True,False,UkraineInvasionVideos,t5_5wkihl,r/UkraineInvasionVideos,public,,0,[],,1645704782.0,,,
[],False,,iriefuse024,,,[],,,,text,t2_d5n0q,False,False,This is incredible if true,1e850ba8f2e3a0f1527f88549b3e759bd1bc274f,True,False,,,,,0.0,1645733243,,0.0,{},hyaa8i2,False,t3_t0br1f,False,True,t3_t0br1f,/r/UkraineInvasionVideos/comments/t0br1f/ukrainian_mig29_lowflying_is_taking_on_a_russian/hyaa8i2/,1645733255.0,1,False,True,False,UkraineInvasionVideos,t5_5wkihl,r/UkraineInvasionVideos,public,,0,[],,1645704443.0,,,
[],False,,[deleted],,,,,,dark,,,,,[removed],fe993932d6dced4c0a879e9aa5d7a6e0fbb467f5,True,False,,,,,0.0,1645732316,,0.0,{},hya7r7n,False,t3_t0cl9z,False,True,t3_t0cl9z,/r/UkraineInvasionVideos/comments/t0cl9z/ukrainians_are_stuck_and_have_no_where_to_go/hya7r7n/,1645732334.0,1,False,True,False,UkraineInvasionVideos,t5_5wkihl,r/UkraineInvasionVideos,public,,0,[],,1645703516.0,,,
[],False,,Lalayon0882,,,[],,,,text,t2_5i3xyja2,False,False,Excellent. Thank you for posting this man. I‚Äôll use it myself to rectify peoples misconceptions on it as well.,35b2f83b8dce7290a08e6bb09a6a7072d19040bc,True,False,,,,,0.0,1645732090,,0.0,{},hya75fc,False,t3_t094cw,False,True,t1_hya6wgl,/r/UkraineInvasionVideos/comments/t094cw/russian_fighter_jet_is_shot_down_by_ukrainian_air/hya75fc/,1645732101.0,1,False,True,False,UkraineInvasionVideos,t5_5wkihl,r/UkraineInvasionVideos,public,,0,[],,1645703290.0,,,
[],False,,lordqaz,,,[],,,,text,t2_6997o,False,False,https://www.reuters.com/article/factcheck-ukraine-russia/fact-check-footage-of-downed-plane-was-filmed-in-libya-idUSL1N2UZ2Z5,62101da188f34d7fc4a7ee5817cf468fb8a4ef16,True,False,,,,,0.0,1645731995,,0.0,{},hya6wgl,False,t3_t094cw,False,True,t1_hy9esb8,/r/UkraineInvasionVideos/comments/t094cw/russian_fighter_jet_is_shot_down_by_ukrainian_air/hya6wgl/,1645732008.0,1,False,True,False,UkraineInvasionVideos,t5_5wkihl,r/UkraineInvasionVideos,public,,0,[],,1645703195.0,,,
[],False,,Eyesinside,,,[],,,,text,t2_wk3am,False,False,Fuck Putin,742a3c5afa6b8cff92f0b8f87b34d6e4e90c7606,False,False,,,,,0.0,1645730172,,0.0,{},hya22sx,False,t3_t03z3o,False,True,t3_t03z3o,/r/UkraineInvasionVideos/comments/t03z3o/rukraineinvasionvideos_lounge/hya22sx/,1645730186.0,1,False,True,False,UkraineInvasionVideos,t5_5wkihl,r/UkraineInvasionVideos,public,,0,[],,1645701372.0,,,
[],,,Intelligent_Lake_392,,,[],,,,text,t2_jna0ejiv,False,False,Really?,,,,,,,,,1645728276,,,{},hy9x1o8,False,t3_t0dzsv,False,True,t3_t0dzsv,/r/UkraineInvasionVideos/comments/t0dzsv/usa_javelin_in_action_against_russian_armored/hy9x1o8/,,1,,True,False,UkraineInvasionVideos,t5_5wkihl,,,,0,[],,1645699476.0,,[],1653389799.0
[],,,Then_Kale_3080,,,[],,,,text,t2_8hbmqmer,False,False,Cause of dirty bombs,,,,,,,,,1645727480,,,{},hy9uxzl,False,t3_t03z3o,False,True,t3_t03z3o,/r/UkraineInvasionVideos/comments/t03z3o/rukraineinvasionvideos_lounge/hy9uxzl/,,1,,True,False,UkraineInvasionVideos,t5_5wkihl,,,,0,[],,1645698680.0,,[],1653383026.0
[],,,Elmer_Omero_,,,[],,,,text,t2_hlw4z2gb,False,False,So fucking sad,,,,,,,,,1645726338,,,{},hy9rw3v,False,t3_t0dh30,False,False,t3_t0dh30,/r/UkraineInvasionVideos/comments/t0dh30/a_father_who_sent_his_family_to_a_safe_zone_bid/hy9rw3v/,,7,,True,False,UkraineInvasionVideos,t5_5wkihl,,,,0,[],,1645697538.0,,[],1653373192.0
[],,,Microrevolution,,,[],,,,text,t2_wpf2q15,False,False,why are they so interested in chernobyl nuclear power plant?,,,,,,,,,1645726108,,,{},hy9ra6i,False,t3_t03z3o,False,False,t3_t03z3o,/r/UkraineInvasionVideos/comments/t03z3o/rukraineinvasionvideos_lounge/hy9ra6i/,,1,,True,False,UkraineInvasionVideos,t5_5wkihl,,,,0,[],,1645697308.0,,[],1653371035.0
[],,,DisappointingPanda,,,[],,,,text,t2_3nj8lbid,False,False,What city is this?,,,,,,,,,1645725917,,,{},hy9qry8,False,t3_t0e7u7,False,True,t3_t0e7u7,/r/UkraineInvasionVideos/comments/t0e7u7/currently_russia_has_managed_to_gain_air/hy9qry8/,,1,,True,False,UkraineInvasionVideos,t5_5wkihl,,,,0,[],,1645697117.0,,[],1653369468.0
[],,,GibtEsKeinenGott,,,[],,,,text,t2_sihmy,False,False,Half the videos here are many years old and from different conflicts and they keep being upvoted.,,,,,,,,,1645725725,,,{},hy9q9lu,False,t3_t0cryd,False,False,t1_hy9ommt,/r/UkraineInvasionVideos/comments/t0cryd/russian_paratroopers_landing_on_ukraine/hy9q9lu/,,7,,True,False,UkraineInvasionVideos,t5_5wkihl,,,,0,[],,1645696925.0,,[],1653367644.0
[],,,ldeakin,,,[],,,,text,t2_2r6yr2u1,False,False,What‚Äôs next after Ukraine? You guys think they just stop?,,,,,,,,,1645725655,,,{},hy9q2z3,False,t3_t03z3o,False,True,t3_t03z3o,/r/UkraineInvasionVideos/comments/t03z3o/rukraineinvasionvideos_lounge/hy9q2z3/,,1,,True,False,UkraineInvasionVideos,t5_5wkihl,,,,0,[],,1645696855.0,,[],1653366961.0
[],,,[deleted],,,,,,dark,,,,,[deleted],,,,,,DELETED,,,1645725287,,,{},hy9p3cj,False,t3_t05xws,False,True,t3_t05xws,/r/UkraineInvasionVideos/comments/t05xws/russian_president_vladimir_putin_announced_a/hy9p3cj/,,1,,True,False,UkraineInvasionVideos,t5_5wkihl,,,,0,[],,1645696487.0,,[],1653363118.0
[],,,Interesting_Cobbler4,,,[],,,,text,t2_7j0fn7fx,False,False,Loose lips and all that.,,,,,,,,,1645725261,,,{},hy9p0tg,False,t3_t0ac1v,False,False,t3_t0ac1v,/r/UkraineInvasionVideos/comments/t0ac1v/be_very_careful_about_what_your_posting_please/hy9p0tg/,,10,,True,False,UkraineInvasionVideos,t5_5wkihl,,,,0,[],,1645696461.0,,[],1653362839.0
[],,,Royal_Tsunami,,,[],,,,text,t2_bify1,False,False,I believe this is Israeli footage,,,,,,,,,1645725119,,,{},hy9omwy,False,t3_t05m0e,False,True,t3_t05m0e,/r/UkraineInvasionVideos/comments/t05m0e/ukrainian_missile_defense_system/hy9omwy/,,5,,True,False,UkraineInvasionVideos,t5_5wkihl,,,,0,[],,1645696319.0,,[],1653361369.0
[],,,argylekey,,,[],,,,text,t2_btqb0,False,False,"While that may be 100% true, it was posted to r/UkraineInvasionVideos

If someone is knowingly posting Russian training videos here, it‚Äôs the wrong place for that content.",,,,,,,,,1645725116,,,{},hy9ommt,False,t3_t0cryd,False,False,t1_hy9oe78,/r/UkraineInvasionVideos/comments/t0cryd/russian_paratroopers_landing_on_ukraine/hy9ommt/,,3,,True,False,UkraineInvasionVideos,t5_5wkihl,,,,0,[],,1645696316.0,,[],1653361344.0
[],,,GibtEsKeinenGott,,,[],,,,text,t2_sihmy,False,False,"It is. If this video is real and those aircraft are of opposing forces, then they certainty weren't trying to kill each-other. The standard short range missile with an IR seeker can be shot from at least 5nm in a chase.",,,,,,,,,1645725046,,,{},hy9og01,False,t3_t0br1f,False,False,t1_hy8rkyx,/r/UkraineInvasionVideos/comments/t0br1f/ukrainian_mig29_lowflying_is_taking_on_a_russian/hy9og01/,,13,,True,False,UkraineInvasionVideos,t5_5wkihl,,,,0,[],,1645696246.0,,[],1653360639.0
[],,,Royal_Tsunami,,,[],,,,text,t2_bify1,False,False,"It‚Äôs a Ukrainian bmp. Also, it wasn‚Äôt hit by a javalin",,,,,,,,,1645725031,,,{},hy9oeij,False,t3_t0dzsv,False,True,t3_t0dzsv,/r/UkraineInvasionVideos/comments/t0dzsv/usa_javelin_in_action_against_russian_armored/hy9oeij/,,2,,True,False,UkraineInvasionVideos,t5_5wkihl,,,,0,[],,1645696231.0,,[],1653360486.0
[],,,I_Hate_Coffee,,,[],,,,text,t2_b62la90,False,False,It's clearly a video from a training jump or something long ago.,,,,,,,,,1645725028,,,{},hy9oe78,False,t3_t0cryd,False,False,t1_hy9l6o7,/r/UkraineInvasionVideos/comments/t0cryd/russian_paratroopers_landing_on_ukraine/hy9oe78/,,15,,True,False,UkraineInvasionVideos,t5_5wkihl,,,,0,[],,1645696228.0,,[],1653360453.0
[],,,CastDeath,,,[],,,,text,t2_onej3lt,False,False,"This is fake, like....during day time? A redneck with a hunting rifle could pick them off lmao",,,,,,,,,1645725012,,,{},hy9ocna,False,t3_t0cryd,False,False,t3_t0cryd,/r/UkraineInvasionVideos/comments/t0cryd/russian_paratroopers_landing_on_ukraine/hy9ocna/,,6,,True,False,UkraineInvasionVideos,t5_5wkihl,,,,0,[],,1645696212.0,,[],1653360280.0
[],,,Royal_Tsunami,,,[],,,,text,t2_bify1,False,False,Most people are claiming their Ukrainian tanks that were hit by attack helos. So far there‚Äôs no confirmation but the lack of white + symbols seems to make that seem correct.,,,,,,,,,1645724965,,,{},hy9o833,False,t3_t0bsu8,False,False,t1_hy9n9di,/r/UkraineInvasionVideos/comments/t0bsu8/column_of_destroyed_and_abandoned_tanks_in/hy9o833/,,4,,True,False,UkraineInvasionVideos,t5_5wkihl,,,,0,[],,1645696165.0,,[],1653359799.0
[],,,[deleted],,,,,,dark,,,,,[deleted],,,,,,DELETED,,,1645724644,,,{},hy9ncvf,False,t3_t06rvw,False,True,t1_hy8bn5d,/r/UkraineInvasionVideos/comments/t06rvw/ukrainian_residents_queue_at_banks_in_kyiv_to/hy9ncvf/,,1,,True,False,UkraineInvasionVideos,t5_5wkihl,,,,0,[],,1645695844.0,,[],1653356460.0
[],,,Avalancheeeee,,,[],,,,text,t2_40rltpob,False,False,thats fake,,,,,,,,,1645724638,,,{},hy9ncbg,False,t3_t0cryd,False,False,t3_t0cryd,/r/UkraineInvasionVideos/comments/t0cryd/russian_paratroopers_landing_on_ukraine/hy9ncbg/,,4,,True,False,UkraineInvasionVideos,t5_5wkihl,,,,0,[],,1645695838.0,,[],1653356404.0
[],,,I_Hate_Coffee,,,[],,,,text,t2_b62la90,False,False,He doesn't,,,,,,,,,1645724609,,,{},hy9n9di,False,t3_t0bsu8,False,False,t1_hy9i8bs,/r/UkraineInvasionVideos/comments/t0bsu8/column_of_destroyed_and_abandoned_tanks_in/hy9n9di/,,4,,True,False,UkraineInvasionVideos,t5_5wkihl,,,,0,[],,1645695809.0,,[],1653356095.0
[],,,argylekey,,,[],,,,text,t2_btqb0,False,False,"The soldier jumping behind enemy lines is sharing the video? To the internet?   


Gotta say, the Russian army is either incredibly stupid to give their location like that or have a sense of superiority to think that it wont matter. 

I have no idea if anything will come from it, but it seems like a stupid thing for someone behind enemy lines to broadcast their location before landing. 

Good, hopefully Ukrainian forces can capture these folks without them doing much of anything.",,,,,,,,,1645723833,,,{},hy9l6o7,False,t3_t0cryd,False,False,t3_t0cryd,/r/UkraineInvasionVideos/comments/t0cryd/russian_paratroopers_landing_on_ukraine/hy9l6o7/,,16,,True,False,UkraineInvasionVideos,t5_5wkihl,,,,0,[],,1645695033.0,,[],1653348038.0
[],False,,VVVVVVentus,,,[],,,,text,t2_4vpx1fzk,False,False,"if you need fastest russian videos download telegram and join russian media channes such as –ù—å—é—Å–∞—á/–î–≤–∞—á (2ch/dvach) russian imageboard (its news channel) - [https://t.me/ru2ch\_news](https://t.me/ru2ch_news)    
Reverse side of the medal (RSOTM) pro russian non official mercenary and military themed channel !WARNING! Graphical content (dead children) - [https://t.me/grey\_zone](https://t.me/grey_zone)  
Mash, non official media- [https://t.me/breakingmash](https://t.me/breakingmash)   


most of videos which i posted were from 2ch, tho few of them were from rsotm",53982eda5650e7a4dd1ce64db519ff8795d32564,False,False,,,,,0.0,1645723699,,0.0,{},hy9ktie,False,t3_t03z3o,False,True,t3_t03z3o,/r/UkraineInvasionVideos/comments/t03z3o/rukraineinvasionvideos_lounge/hy9ktie/,1645723715.0,1,False,True,False,UkraineInvasionVideos,t5_5wkihl,r/UkraineInvasionVideos,public,,0,[],,1645694899.0,,,
[],,,vrkuba05,,,[],,,,text,t2_6p5h5t21,False,False,How do you know?,,,,,,,,,1645722736,,,{},hy9i8bs,False,t3_t0bsu8,False,False,t1_hy8s419,/r/UkraineInvasionVideos/comments/t0bsu8/column_of_destroyed_and_abandoned_tanks_in/hy9i8bs/,,1,,True,False,UkraineInvasionVideos,t5_5wkihl,,,,0,[],,1645693936.0,,[],1653335806.0
[],,,Intelligent_Lake_392,,,[],,,,text,t2_jna0ejiv,False,False,Saint Javelin.,,,,,,,,,1645722324,,,{},hy9h53t,False,t3_t0dzsv,False,True,t3_t0dzsv,/r/UkraineInvasionVideos/comments/t0dzsv/usa_javelin_in_action_against_russian_armored/hy9h53t/,,1,,True,False,UkraineInvasionVideos,t5_5wkihl,,,,0,[],,1645693524.0,,[],1653331150.0
[],,,Lalayon0882,,,[],,,,text,t2_5i3xyja2,False,False,"Sounds good thank you for explaining.  I definitely am far more skeptical about it now.  

By any chance do you have a link by any chance to the original well know video?",,,,,,,,,1645721438,,,{},hy9esb8,False,t3_t094cw,False,True,t1_hy9em11,/r/UkraineInvasionVideos/comments/t094cw/russian_fighter_jet_is_shot_down_by_ukrainian_air/hy9esb8/,,1,,True,False,UkraineInvasionVideos,t5_5wkihl,,,,0,[],,1645692638.0,,[],1653321094.0
[],,,MarkLux,,,[],,,,text,t2_wjwqz,False,True,It‚Äôs a well known video from several years ago,,,,,,,,,1645721372,,,{},hy9em11,False,t3_t094cw,False,False,t1_hy9eizh,/r/UkraineInvasionVideos/comments/t094cw/russian_fighter_jet_is_shot_down_by_ukrainian_air/hy9em11/,,5,,True,False,UkraineInvasionVideos,t5_5wkihl,,,,0,[],,1645692572.0,,[],1653320372.0
[],,,Lalayon0882,,,[],,,,text,t2_5i3xyja2,False,False,How do you know this?,,,,,,,,,1645721340,,,{},hy9eizh,False,t3_t094cw,False,True,t1_hy8z9cc,/r/UkraineInvasionVideos/comments/t094cw/russian_fighter_jet_is_shot_down_by_ukrainian_air/hy9eizh/,,1,,True,False,UkraineInvasionVideos,t5_5wkihl,,,,0,[],,1645692540.0,,[],1653320020.0
[],,,skippyscallop,,,[],,,,text,t2_1pmqruxy,False,False,This should be pinned.,,,,,,,,,1645720976,,,{},hy9dklk,False,t3_t0ac1v,False,False,t3_t0ac1v,/r/UkraineInvasionVideos/comments/t0ac1v/be_very_careful_about_what_your_posting_please/hy9dklk/,,20,,True,False,UkraineInvasionVideos,t5_5wkihl,,,,0,[],,1645692176.0,,[],1653316033.0
[],,,-domi-,,,[],,,,text,t2_1397r2,False,False,Those are absolutely not combat spread formations.,,,,,,,,,1645719371,,,{},hy99abg,False,t3_t050v6,False,False,t3_t050v6,/r/UkraineInvasionVideos/comments/t050v6/russian_bombers_and_fighter_jets/hy99abg/,,6,,True,False,UkraineInvasionVideos,t5_5wkihl,,,,0,[],,1645690571.0,,[],1653299983.0
[],,,Little-Frosting-5969,,,[],,,,text,t2_9p1tlbpg,False,False,I hope you break your legs,,,,,,,,,1645719206,,,{},hy98u96,False,t3_t0cryd,False,True,t3_t0cryd,/r/UkraineInvasionVideos/comments/t0cryd/russian_paratroopers_landing_on_ukraine/hy98u96/,,1,,True,False,UkraineInvasionVideos,t5_5wkihl,,,,0,[],,1645690406.0,,[],1653298503.0
[],,,-domi-,,,[],,,,text,t2_1397r2,False,False,Watching it without sound still makes your ears ring.,,,,,,,,,1645718528,,,{},hy971c7,False,t3_t08r7k,False,True,t3_t08r7k,/r/UkraineInvasionVideos/comments/t08r7k/cctv_footage_of_russian_missile_attack_at_a/hy971c7/,,2,,True,False,UkraineInvasionVideos,t5_5wkihl,,,,0,[],,1645689728.0,,[],1653292662.0
[],,,MarkLux,,,[],,,,text,t2_wjwqz,False,True,This is fake. From Lbyia,,,,,,,,,1645715548,,,{},hy8z9cc,False,t3_t094cw,False,False,t3_t094cw,/r/UkraineInvasionVideos/comments/t094cw/russian_fighter_jet_is_shot_down_by_ukrainian_air/hy8z9cc/,,6,,True,False,UkraineInvasionVideos,t5_5wkihl,,,,0,[],,1645686748.0,,[],1653263807.0
[],,,MarcosAC420,,,[],,,,text,t2_1w99vgid,False,False,He is dying,,,,,,,,,1645715162,,,{},hy8yaqm,False,t3_t080qe,False,False,t3_t080qe,/r/UkraineInvasionVideos/comments/t080qe/putin_warns_western_nations_not_to_interfere_as/hy8yaqm/,,13,,True,False,UkraineInvasionVideos,t5_5wkihl,,,,0,[],,1645686362.0,,[],1653260105.0
[],,,MarcosAC420,,,[],,,,text,t2_1w99vgid,False,False,Nah Bitcoin sucks and so does Russia,,,,,,,,,1645715118,,,{},hy8y6om,False,t3_t06rvw,False,False,t3_t06rvw,/r/UkraineInvasionVideos/comments/t06rvw/ukrainian_residents_queue_at_banks_in_kyiv_to/hy8y6om/,,1,,True,False,UkraineInvasionVideos,t5_5wkihl,,,,0,[],,1645686318.0,,[],1653259648.0
[],,,Useful_Ad_3307,,,[],,,,text,t2_gk16dywj,False,False,This is war thunder,,,,,,,,,1645715103,,,{},hy8y5be,False,t3_t05m0e,False,True,t3_t05m0e,/r/UkraineInvasionVideos/comments/t05m0e/ukrainian_missile_defense_system/hy8y5be/,,10,,True,False,UkraineInvasionVideos,t5_5wkihl,,,,0,[],,1645686303.0,,[],1653259487.0
[],,,MarcosAC420,,,[],,,,text,t2_1w99vgid,False,False,They're going to die,,,,,,,,,1645715044,,,{},hy8y00t,False,t3_t08bun,False,True,t3_t08bun,/r/UkraineInvasionVideos/comments/t08bun/ukrainian_footage_showing_russian_forces_trying/hy8y00t/,,-1,,True,False,UkraineInvasionVideos,t5_5wkihl,,,,0,[],,1645686244.0,,[],1653258902.0
[],,,solrac_0602,,,[],,,,text,t2_34gd8jhw,False,False,Jesus!!! Holly shit - stay safe my friend!,,,,,,,,,1645714832,,,{},hy8xguh,False,t3_t0cnkr,False,True,t3_t0cnkr,/r/UkraineInvasionVideos/comments/t0cnkr/heavy_bombing_near_kyiv/hy8xguh/,,1,,True,False,UkraineInvasionVideos,t5_5wkihl,,,,0,[],,1645686032.0,,[],1653256756.0
[],,,kshort994,,,[],,,,text,t2_13t92l,False,False,Any confirmation on this ?,,,,,,,,,1645714627,,,{},hy8wye3,False,t3_t094cw,False,False,t3_t094cw,/r/UkraineInvasionVideos/comments/t094cw/russian_fighter_jet_is_shot_down_by_ukrainian_air/hy8wye3/,,4,,True,False,UkraineInvasionVideos,t5_5wkihl,,,,0,[],,1645685827.0,,[],1653254724.0
[],,,AdVictoriamBro,,,[],,,,text,t2_igrf2bns,False,False,Maggot holes in his belly already,,,,,,,,,1645714596,,,{},hy8wvlf,False,t3_t0cryd,False,True,t3_t0cryd,/r/UkraineInvasionVideos/comments/t0cryd/russian_paratroopers_landing_on_ukraine/hy8wvlf/,,1,,True,False,UkraineInvasionVideos,t5_5wkihl,,,,0,[],,1645685796.0,,[],1653254397.0
[],,,Aquaman_is_real,,,[],,,,text,t2_5ngdiam0,False,False,I think they will enlarge there territory over the south-easts states,,,,,,,,,1645713514,,,{},hy8u9dh,False,t3_t03z3o,False,True,t3_t03z3o,/r/UkraineInvasionVideos/comments/t03z3o/rukraineinvasionvideos_lounge/hy8u9dh/,,1,,True,False,UkraineInvasionVideos,t5_5wkihl,,,,0,[],,1645684714.0,,[],1653243491.0
[],,,Little-Frosting-5969,,,[],,,,text,t2_9p1tlbpg,False,False,Try to be safe üôè,,,,,,,,,1645713443,,,{},hy8u3c1,False,t3_t0br1f,False,True,t3_t0br1f,/r/UkraineInvasionVideos/comments/t0br1f/ukrainian_mig29_lowflying_is_taking_on_a_russian/hy8u3c1/,,1,,True,False,UkraineInvasionVideos,t5_5wkihl,,,,0,[],,1645684643.0,,[],1653242772.0
[],,,Dredd005,,,[],,,,text,t2_75rh3sax,False,True,Ukrainian,,,,,,,,,1645712591,,,{},hy8s419,True,t3_t0bsu8,False,True,t1_hy8repy,/r/UkraineInvasionVideos/comments/t0bsu8/column_of_destroyed_and_abandoned_tanks_in/hy8s419/,,1,,True,False,UkraineInvasionVideos,t5_5wkihl,,,,0,[],,1645683791.0,,[],1653234572.0
[],,,Dredd005,,,[],,,,text,t2_75rh3sax,False,True,They won‚Äôt attack NATO. They want Ukraine as a buffer,,,,,,,,,1645712567,,,{},hy8s1zx,True,t3_t03z3o,False,True,t3_t03z3o,/r/UkraineInvasionVideos/comments/t03z3o/rukraineinvasionvideos_lounge/hy8s1zx/,,1,,True,False,UkraineInvasionVideos,t5_5wkihl,,,,0,[],,1645683767.0,,[],1653234334.0
[],,,Aquaman_is_real,,,[],,,,text,t2_5ngdiam0,False,False,Or just watching whats happens next? Till they attack a  Nato Member?,,,,,,,,,1645712519,,,{},hy8rxxk,False,t3_t03z3o,False,True,t3_t03z3o,/r/UkraineInvasionVideos/comments/t03z3o/rukraineinvasionvideos_lounge/hy8rxxk/,,1,,True,False,UkraineInvasionVideos,t5_5wkihl,,,,0,[],,1645683719.0,,[],1653233877.0
[],,,Dredd005,,,[],,,,text,t2_75rh3sax,False,True,I doubt NATO will take up arms. That would be 100% WW3. Putin already talked about nukes,,,,,,,,,1645712500,,,{},hy8rwcw,True,t3_t03z3o,False,True,t3_t03z3o,/r/UkraineInvasionVideos/comments/t03z3o/rukraineinvasionvideos_lounge/hy8rwcw/,,1,,True,False,UkraineInvasionVideos,t5_5wkihl,,,,0,[],,1645683700.0,,[],1653233709.0
[],,,punkish138,,,[],,,,text,t2_c4epgz49,False,False,Beautiful,,,,,,,,,1645712462,,,{},hy8rt8t,False,t3_t094cw,False,False,t3_t094cw,/r/UkraineInvasionVideos/comments/t094cw/russian_fighter_jet_is_shot_down_by_ukrainian_air/hy8rt8t/,,4,,True,False,UkraineInvasionVideos,t5_5wkihl,,,,0,[],,1645683662.0,,[],1653233354.0
[],,,Aquaman_is_real,,,[],,,,text,t2_5ngdiam0,False,False,Do you think nato will do something?,,,,,,,,,1645712444,,,{},hy8rrs1,False,t3_t03z3o,False,True,t3_t03z3o,/r/UkraineInvasionVideos/comments/t03z3o/rukraineinvasionvideos_lounge/hy8rrs1/,,1,,True,False,UkraineInvasionVideos,t5_5wkihl,,,,0,[],,1645683644.0,,[],1653233187.0
[],,,Frogman1480,,,[],,,,text,t2_2er1n5f3,False,False,Jeez that is terrifying..I thought dog fighting was a thing of the past,,,,,,,,,1645712362,,,{},hy8rkyx,False,t3_t0br1f,False,False,t3_t0br1f,/r/UkraineInvasionVideos/comments/t0br1f/ukrainian_mig29_lowflying_is_taking_on_a_russian/hy8rkyx/,,30,,True,False,UkraineInvasionVideos,t5_5wkihl,,,,0,[],,1645683562.0,,[],1653232438.0
[],,,Frogman1480,,,[],,,,text,t2_2er1n5f3,False,False,Are they Ukrainian or Russian tanks ?,,,,,,,,,1645712285,,,{},hy8repy,False,t3_t0bsu8,False,True,t3_t0bsu8,/r/UkraineInvasionVideos/comments/t0bsu8/column_of_destroyed_and_abandoned_tanks_in/hy8repy/,,3,,True,False,UkraineInvasionVideos,t5_5wkihl,,,,0,[],,1645683485.0,,[],1653231734.0
[],,,Aggravating_Bear5920,,,[],,,,text,t2_ev47p4nb,False,False,yeah this is crazy,,,,,,,,,1645711315,,,{},hy8p8uv,False,t3_t03z3o,False,False,t3_t03z3o,/r/UkraineInvasionVideos/comments/t03z3o/rukraineinvasionvideos_lounge/hy8p8uv/,,1,,True,False,UkraineInvasionVideos,t5_5wkihl,,,,0,[],,1645682515.0,,[],1653222962.0
[],,,SnooDoggos8540,,,[],,,,text,t2_8hw3klk2,False,True,this is fake that was from a training exercise for a parade a few months back,,,,,,,,,1645706171,,,{},hy8f242,False,t3_t050v6,False,False,t3_t050v6,/r/UkraineInvasionVideos/comments/t050v6/russian_bombers_and_fighter_jets/hy8f242/,,4,,True,False,UkraineInvasionVideos,t5_5wkihl,,,,0,[],,1645677371.0,,[],1653186773.0
[],,,Dredd005,,,[],,,,text,t2_75rh3sax,False,True,I‚Äôll post more. Other Ukrainian subs are censoring any videos. Feel free to post too,,,,,,,,,1645704172,,,{},hy8bqzg,True,t3_t03z3o,False,True,t3_t03z3o,/r/UkraineInvasionVideos/comments/t03z3o/rukraineinvasionvideos_lounge/hy8bqzg/,,1,,True,False,UkraineInvasionVideos,t5_5wkihl,,,,0,[],,1645675372.0,,[],1653174380.0
[],,,Dredd005,,,[],,,,text,t2_75rh3sax,False,True,"Their cash is going to plummet. They will convert it to dollars, BTC, or gold now",,,,,,,,,1645704102,,,{},hy8bn5d,True,t3_t06rvw,False,False,t1_hy8amrm,/r/UkraineInvasionVideos/comments/t06rvw/ukrainian_residents_queue_at_banks_in_kyiv_to/hy8bn5d/,,1,,True,False,UkraineInvasionVideos,t5_5wkihl,,,,0,[],,1645675302.0,,[],1653173978.0
[],,,jusno6768,,,[],,,,text,t2_8hg83rsq,False,False,Not according to reality,,,,,,,,,1645703435,,,{},hy8amrm,False,t3_t06rvw,False,False,t1_hy81s0b,/r/UkraineInvasionVideos/comments/t06rvw/ukrainian_residents_queue_at_banks_in_kyiv_to/hy8amrm/,,4,,True,False,UkraineInvasionVideos,t5_5wkihl,,,,0,[],,1645674635.0,,[],1653170096.0
[],,,BigPeell,,,[],,,,text,t2_3w4hguuh,False,False,Pls show more it‚Äôs terrible but it‚Äôs real,,,,,,,,,1645703265,,,{},hy8ad78,False,t3_t03z3o,False,True,t3_t03z3o,/r/UkraineInvasionVideos/comments/t03z3o/rukraineinvasionvideos_lounge/hy8ad78/,,1,,True,False,UkraineInvasionVideos,t5_5wkihl,,,,0,[],,1645674465.0,,[],1653169075.0
[],,,Dredd005,,,[],,,,text,t2_75rh3sax,False,True,What do you think of what‚Äôs happening?,,,,,,,,,1645702107,,,{},hy88ohr,True,t3_t03z3o,False,True,t3_t03z3o,/r/UkraineInvasionVideos/comments/t03z3o/rukraineinvasionvideos_lounge/hy88ohr/,,1,,True,False,UkraineInvasionVideos,t5_5wkihl,,,,0,[],,1645673307.0,,[],1653162409.0
[],,,Little-Frosting-5969,,,[],,,,text,t2_9p1tlbpg,False,False,hey,,,,,,,,,1645702017,,,{},hy88jwi,False,t3_t03z3o,False,True,t3_t03z3o,/r/UkraineInvasionVideos/comments/t03z3o/rukraineinvasionvideos_lounge/hy88jwi/,,0,,True,False,UkraineInvasionVideos,t5_5wkihl,,,,0,[],,1645673217.0,,[],1653161906.0
[],,,TzunSu,,,[],,,,text,t2_c70bh,False,False,Very obvious fake. Are you posting intentional fakes?,,,,,,,,,1645697593,,,{},hy82e8v,False,t3_t073fz,False,True,t3_t073fz,/r/UkraineInvasionVideos/comments/t073fz/ukraine_explosion_fires_started_by_russian/hy82e8v/,,1,,True,False,UkraineInvasionVideos,t5_5wkihl,,,,0,[],,1645668793.0,,[],1653137527.0
[],,,Leatherfacet,,,[],,,,text,t2_5r7j80sl,False,False,"Stop spreading fake news, this is an old video from 2015 in China.[https://www.youtube.com/watch?v=993wlZ6XFSs](https://www.youtube.com/watch?v=993wlZ6XFSs)",,,,,,,,,1645697524,,,{},hy82aqk,False,t3_t073fz,False,True,t3_t073fz,/r/UkraineInvasionVideos/comments/t073fz/ukraine_explosion_fires_started_by_russian/hy82aqk/,,1,,True,False,UkraineInvasionVideos,t5_5wkihl,,,,0,[],,1645668724.0,,[],1653136970.0
[],,,Katschmo,,,[],,,,text,t2_v2qz56t,False,False,FAKE - 2015 Tianjin Explosion,,,,,,,,,1645697370,,,{},hy822xn,False,t3_t073fz,False,True,t3_t073fz,/r/UkraineInvasionVideos/comments/t073fz/ukraine_explosion_fires_started_by_russian/hy822xn/,,3,,True,False,UkraineInvasionVideos,t5_5wkihl,,,,0,[],,1645668570.0,,[],1653136140.0
[],,,[deleted],,,,,,dark,,,,,[deleted],,,,,,DELETED,,,1645697177,,,{},hy81t1z,False,t3_t06rvw,False,True,t1_hy81n6l,/r/UkraineInvasionVideos/comments/t06rvw/ukrainian_residents_queue_at_banks_in_kyiv_to/hy81t1z/,,1,,True,False,UkraineInvasionVideos,t5_5wkihl,,,,0,[],,1645668377.0,,[],1653135126.0
[],,,Dredd005,,,[],,,,text,t2_75rh3sax,False,True,"BTC fell to 34k initially but people are withdrawing their money in fear of losing it and putting it in BTC. Prices rose to $35,300 now",,,,,,,,,1645697157,,,{},hy81s0b,True,t3_t06rvw,False,False,t1_hy81n6l,/r/UkraineInvasionVideos/comments/t06rvw/ukrainian_residents_queue_at_banks_in_kyiv_to/hy81s0b/,,-1,,True,False,UkraineInvasionVideos,t5_5wkihl,,,,0,[],,1645668357.0,,[],1653135016.0
[],,,isrb33,,,[],,,,text,t2_5efg55ss,False,False,Bitcoin prises are falling you mean..,,,,,,,,,1645697056,,,{},hy81n6l,False,t3_t06rvw,False,False,t3_t06rvw,/r/UkraineInvasionVideos/comments/t06rvw/ukrainian_residents_queue_at_banks_in_kyiv_to/hy81n6l/,,2,,True,False,UkraineInvasionVideos,t5_5wkihl,,,,0,[],,1645668256.0,,[],1653134517.0
[],,,TundraBishop,,,[],,,,text,t2_2wrwjj87,False,False,"Sadly this was years ago from exercise.  
Not real footage.",,,,,,,,,1645696622,,,{},hy811kz,False,t3_t04urz,False,False,t3_t04urz,/r/UkraineInvasionVideos/comments/t04urz/russian_paratroopers_landing_in_ukraine/hy811kz/,,2,,True,False,UkraineInvasionVideos,t5_5wkihl,,,,0,[],,1645667822.0,,[],1653132386.0
[],,,lsdginger,,,[],,,,text,t2_4xb9wk3m,False,False,disrespectful gtfo here,,,,,,,,,1645695188,,,{},hy7z2dg,False,t3_t06tqe,False,True,t3_t06tqe,/r/UkraineInvasionVideos/comments/t06tqe/virtual_simulation_of_all_out_war/hy7z2dg/,,1,,True,False,UkraineInvasionVideos,t5_5wkihl,,,,0,[],,1645666388.0,,[],1653125475.0
[],,,therealbobarah,,,[],,,,text,t2_6o067dij,False,False,It's pretty much same thing on tv,,,,,,,,,1645689552,,,{},hy7rclv,False,t3_t04urz,False,True,t1_hy7qzdz,/r/UkraineInvasionVideos/comments/t04urz/russian_paratroopers_landing_in_ukraine/hy7rclv/,,2,,True,False,UkraineInvasionVideos,t5_5wkihl,,,,0,[],,1645660752.0,,[],1653097845.0
[],,,jfunduh,,,[],,,,text,t2_p35sm,False,False,This is from 2016. Please remove this misinformation.,,,,,,,,,1645689301,,,{},hy7qzdz,False,t3_t04urz,False,False,t3_t04urz,/r/UkraineInvasionVideos/comments/t04urz/russian_paratroopers_landing_in_ukraine/hy7qzdz/,,5,,True,False,UkraineInvasionVideos,t5_5wkihl,,,,0,[],,1645660501.0,,[],1653096485.0
[],,,Dredd005,,,[],,,,text,t2_75rh3sax,False,True,r/Ukraine keeps deleting videos nonstop. Have you noticed?,,,,,,,,,1645685202,,,{},hy7kkae,True,t3_t03z3o,False,True,t3_t03z3o,/r/UkraineInvasionVideos/comments/t03z3o/rukraineinvasionvideos_lounge/hy7kkae/,,1,,True,False,UkraineInvasionVideos,t5_5wkihl,,,,0,[],,1645656402.0,,[],1653071401.0
[],,,Intelligent_Lake_392,,,[],,,,text,t2_jna0ejiv,False,False,Hey,,,,,,,,,1645685128,,,{},hy7kfur,False,t3_t03z3o,False,True,t3_t03z3o,/r/UkraineInvasionVideos/comments/t03z3o/rukraineinvasionvideos_lounge/hy7kfur/,,1,,True,False,UkraineInvasionVideos,t5_5wkihl,,,,0,[],,1645656328.0,,[],1653070859.0
