all_awardings,allow_live_comments,author,author_flair_css_class,author_flair_richtext,author_flair_text,author_flair_type,author_fullname,author_is_blocked,author_patreon_flair,author_premium,awarders,can_mod_post,contest_mode,created_utc,domain,full_link,gildings,id,is_created_from_ads_ui,is_crosspostable,is_meta,is_original_content,is_reddit_media_domain,is_robot_indexable,is_self,is_video,link_flair_background_color,link_flair_richtext,link_flair_text_color,link_flair_type,locked,media_only,no_follow,num_comments,num_crossposts,over_18,parent_whitelist_status,permalink,pinned,pwls,removed_by_category,retrieved_on,score,selftext,send_replies,spoiler,stickied,subreddit,subreddit_id,subreddit_subscribers,subreddit_type,suggested_sort,thumbnail,title,total_awards_received,treatment_tags,upvote_ratio,url,whitelist_status,wls,created,link_flair_css_class,link_flair_text,post_hint,preview,thumbnail_height,thumbnail_width,url_overridden_by_dest,media,media_embed,secure_media,secure_media_embed,link_flair_template_id
[],False,ArmstrongsBi-Cycle,,[],,text,t2_kene4oyt,False,False,False,[],False,False,1651357267,self.geopolitics,https://www.reddit.com/r/geopolitics/comments/uflixl/what_did_the_us_have_to_gain_in_the_middle_east/,{},uflixl,False,False,False,False,False,False,True,False,,[],dark,text,False,False,True,0,0,False,all_ads,/r/geopolitics/comments/uflixl/what_did_the_us_have_to_gain_in_the_middle_east/,False,6,automod_filtered,1651357277,1,[removed],True,False,False,geopolitics,t5_2qhnn,384235,public,old,self,What did the US have to gain in the Middle East? Why was there not as much backlash as Russia and Ukraine when we invaded Iraq?,0,[],1.0,https://www.reddit.com/r/geopolitics/comments/uflixl/what_did_the_us_have_to_gain_in_the_middle_east/,all_ads,6,1651328467.0,,,,,,,,,,,,
[],False,LadyWithABookOrTwo,,[],,text,t2_azxvhor0,False,False,False,[],False,False,1651355829,self.geopolitics,https://www.reddit.com/r/geopolitics/comments/ufl243/what_are_the_chances_of_russia_attacking_finland/,{},ufl243,False,False,False,False,False,False,True,False,,[],dark,text,False,False,True,0,0,False,all_ads,/r/geopolitics/comments/ufl243/what_are_the_chances_of_russia_attacking_finland/,False,6,automod_filtered,1651355839,1,[removed],True,False,False,geopolitics,t5_2qhnn,384212,public,old,self,What are the chances of Russia attacking Finland?,0,[],1.0,https://www.reddit.com/r/geopolitics/comments/ufl243/what_are_the_chances_of_russia_attacking_finland/,all_ads,6,1651327029.0,,,,,,,,,,,,
[],False,Tao_Dragon,,[],,text,t2_70agce6,False,False,False,[],False,False,1651348799,theguardian.com,https://www.reddit.com/r/geopolitics/comments/ufisgm/depleted_russian_units_that_failed_to_take_kyiv/,{},ufisgm,False,True,False,False,False,True,False,False,,[],dark,text,False,False,True,1,0,False,all_ads,/r/geopolitics/comments/ufisgm/depleted_russian_units_that_failed_to_take_kyiv/,False,6,,1651348809,1,,True,False,False,geopolitics,t5_2qhnn,384157,public,old,https://a.thumbs.redditmedia.com/LkuYskpRMdvMpaQdZ5PKFknW4prpF1BzcWlmtI3qN-4.jpg,"Depleted Russian units that failed to take Kyiv are merging, says MoD | Ukraine",0,[],1.0,https://www.theguardian.com/world/2022/apr/30/depleted-russian-units-that-failed-to-take-kyiv-ukraine-are-merging-says-mod,all_ads,6,1651319999.0,News,News,link,"{'enabled': False, 'images': [{'id': 'Nm0rYDKa-dYE01KTDCgIj0JvRkZRjwz3tI63ku-7vmY', 'resolutions': [{'height': 56, 'url': 'https://external-preview.redd.it/xY1KE4aT3KdMCfR7j_HZBlt5_Et8Ke2jLGOxNcqAoNY.jpg?width=108&amp;crop=smart&amp;auto=webp&amp;s=426ec0f7131929abfa09af256d8048c186787c8e', 'width': 108}, {'height': 113, 'url': 'https://external-preview.redd.it/xY1KE4aT3KdMCfR7j_HZBlt5_Et8Ke2jLGOxNcqAoNY.jpg?width=216&amp;crop=smart&amp;auto=webp&amp;s=e4d6da266bb670fe4bb7473271734c44931b623e', 'width': 216}, {'height': 168, 'url': 'https://external-preview.redd.it/xY1KE4aT3KdMCfR7j_HZBlt5_Et8Ke2jLGOxNcqAoNY.jpg?width=320&amp;crop=smart&amp;auto=webp&amp;s=e04d045f7bf5ce714006c0467a050ba7e7c2e9b0', 'width': 320}, {'height': 336, 'url': 'https://external-preview.redd.it/xY1KE4aT3KdMCfR7j_HZBlt5_Et8Ke2jLGOxNcqAoNY.jpg?width=640&amp;crop=smart&amp;auto=webp&amp;s=0d456e4c70b9920e7bbfc419eea6927e8492c63f', 'width': 640}, {'height': 504, 'url': 'https://external-preview.redd.it/xY1KE4aT3KdMCfR7j_HZBlt5_Et8Ke2jLGOxNcqAoNY.jpg?width=960&amp;crop=smart&amp;auto=webp&amp;s=ad151b8dcc6f6a8c83fcef050ac83257f4ba603a', 'width': 960}, {'height': 567, 'url': 'https://external-preview.redd.it/xY1KE4aT3KdMCfR7j_HZBlt5_Et8Ke2jLGOxNcqAoNY.jpg?width=1080&amp;crop=smart&amp;auto=webp&amp;s=8401ff1ab48827683fdc8bd625192da838a3869c', 'width': 1080}], 'source': {'height': 630, 'url': 'https://external-preview.redd.it/xY1KE4aT3KdMCfR7j_HZBlt5_Et8Ke2jLGOxNcqAoNY.jpg?auto=webp&amp;s=4a8321166abe5d4be5191150dfce30e7e948e81a', 'width': 1200}, 'variants': {}}]}",73.0,140.0,https://www.theguardian.com/world/2022/apr/30/depleted-russian-units-that-failed-to-take-kyiv-ukraine-are-merging-says-mod,,,,,
[],False,kadudl,,[],,text,t2_54dy5nma,False,False,False,[],False,False,1651341218,youtu.be,https://www.reddit.com/r/geopolitics/comments/ufgam5/transnistria_the_next_escalation_in_europe/,{},ufgam5,False,False,False,False,False,False,False,False,,[],dark,text,False,False,True,1,0,False,all_ads,/r/geopolitics/comments/ufgam5/transnistria_the_next_escalation_in_europe/,False,6,reddit,1651341229,1,,True,False,False,geopolitics,t5_2qhnn,384084,public,old,https://a.thumbs.redditmedia.com/LdJeCh5wIgHOx0r8lVlL15UcJnJCZVsxHleUoJuGYY4.jpg,Transnistria - The next escalation in Europe?,0,[],1.0,https://youtu.be/lz7DmqKVlR4,all_ads,6,1651312418.0,Video,Video,link,"{'enabled': False, 'images': [{'id': 'kRJCfbANCOGjUdSQyn-Ze93IxySj2iYy38zfrWYc8vw', 'resolutions': [{'height': 60, 'url': 'https://external-preview.redd.it/1GJBDLBBBOFcNQKhL46wV6RkFjEgkNMNqFBorxct1dU.jpg?width=108&amp;crop=smart&amp;auto=webp&amp;s=3ed84fa49eb3d95d041ba442ea7c587431766c03', 'width': 108}, {'height': 121, 'url': 'https://external-preview.redd.it/1GJBDLBBBOFcNQKhL46wV6RkFjEgkNMNqFBorxct1dU.jpg?width=216&amp;crop=smart&amp;auto=webp&amp;s=8315fc1f4e0464c6f723d42918a567af94ef7780', 'width': 216}, {'height': 180, 'url': 'https://external-preview.redd.it/1GJBDLBBBOFcNQKhL46wV6RkFjEgkNMNqFBorxct1dU.jpg?width=320&amp;crop=smart&amp;auto=webp&amp;s=39f865566e5aba27e706696cf60c6c1dc31ba865', 'width': 320}, {'height': 360, 'url': 'https://external-preview.redd.it/1GJBDLBBBOFcNQKhL46wV6RkFjEgkNMNqFBorxct1dU.jpg?width=640&amp;crop=smart&amp;auto=webp&amp;s=f6ca231f6a5a43a8e802c020687ce1e939800412', 'width': 640}, {'height': 540, 'url': 'https://external-preview.redd.it/1GJBDLBBBOFcNQKhL46wV6RkFjEgkNMNqFBorxct1dU.jpg?width=960&amp;crop=smart&amp;auto=webp&amp;s=a1973e55abc70b07b17781616398cd9f426393ac', 'width': 960}, {'height': 607, 'url': 'https://external-preview.redd.it/1GJBDLBBBOFcNQKhL46wV6RkFjEgkNMNqFBorxct1dU.jpg?width=1080&amp;crop=smart&amp;auto=webp&amp;s=6944cd2b8b7119af4b545bbe02aff4e99aa022cb', 'width': 1080}], 'source': {'height': 720, 'url': 'https://external-preview.redd.it/1GJBDLBBBOFcNQKhL46wV6RkFjEgkNMNqFBorxct1dU.jpg?auto=webp&amp;s=3870be865b00cda48c2c5d36a44e183053ee324d', 'width': 1280}, 'variants': {}}]}",78.0,140.0,https://youtu.be/lz7DmqKVlR4,,,,,
[],False,Konotop_Witch,,[],,text,t2_mc2z1qon,False,False,False,[],False,False,1651340270,twitter.com,https://www.reddit.com/r/geopolitics/comments/uffzfl/kremlin_insider_asserts_the_russian_army_has_lost/,{},uffzfl,False,False,False,False,False,False,False,False,,[],dark,text,False,False,True,0,0,False,all_ads,/r/geopolitics/comments/uffzfl/kremlin_insider_asserts_the_russian_army_has_lost/,False,6,automod_filtered,1651340281,1,,True,False,False,geopolitics,t5_2qhnn,384077,public,old,https://b.thumbs.redditmedia.com/yO11LT3MkWzcdkS_kDQd2iYavvl4wUCMAQJZsJuqiYI.jpg,"Kremlin insider asserts the Russian army has lost more than 34,000 soldiers",0,[],1.0,https://twitter.com/KonotopW/status/1520340288052645888,all_ads,6,1651311470.0,,,link,"{'enabled': False, 'images': [{'id': 'xIHvYME3Ao39H4YVimQPQy9lD-9XOlpoUQ3FhLA7rcs', 'resolutions': [{'height': 108, 'url': 'https://external-preview.redd.it/UKiMP4exBpKG9mdjwvb48ZIcGBwuKqpYjriFEo1RSEw.jpg?width=108&amp;crop=smart&amp;auto=webp&amp;s=e814c216d4148d05252be1ba0dd09ce9424f6745', 'width': 108}], 'source': {'height': 140, 'url': 'https://external-preview.redd.it/UKiMP4exBpKG9mdjwvb48ZIcGBwuKqpYjriFEo1RSEw.jpg?auto=webp&amp;s=3b37ffeb06f97a6e6ad1d51d8fc99b2f6fa6accd', 'width': 140}, 'variants': {}}]}",140.0,140.0,https://twitter.com/KonotopW/status/1520340288052645888,"{'oembed': {'author_name': 'Konotop Witch', 'author_url': 'https://twitter.com/KonotopW', 'cache_age': 3153600000, 'height': None, 'html': '&lt;blockquote class=""twitter-video""&gt;&lt;p lang=""en"" dir=""ltr""&gt;In a report to &lt;a href=""https://twitter.com/hashtag/Putin?src=hash&amp;amp;ref_src=twsrc%5Etfw""&gt;#Putin&lt;/a&gt;: 34,245 &lt;a href=""https://twitter.com/hashtag/RussianSoldiers?src=hash&amp;amp;ref_src=twsrc%5Etfw""&gt;#RussianSoldiers&lt;/a&gt; died as of 6am on April 30 (PMC &amp;amp; regular army). Up from 30,557 on April 22, according to our &lt;a href=""https://twitter.com/hashtag/Kremlin?src=hash&amp;amp;ref_src=twsrc%5Etfw""&gt;#Kremlin&lt;/a&gt; insider. &lt;br&gt;Also, no one counts soldiers of &amp;quot;Luhansk &amp;amp; Donetsk Peoples Republics&amp;quot;. Aprox. 7,500 of them died&lt;a href=""https://twitter.com/hashtag/UkraineRussianWar?src=hash&amp;amp;ref_src=twsrc%5Etfw""&gt;#UkraineRussianWar&lt;/a&gt; &lt;a href=""https://t.co/4iFB9pSgL3""&gt;https://t.co/4iFB9pSgL3&lt;/a&gt;&lt;/p&gt;&amp;mdash; Konotop Witch (@KonotopW) &lt;a href=""https://twitter.com/KonotopW/status/1520340288052645888?ref_src=twsrc%5Etfw""&gt;April 30, 2022&lt;/a&gt;&lt;/blockquote&gt;\n&lt;script async src=""https://platform.twitter.com/widgets.js"" charset=""utf-8""&gt;&lt;/script&gt;\n', 'provider_name': 'Twitter', 'provider_url': 'https://twitter.com', 'type': 'rich', 'url': 'https://twitter.com/KonotopW/status/1520340288052645888', 'version': '1.0', 'width': 350}, 'type': 'twitter.com'}","{'content': '&lt;blockquote class=""twitter-video""&gt;&lt;p lang=""en"" dir=""ltr""&gt;In a report to &lt;a href=""https://twitter.com/hashtag/Putin?src=hash&amp;amp;ref_src=twsrc%5Etfw""&gt;#Putin&lt;/a&gt;: 34,245 &lt;a href=""https://twitter.com/hashtag/RussianSoldiers?src=hash&amp;amp;ref_src=twsrc%5Etfw""&gt;#RussianSoldiers&lt;/a&gt; died as of 6am on April 30 (PMC &amp;amp; regular army). Up from 30,557 on April 22, according to our &lt;a href=""https://twitter.com/hashtag/Kremlin?src=hash&amp;amp;ref_src=twsrc%5Etfw""&gt;#Kremlin&lt;/a&gt; insider. &lt;br&gt;Also, no one counts soldiers of &amp;quot;Luhansk &amp;amp; Donetsk Peoples Republics&amp;quot;. Aprox. 7,500 of them died&lt;a href=""https://twitter.com/hashtag/UkraineRussianWar?src=hash&amp;amp;ref_src=twsrc%5Etfw""&gt;#UkraineRussianWar&lt;/a&gt; &lt;a href=""https://t.co/4iFB9pSgL3""&gt;https://t.co/4iFB9pSgL3&lt;/a&gt;&lt;/p&gt;&amp;mdash; Konotop Witch (@KonotopW) &lt;a href=""https://twitter.com/KonotopW/status/1520340288052645888?ref_src=twsrc%5Etfw""&gt;April 30, 2022&lt;/a&gt;&lt;/blockquote&gt;\n&lt;script async src=""https://platform.twitter.com/widgets.js"" charset=""utf-8""&gt;&lt;/script&gt;\n', 'height': 200, 'scrolling': False, 'width': 350}","{'oembed': {'author_name': 'Konotop Witch', 'author_url': 'https://twitter.com/KonotopW', 'cache_age': 3153600000, 'height': None, 'html': '&lt;blockquote class=""twitter-video""&gt;&lt;p lang=""en"" dir=""ltr""&gt;In a report to &lt;a href=""https://twitter.com/hashtag/Putin?src=hash&amp;amp;ref_src=twsrc%5Etfw""&gt;#Putin&lt;/a&gt;: 34,245 &lt;a href=""https://twitter.com/hashtag/RussianSoldiers?src=hash&amp;amp;ref_src=twsrc%5Etfw""&gt;#RussianSoldiers&lt;/a&gt; died as of 6am on April 30 (PMC &amp;amp; regular army). Up from 30,557 on April 22, according to our &lt;a href=""https://twitter.com/hashtag/Kremlin?src=hash&amp;amp;ref_src=twsrc%5Etfw""&gt;#Kremlin&lt;/a&gt; insider. &lt;br&gt;Also, no one counts soldiers of &amp;quot;Luhansk &amp;amp; Donetsk Peoples Republics&amp;quot;. Aprox. 7,500 of them died&lt;a href=""https://twitter.com/hashtag/UkraineRussianWar?src=hash&amp;amp;ref_src=twsrc%5Etfw""&gt;#UkraineRussianWar&lt;/a&gt; &lt;a href=""https://t.co/4iFB9pSgL3""&gt;https://t.co/4iFB9pSgL3&lt;/a&gt;&lt;/p&gt;&amp;mdash; Konotop Witch (@KonotopW) &lt;a href=""https://twitter.com/KonotopW/status/1520340288052645888?ref_src=twsrc%5Etfw""&gt;April 30, 2022&lt;/a&gt;&lt;/blockquote&gt;\n&lt;script async src=""https://platform.twitter.com/widgets.js"" charset=""utf-8""&gt;&lt;/script&gt;\n', 'provider_name': 'Twitter', 'provider_url': 'https://twitter.com', 'type': 'rich', 'url': 'https://twitter.com/KonotopW/status/1520340288052645888', 'version': '1.0', 'width': 350}, 'type': 'twitter.com'}","{'content': '&lt;blockquote class=""twitter-video""&gt;&lt;p lang=""en"" dir=""ltr""&gt;In a report to &lt;a href=""https://twitter.com/hashtag/Putin?src=hash&amp;amp;ref_src=twsrc%5Etfw""&gt;#Putin&lt;/a&gt;: 34,245 &lt;a href=""https://twitter.com/hashtag/RussianSoldiers?src=hash&amp;amp;ref_src=twsrc%5Etfw""&gt;#RussianSoldiers&lt;/a&gt; died as of 6am on April 30 (PMC &amp;amp; regular army). Up from 30,557 on April 22, according to our &lt;a href=""https://twitter.com/hashtag/Kremlin?src=hash&amp;amp;ref_src=twsrc%5Etfw""&gt;#Kremlin&lt;/a&gt; insider. &lt;br&gt;Also, no one counts soldiers of &amp;quot;Luhansk &amp;amp; Donetsk Peoples Republics&amp;quot;. Aprox. 7,500 of them died&lt;a href=""https://twitter.com/hashtag/UkraineRussianWar?src=hash&amp;amp;ref_src=twsrc%5Etfw""&gt;#UkraineRussianWar&lt;/a&gt; &lt;a href=""https://t.co/4iFB9pSgL3""&gt;https://t.co/4iFB9pSgL3&lt;/a&gt;&lt;/p&gt;&amp;mdash; Konotop Witch (@KonotopW) &lt;a href=""https://twitter.com/KonotopW/status/1520340288052645888?ref_src=twsrc%5Etfw""&gt;April 30, 2022&lt;/a&gt;&lt;/blockquote&gt;\n&lt;script async src=""https://platform.twitter.com/widgets.js"" charset=""utf-8""&gt;&lt;/script&gt;\n', 'height': 200, 'media_domain_url': 'https://www.redditmedia.com/mediaembed/uffzfl', 'scrolling': False, 'width': 350}",
[],False,tiptopbooga,,[],,text,t2_e0h5vnyk,False,False,False,[],False,False,1651323419,self.geopolitics,https://www.reddit.com/r/geopolitics/comments/ufajsx/what_is_your_opinion_of_the_american_lifestyles/,{},ufajsx,False,False,False,False,False,False,True,False,,[],dark,text,False,False,True,0,0,False,all_ads,/r/geopolitics/comments/ufajsx/what_is_your_opinion_of_the_american_lifestyles/,False,6,automod_filtered,1651323430,1,[removed],True,False,False,geopolitics,t5_2qhnn,383912,public,old,self,What is your opinion of the American lifestyle's dependency on personal vehicles? Is it an actual problem?,0,[],1.0,https://www.reddit.com/r/geopolitics/comments/ufajsx/what_is_your_opinion_of_the_american_lifestyles/,all_ads,6,1651294619.0,,,,,,,,,,,,
[],False,pine_apple_supreme,,[],,text,t2_9b8ys09l,False,False,False,[],False,False,1651313717,self.geopolitics,https://www.reddit.com/r/geopolitics/comments/uf87ym/whats_gonna_happen_to_countries_with_declining/,{},uf87ym,False,False,False,False,False,False,True,False,,[],dark,text,False,False,True,0,0,False,all_ads,/r/geopolitics/comments/uf87ym/whats_gonna_happen_to_countries_with_declining/,False,6,automod_filtered,1651313727,1,[removed],True,False,False,geopolitics,t5_2qhnn,383856,public,old,self,Whatâ€™s gonna happen to countries with declining populations?,0,[],1.0,https://www.reddit.com/r/geopolitics/comments/uf87ym/whats_gonna_happen_to_countries_with_declining/,all_ads,6,1651284917.0,,,,,,,,,,,,
[],False,IthunnuhtI,,[],,text,t2_296a8zcd,False,False,False,[],False,False,1651305297,self.geopolitics,https://www.reddit.com/r/geopolitics/comments/uf6gkj/azov_battalion_funded_by_jewish_businessman/,{},uf6gkj,False,False,False,False,False,False,True,False,,[],dark,text,False,False,True,0,0,False,all_ads,/r/geopolitics/comments/uf6gkj/azov_battalion_funded_by_jewish_businessman/,False,6,moderator,1651305307,1,[removed],True,False,False,geopolitics,t5_2qhnn,383823,public,old,self,Azov Battalion funded by Jewish businessman?,0,[],1.0,https://www.reddit.com/r/geopolitics/comments/uf6gkj/azov_battalion_funded_by_jewish_businessman/,all_ads,6,1651276497.0,,,self,"{'enabled': False, 'images': [{'id': 'wJ2hPcjzXHl9luYl1QPwL_xrZczg8zfV4EeI8fi3N2o', 'resolutions': [{'height': 16, 'url': 'https://external-preview.redd.it/bbQAUnOQs-_Y40evZW8Kal3Xx2IQZDIt9tMeH1GJHgQ.jpg?width=108&amp;crop=smart&amp;auto=webp&amp;s=c465af500ad8d4a02548aa006df24a1b667272b9', 'width': 108}, {'height': 32, 'url': 'https://external-preview.redd.it/bbQAUnOQs-_Y40evZW8Kal3Xx2IQZDIt9tMeH1GJHgQ.jpg?width=216&amp;crop=smart&amp;auto=webp&amp;s=ccea7ce2e3a67844eeea1bd94a4dfff33c320d6a', 'width': 216}], 'source': {'height': 38, 'url': 'https://external-preview.redd.it/bbQAUnOQs-_Y40evZW8Kal3Xx2IQZDIt9tMeH1GJHgQ.jpg?auto=webp&amp;s=6f2e671ebf431cdf172cdcf7825df621a1828578', 'width': 250}, 'variants': {}}]}",,,,,,,,
[],False,RufusTheFirefly,,[],,text,t2_a90ux,False,False,False,[],False,False,1651301227,self.geopolitics,https://www.reddit.com/r/geopolitics/comments/uf5leq/unanswered_questions_on_the_ukrainianrussian_war/,{},uf5leq,False,True,False,False,False,True,True,False,#ad56af,[],light,text,False,False,True,0,0,False,all_ads,/r/geopolitics/comments/uf5leq/unanswered_questions_on_the_ukrainianrussian_war/,False,6,,1651301237,1,"Here are a few questions that I don't see being addressed much but should make for interesting discussion here:  


* **What is Putin planning for the 1 million forcibly deported Ukrainian civilians?**
   * 1 million Ukrainians are estimated to have been forcibly deported from eastern Ukraine to eastern Russia.
   * The tactic does have some precedent in Soviet history but I suspect the strategy is different this time.[https://www.washingtonpost.com/history/2022/04/02/russia-deportation-ukraine-baltics/](https://www.washingtonpost.com/history/2022/04/02/russia-deportation-ukraine-baltics/)  
I'd be interested if anyone has any other precedents to point to.
   * There have already been reports of Russian offers to trade civilians for POWs.
   * This is potentially strong Russian leverage in peace talks. Is there anything Ukraine can do to counter this? Any sort of rescue operation seems out of the question given that Ukraine doesn't have a navy and that Russia's landmass is enormous.
* **Why is the Russian Naval force in the Black Sea still afloat?**
   * Everyone, including me, was surprised when Ukraine managed to take out the Moskva. Even more surprising is that by all accounts they managed to do so with their own missile technology (and a cheap drone distraction).
   * But now we are in a different phase. The western powers have made clear that they have no hesitation in handing Ukraine whatever weapons are available. And Turkey is enforcing an agreement that stipulates that warships cannot pass through the Turkish straits. Now no Russian naval ship can leave or enter the Black Sea.
   * So if you are a country like the US, UK, France, etc..., why not give Ukraine whatever stealth sub drones/stealth missiles you have that you think can take out Russian warships and let them loose in the Black Sea? For those countries/companies it is a once-in-a-lifetime chance to test out their technology and eradicate an irreplaceable Russian fleet in the process.
   * Obviously you don't want that tech falling into the wrong hands, but frankly that should be manageable. Underwater tech is the easiest to self-destruct.
   * It may be that this will happen a month from now and it's only a matter of timing. It seems to me that this is not the occasion to be hesitant.
* **Should Ukraine and the west offer a face-saving way out for Putin and if so, what could that be?**
   * The sanctions have considerably upped the ante on this war. Any resolution that does not include the relaxation of those sanctions will be a very tough pill for Russia to swallow. And I don't see the sanctions being relaxed as long as Russia continues to hold Ukrainian territory. At the same time, I can't see Russia declaring victory without holding any Ukrainian territory and I can't see Putin declaring defeat as it would very likely be his downfall.
   * So the question is -- is there something else that can be offered which would both allow a Russian declaration of victory and yet satisfy Ukraine and the west enough to end the war + sanctions? I can't come up with anything. Any ideas? If not, we may be looking at a very long conflict indeed.
   * The alternative is that Russia builds up leverage not just against Ukraine but against the West as well. They could for instance threaten to use Russian submarine attacks on cargo ships to block every major strait/western port. That would be extremely dangerous for Russia as their navy is heavily outmatched but perhaps there are some other similar moves I'm not considering. There is of course the scary possibility of building leverage through a demonstrated willingness to use tactical nukes/chemical weapons.
   * You could also answer that there is no possible resolution until Putin is replaced. But that is very dangerous for the world as well. Coups and instability in general in the world's second largest nuclear power are a terrifying possibility. A peaceful transfer of power supported by the population would be much, much safer. I don't like him either but thousands of loose nuclear weapons is something I dislike even more.
   * Really what we're asking here is, if Ukraine wants to fight on (and every indication is that they do), how can this war possibly end?
* **What is the demographic effect of this on Russia?**
   * Russia's demographics are already abysmal. ""In 2018, the total fertility rate across Russia was estimated to be 1.6 children born per woman"". And that was before Covid took a huge bite out of the population. Russian demographics have only been kept afloat in the last 20 years by immigrants. It has the third-largest immigrant population in the world (almost all from ex-Soviet States).
   * Now you have \~20-25,000 dead Russian 18-25 year old males (increasing with every day that this war continues) and you have hundreds of thousands - a million Russians who have emmigrated since the war has begun. [https://www.dw.com/en/who-are-the-russians-leaving-their-country/a-61364390](https://www.dw.com/en/who-are-the-russians-leaving-their-country/a-61364390).
   * Now the economy is suffering and millions of those immigrants who came to Russia for work are going to start going back. And the young native Russians fleeing the country are not just any Russians, they are the ones with the skills and education you most require to improve the economy long term. What happens when Putin declares that conscripts are going to start being sent to Ukraine as well? How many more will try to flee then?
   * I wouldn't be surprised if Russia tried to close its borders to stop emmigration a la the Soviet Union.
* **Will any other countries see this as an opportunity to reclaim territory from Russia as well?**
   * With the Russian army looking both weak and thoroughly preoccupied at the moment, will any other countries be bold enough to jump on this chance? Japan just reestablished territorial claims on islands between Japan and Russia. Georgia has begun applying to join the EU. Moldova is increasingly nervous about Russian plans for Transnistria.
   * Let's say you are the Georgian or Moldovan government and you speak to Biden and discover that the US is willing to extend the terms of the lend-lease deal with Ukraine to you as well should you make your move now. And why not? Russia has taken your land as well, just like it has Ukraine's, and the US feels a bit hypocritical for not supporting you more then. Do you seize this opportunity? It's unlikely to come around again.
   * What about Chechens? Will they be tempted to rise up once more?
   * Russia has an incredible land mass. One that neither its population nor its economy can really support these days. Now there's blood in the water as well ...

Anyway, I'd love to hear thoughts from other geopolitically-minded users on these questions I don't have answers to.",True,False,False,geopolitics,t5_2qhnn,383793,public,old,self,Unanswered Questions on the Ukrainian-Russian War,0,[],1.0,https://www.reddit.com/r/geopolitics/comments/uf5leq/unanswered_questions_on_the_ukrainianrussian_war/,all_ads,6,1651272427.0,discussion,Discussion,self,"{'enabled': False, 'images': [{'id': 'FRpFdwKDfiYeBM8n6fyxCqjwfR5rc8z4ZCRY6yd4dDo', 'resolutions': [{'height': 71, 'url': 'https://external-preview.redd.it/D-DVQOHTwLbur6_iJJW2ZTeFKKtojKuGnjGI2x8p8tk.jpg?width=108&amp;crop=smart&amp;auto=webp&amp;s=737a8883e6719c4fde8931d33df2d44ba269fb19', 'width': 108}, {'height': 143, 'url': 'https://external-preview.redd.it/D-DVQOHTwLbur6_iJJW2ZTeFKKtojKuGnjGI2x8p8tk.jpg?width=216&amp;crop=smart&amp;auto=webp&amp;s=35e75e8adc8f7401f5520bb1e6fb51d0d36a6508', 'width': 216}, {'height': 212, 'url': 'https://external-preview.redd.it/D-DVQOHTwLbur6_iJJW2ZTeFKKtojKuGnjGI2x8p8tk.jpg?width=320&amp;crop=smart&amp;auto=webp&amp;s=a8f09798667877ee7c7d7100121f468da06f44d7', 'width': 320}, {'height': 424, 'url': 'https://external-preview.redd.it/D-DVQOHTwLbur6_iJJW2ZTeFKKtojKuGnjGI2x8p8tk.jpg?width=640&amp;crop=smart&amp;auto=webp&amp;s=2b891b953184d48e60e814518d70b260320ddd96', 'width': 640}, {'height': 636, 'url': 'https://external-preview.redd.it/D-DVQOHTwLbur6_iJJW2ZTeFKKtojKuGnjGI2x8p8tk.jpg?width=960&amp;crop=smart&amp;auto=webp&amp;s=5fdbc7b0998ce4a28a5318e18d6a2639fe21305a', 'width': 960}, {'height': 716, 'url': 'https://external-preview.redd.it/D-DVQOHTwLbur6_iJJW2ZTeFKKtojKuGnjGI2x8p8tk.jpg?width=1080&amp;crop=smart&amp;auto=webp&amp;s=5d41c89bcba86c4364082c6eee1505bcc5403bae', 'width': 1080}], 'source': {'height': 955, 'url': 'https://external-preview.redd.it/D-DVQOHTwLbur6_iJJW2ZTeFKKtojKuGnjGI2x8p8tk.jpg?auto=webp&amp;s=6c5d90d225319f9d2c15d0b09bc689fa3590760c', 'width': 1440}, 'variants': {}}]}",,,,,,,,ee1410ee-f9a2-11e2-b1dc-12313b0cf20e
[],False,gavin-gandy,,[],,text,t2_lj4s9j7a,False,False,False,[],False,False,1651289150,google.com,https://www.reddit.com/r/geopolitics/comments/uf2jl2/the_future_of_prudent_geopolitics_is_definitely/,{},uf2jl2,False,False,False,False,False,False,False,False,,[],dark,text,False,False,True,1,0,False,all_ads,/r/geopolitics/comments/uf2jl2/the_future_of_prudent_geopolitics_is_definitely/,False,6,reddit,1651289161,1,,True,False,False,geopolitics,t5_2qhnn,383681,public,old,https://b.thumbs.redditmedia.com/iETDFctzL_fBMs6M-TmMcE8uzxkjqk0Ys4SzbaJLKIg.jpg,The future of prudent geopolitics is definitely more women in leadership roles driving corporations as well as countries. #ChristineLagarde #UrsulavonderLeyen #JacindaArdern #KajaKallas #AlexandriaOcasioCortez More countries need women leaders to make the world a better place?,0,[],1.0,https://www.google.com/amp/s/www.hrdconnect.com/2021/06/16/future-of-work-how-female-leaders-are-transforming-the-workplace/,all_ads,6,1651260350.0,,,link,"{'enabled': False, 'images': [{'id': 'Qf64B9JtvHTfgtWnhJmn5D8xQ-x19TzNwnyfK3_N_uI', 'resolutions': [{'height': 32, 'url': 'https://external-preview.redd.it/EUsxhPk9FeoacU3oWk-yl9zj802Xc6oZgCvY9C8SuIg.jpg?width=108&amp;crop=smart&amp;auto=webp&amp;s=3b8e703b9d28a88104bf6cb9208c317d8d63eaf0', 'width': 108}, {'height': 64, 'url': 'https://external-preview.redd.it/EUsxhPk9FeoacU3oWk-yl9zj802Xc6oZgCvY9C8SuIg.jpg?width=216&amp;crop=smart&amp;auto=webp&amp;s=4199233452acd9e9fdacb0c7108352a87d600b55', 'width': 216}, {'height': 96, 'url': 'https://external-preview.redd.it/EUsxhPk9FeoacU3oWk-yl9zj802Xc6oZgCvY9C8SuIg.jpg?width=320&amp;crop=smart&amp;auto=webp&amp;s=068ef8fa2326455070ea8a482d33207773571f41', 'width': 320}, {'height': 192, 'url': 'https://external-preview.redd.it/EUsxhPk9FeoacU3oWk-yl9zj802Xc6oZgCvY9C8SuIg.jpg?width=640&amp;crop=smart&amp;auto=webp&amp;s=dcbb87167d1388677288d4340cb5c626d27eac75', 'width': 640}, {'height': 288, 'url': 'https://external-preview.redd.it/EUsxhPk9FeoacU3oWk-yl9zj802Xc6oZgCvY9C8SuIg.jpg?width=960&amp;crop=smart&amp;auto=webp&amp;s=813d583d9fc58eba80b8460011c6f4506d739b93', 'width': 960}], 'source': {'height': 300, 'url': 'https://external-preview.redd.it/EUsxhPk9FeoacU3oWk-yl9zj802Xc6oZgCvY9C8SuIg.jpg?auto=webp&amp;s=ae93382facc3136b704235da245e001f5e81259f', 'width': 1000}, 'variants': {}}]}",42.0,140.0,https://www.google.com/amp/s/www.hrdconnect.com/2021/06/16/future-of-work-how-female-leaders-are-transforming-the-workplace/,,,,,
