all_awardings,allow_live_comments,author,author_flair_css_class,author_flair_richtext,author_flair_text,author_flair_type,author_fullname,author_is_blocked,author_patreon_flair,author_premium,awarders,can_mod_post,contest_mode,created_utc,domain,full_link,gildings,id,is_created_from_ads_ui,is_crosspostable,is_meta,is_original_content,is_reddit_media_domain,is_robot_indexable,is_self,is_video,link_flair_background_color,link_flair_richtext,link_flair_text_color,link_flair_type,locked,media_only,no_follow,num_comments,num_crossposts,over_18,parent_whitelist_status,permalink,pinned,post_hint,preview,pwls,retrieved_on,score,selftext,send_replies,spoiler,stickied,subreddit,subreddit_id,subreddit_subscribers,subreddit_type,thumbnail,thumbnail_height,thumbnail_width,title,total_awards_received,treatment_tags,upvote_ratio,url,url_overridden_by_dest,whitelist_status,wls,created,media,media_embed,secure_media,secure_media_embed,media_metadata,removed_by_category
[],False,MasterCoasff,,[],,text,t2_nhw0b0ui,False,False,False,[],False,False,1653692275,i.redd.it,https://www.reddit.com/r/UkraineInvasionVideos/comments/uza2t9/hope_you_guy_will_like_it/,{},uza2t9,False,True,False,False,True,True,False,False,,[],dark,text,False,False,True,0,0,False,no_ads,/r/UkraineInvasionVideos/comments/uza2t9/hope_you_guy_will_like_it/,False,image,"{'enabled': True, 'images': [{'id': 'GZriZdBd3PqoHA-h1u3gbW__Ue0RemaUyH-WYCtk7m8', 'resolutions': [{'height': 130, 'url': 'https://preview.redd.it/ed799cjmm3291.jpg?width=108&amp;crop=smart&amp;auto=webp&amp;s=c50ecf8bcccec23474ad062bf5fb80c3b4d52600', 'width': 108}, {'height': 261, 'url': 'https://preview.redd.it/ed799cjmm3291.jpg?width=216&amp;crop=smart&amp;auto=webp&amp;s=2b3dc8993a0a4ed91649833eac385f87b2899b65', 'width': 216}, {'height': 387, 'url': 'https://preview.redd.it/ed799cjmm3291.jpg?width=320&amp;crop=smart&amp;auto=webp&amp;s=828ff23db937328ab3b207bd991eab3da73080b4', 'width': 320}], 'source': {'height': 767, 'url': 'https://preview.redd.it/ed799cjmm3291.jpg?auto=webp&amp;s=9f135519707549aa75fa76d2a72a7c6b4d882dc3', 'width': 633}, 'variants': {}}]}",0,1653692286,1,,True,False,False,UkraineInvasionVideos,t5_5wkihl,50925,public,https://b.thumbs.redditmedia.com/4hbQEBiNsL8sdzpGj7Ag1hSynz01b50Fjhy31FgpJHU.jpg,140,140,Hope you Guy Will Like It.,0,[],1.0,https://i.redd.it/ed799cjmm3291.jpg,https://i.redd.it/ed799cjmm3291.jpg,no_ads,0,1653663475.0,,,,,,
[],False,winaph,,[],,text,t2_ksxi66u4,False,False,False,[],False,False,1653689613,/r/UkraineInvasionVideos/comments/uz97dk/thats_how_its_done/,https://www.reddit.com/r/UkraineInvasionVideos/comments/uz97dk/thats_how_its_done/,{},uz97dk,False,True,False,False,False,True,False,True,,[],dark,text,False,False,True,0,0,False,no_ads,/r/UkraineInvasionVideos/comments/uz97dk/thats_how_its_done/,False,hosted:video,"{'enabled': False, 'images': [{'id': 'MaSH5_9vhbS-29JFWLr9W9emHMKgfN9bBQ7M5toDZ0I', 'resolutions': [{'height': 60, 'url': 'https://external-preview.redd.it/hudOeaf_NWlUpRhhtZQkNM7fr-pviNl0JzACJzVDViY.png?width=108&amp;crop=smart&amp;format=pjpg&amp;auto=webp&amp;s=c90b1ff90e67547fe2eaa7d094d6b466ab5d3a2e', 'width': 108}, {'height': 121, 'url': 'https://external-preview.redd.it/hudOeaf_NWlUpRhhtZQkNM7fr-pviNl0JzACJzVDViY.png?width=216&amp;crop=smart&amp;format=pjpg&amp;auto=webp&amp;s=595ca37061567db1903b001d507af5347d649f64', 'width': 216}, {'height': 180, 'url': 'https://external-preview.redd.it/hudOeaf_NWlUpRhhtZQkNM7fr-pviNl0JzACJzVDViY.png?width=320&amp;crop=smart&amp;format=pjpg&amp;auto=webp&amp;s=f7cd93991fd43cc816257bdd850bf620955fac46', 'width': 320}, {'height': 360, 'url': 'https://external-preview.redd.it/hudOeaf_NWlUpRhhtZQkNM7fr-pviNl0JzACJzVDViY.png?width=640&amp;crop=smart&amp;format=pjpg&amp;auto=webp&amp;s=fe1151c284f85368b8631fac714fd638d14af12e', 'width': 640}, {'height': 540, 'url': 'https://external-preview.redd.it/hudOeaf_NWlUpRhhtZQkNM7fr-pviNl0JzACJzVDViY.png?width=960&amp;crop=smart&amp;format=pjpg&amp;auto=webp&amp;s=d8b0969c7f67061e884c52704f7c4a69a027a6bd', 'width': 960}, {'height': 607, 'url': 'https://external-preview.redd.it/hudOeaf_NWlUpRhhtZQkNM7fr-pviNl0JzACJzVDViY.png?width=1080&amp;crop=smart&amp;format=pjpg&amp;auto=webp&amp;s=2ca13ab789dcfea33fceda5e45fbbdf7a07e7bd3', 'width': 1080}], 'source': {'height': 1080, 'url': 'https://external-preview.redd.it/hudOeaf_NWlUpRhhtZQkNM7fr-pviNl0JzACJzVDViY.png?format=pjpg&amp;auto=webp&amp;s=18102bc7c15ae2bf07431372b68faa06edbf039e', 'width': 1920}, 'variants': {}}]}",0,1653689624,1,,True,False,False,UkraineInvasionVideos,t5_5wkihl,50922,public,https://b.thumbs.redditmedia.com/HV4_hQLZVaB6E_lgLdM6sxw13x5jDQntC1EQ6dO0LZs.jpg,78,140,That's how it's done.,0,[],1.0,https://v.redd.it/gho2ozpbe3291,https://v.redd.it/gho2ozpbe3291,no_ads,0,1653660813.0,,,,,,
[],False,Belekuris,,[],,text,t2_14msl7dg,False,False,False,[],False,False,1653687781,youtube.com,https://www.reddit.com/r/UkraineInvasionVideos/comments/uz8ljw/how_ukraine_plans_to_push_russia_out_in_less_than/,{},uz8ljw,False,True,False,False,False,True,False,False,,[],dark,text,False,False,True,0,0,False,no_ads,/r/UkraineInvasionVideos/comments/uz8ljw/how_ukraine_plans_to_push_russia_out_in_less_than/,False,rich:video,"{'enabled': False, 'images': [{'id': 'UXa0ZgUM8hY7zkfzRDY9ovBd6JPpDqFOaN_zPpiHOkA', 'resolutions': [{'height': 81, 'url': 'https://external-preview.redd.it/07XqxIT4rESmk3YfR2wCaXCeIK4d0QxKsf0gMgXbEZ4.jpg?width=108&amp;crop=smart&amp;auto=webp&amp;s=0178fa122fcdcfd3966012a2f2dedbfc2c000fcc', 'width': 108}, {'height': 162, 'url': 'https://external-preview.redd.it/07XqxIT4rESmk3YfR2wCaXCeIK4d0QxKsf0gMgXbEZ4.jpg?width=216&amp;crop=smart&amp;auto=webp&amp;s=fe3c5085c6e25f8f64a804abf32e4d627fcdbabd', 'width': 216}, {'height': 240, 'url': 'https://external-preview.redd.it/07XqxIT4rESmk3YfR2wCaXCeIK4d0QxKsf0gMgXbEZ4.jpg?width=320&amp;crop=smart&amp;auto=webp&amp;s=dcca14eae601545c2aaff0c121fa0391da981a1e', 'width': 320}], 'source': {'height': 360, 'url': 'https://external-preview.redd.it/07XqxIT4rESmk3YfR2wCaXCeIK4d0QxKsf0gMgXbEZ4.jpg?auto=webp&amp;s=8d6eedd20c14170e666ecc4f021cf2491171d3f5', 'width': 480}, 'variants': {}}]}",0,1653687792,1,,True,False,False,UkraineInvasionVideos,t5_5wkihl,50921,public,https://b.thumbs.redditmedia.com/-KIn5sKARbRY3IlfE4ulgfMFsuSCFEug4nALLi-Aq6Q.jpg,105,140,How Ukraine Plans To Push Russia Out In Less Than A Month.,0,[],1.0,https://youtube.com/watch?v=twYVlO9QdgY&amp;feature=share,https://youtube.com/watch?v=twYVlO9QdgY&amp;feature=share,no_ads,0,1653658981.0,"{'oembed': {'author_name': 'AI Reacts', 'author_url': 'https://www.youtube.com/channel/UCw4ep9WZ0Wem4nG5MxCSDKA', 'height': 200, 'html': '&lt;iframe width=""356"" height=""200"" src=""https://www.youtube.com/embed/twYVlO9QdgY?feature=oembed&amp;enablejsapi=1"" frameborder=""0"" allow=""accelerometer; autoplay; clipboard-write; encrypted-media; gyroscope; picture-in-picture"" allowfullscreen&gt;&lt;/iframe&gt;', 'provider_name': 'YouTube', 'provider_url': 'https://www.youtube.com/', 'thumbnail_height': 360, 'thumbnail_url': 'https://i.ytimg.com/vi/twYVlO9QdgY/hqdefault.jpg', 'thumbnail_width': 480, 'title': 'menesis ‐ Made with Clipchamp', 'type': 'video', 'version': '1.0', 'width': 356}, 'type': 'youtube.com'}","{'content': '&lt;iframe width=""356"" height=""200"" src=""https://www.youtube.com/embed/twYVlO9QdgY?feature=oembed&amp;enablejsapi=1"" frameborder=""0"" allow=""accelerometer; autoplay; clipboard-write; encrypted-media; gyroscope; picture-in-picture"" allowfullscreen&gt;&lt;/iframe&gt;', 'height': 200, 'scrolling': False, 'width': 356}","{'oembed': {'author_name': 'AI Reacts', 'author_url': 'https://www.youtube.com/channel/UCw4ep9WZ0Wem4nG5MxCSDKA', 'height': 200, 'html': '&lt;iframe width=""356"" height=""200"" src=""https://www.youtube.com/embed/twYVlO9QdgY?feature=oembed&amp;enablejsapi=1"" frameborder=""0"" allow=""accelerometer; autoplay; clipboard-write; encrypted-media; gyroscope; picture-in-picture"" allowfullscreen&gt;&lt;/iframe&gt;', 'provider_name': 'YouTube', 'provider_url': 'https://www.youtube.com/', 'thumbnail_height': 360, 'thumbnail_url': 'https://i.ytimg.com/vi/twYVlO9QdgY/hqdefault.jpg', 'thumbnail_width': 480, 'title': 'menesis ‐ Made with Clipchamp', 'type': 'video', 'version': '1.0', 'width': 356}, 'type': 'youtube.com'}","{'content': '&lt;iframe width=""356"" height=""200"" src=""https://www.youtube.com/embed/twYVlO9QdgY?feature=oembed&amp;enablejsapi=1"" frameborder=""0"" allow=""accelerometer; autoplay; clipboard-write; encrypted-media; gyroscope; picture-in-picture"" allowfullscreen&gt;&lt;/iframe&gt;', 'height': 200, 'media_domain_url': 'https://www.redditmedia.com/mediaembed/uz8ljw', 'scrolling': False, 'width': 356}",,
[],False,DarkEagleZ2022,,[],,text,t2_9lq4tho9,False,False,False,[],False,False,1653685207,youtu.be,https://www.reddit.com/r/UkraineInvasionVideos/comments/uz7p51/russian_bmp_goes_for_a_flight_after_falling_on/,{},uz7p51,False,True,False,False,False,True,False,False,,[],dark,text,False,False,True,0,0,False,no_ads,/r/UkraineInvasionVideos/comments/uz7p51/russian_bmp_goes_for_a_flight_after_falling_on/,False,rich:video,"{'enabled': False, 'images': [{'id': '8Ijt1DyKSQRqPN97GWIz9FWkYRkCEorA8vJ8bx2Ynl0', 'resolutions': [{'height': 81, 'url': 'https://external-preview.redd.it/nqbwcN2YJVslyFJ1iq7yaJGE1lR_Tcc_eRzdIosHDKM.jpg?width=108&amp;crop=smart&amp;auto=webp&amp;s=e4b133caa71f7f09018f6a92347ae24688419d99', 'width': 108}, {'height': 162, 'url': 'https://external-preview.redd.it/nqbwcN2YJVslyFJ1iq7yaJGE1lR_Tcc_eRzdIosHDKM.jpg?width=216&amp;crop=smart&amp;auto=webp&amp;s=d8680c48c3c0e1b6579a05d7c73c83c09aba2fd2', 'width': 216}, {'height': 240, 'url': 'https://external-preview.redd.it/nqbwcN2YJVslyFJ1iq7yaJGE1lR_Tcc_eRzdIosHDKM.jpg?width=320&amp;crop=smart&amp;auto=webp&amp;s=1ade9b5aeb6db733a6c02e2582930a6cdbed1423', 'width': 320}], 'source': {'height': 360, 'url': 'https://external-preview.redd.it/nqbwcN2YJVslyFJ1iq7yaJGE1lR_Tcc_eRzdIosHDKM.jpg?auto=webp&amp;s=8a6c5988d5bc20544a19ed10a55583684b08428c', 'width': 480}, 'variants': {}}]}",0,1653685218,1,,True,False,False,UkraineInvasionVideos,t5_5wkihl,50921,public,https://a.thumbs.redditmedia.com/WojmIXAglWlHu0GRGMuYMXAd2nz_IiTA8xKOr9eaud4.jpg,105,140,Russian BMP goes for a flight after falling on ukrainian mine,0,[],1.0,https://youtu.be/GhikcQkEQ08,https://youtu.be/GhikcQkEQ08,no_ads,0,1653656407.0,"{'oembed': {'author_name': 'Frontline Report', 'author_url': 'https://www.youtube.com/channel/UC-iEWh-G6Ok4y6_9PioGrkg', 'height': 200, 'html': '&lt;iframe width=""356"" height=""200"" src=""https://www.youtube.com/embed/GhikcQkEQ08?feature=oembed&amp;enablejsapi=1"" frameborder=""0"" allow=""accelerometer; autoplay; clipboard-write; encrypted-media; gyroscope; picture-in-picture"" allowfullscreen&gt;&lt;/iframe&gt;', 'provider_name': 'YouTube', 'provider_url': 'https://www.youtube.com/', 'thumbnail_height': 360, 'thumbnail_url': 'https://i.ytimg.com/vi/GhikcQkEQ08/hqdefault.jpg', 'thumbnail_width': 480, 'title': 'Russian BMP turns to pieces after falling on ukrainian mine', 'type': 'video', 'version': '1.0', 'width': 356}, 'type': 'youtube.com'}","{'content': '&lt;iframe width=""356"" height=""200"" src=""https://www.youtube.com/embed/GhikcQkEQ08?feature=oembed&amp;enablejsapi=1"" frameborder=""0"" allow=""accelerometer; autoplay; clipboard-write; encrypted-media; gyroscope; picture-in-picture"" allowfullscreen&gt;&lt;/iframe&gt;', 'height': 200, 'scrolling': False, 'width': 356}","{'oembed': {'author_name': 'Frontline Report', 'author_url': 'https://www.youtube.com/channel/UC-iEWh-G6Ok4y6_9PioGrkg', 'height': 200, 'html': '&lt;iframe width=""356"" height=""200"" src=""https://www.youtube.com/embed/GhikcQkEQ08?feature=oembed&amp;enablejsapi=1"" frameborder=""0"" allow=""accelerometer; autoplay; clipboard-write; encrypted-media; gyroscope; picture-in-picture"" allowfullscreen&gt;&lt;/iframe&gt;', 'provider_name': 'YouTube', 'provider_url': 'https://www.youtube.com/', 'thumbnail_height': 360, 'thumbnail_url': 'https://i.ytimg.com/vi/GhikcQkEQ08/hqdefault.jpg', 'thumbnail_width': 480, 'title': 'Russian BMP turns to pieces after falling on ukrainian mine', 'type': 'video', 'version': '1.0', 'width': 356}, 'type': 'youtube.com'}","{'content': '&lt;iframe width=""356"" height=""200"" src=""https://www.youtube.com/embed/GhikcQkEQ08?feature=oembed&amp;enablejsapi=1"" frameborder=""0"" allow=""accelerometer; autoplay; clipboard-write; encrypted-media; gyroscope; picture-in-picture"" allowfullscreen&gt;&lt;/iframe&gt;', 'height': 200, 'media_domain_url': 'https://www.redditmedia.com/mediaembed/uz7p51', 'scrolling': False, 'width': 356}",,
[],False,Cloudberrymaster,,[],,text,t2_5gvdcjx6,False,False,False,[],False,False,1653677921,self.UkraineInvasionVideos,https://www.reddit.com/r/UkraineInvasionVideos/comments/uz56n3/believes_ukraine_will_win_and_that_ah64s_may/,{},uz56n3,False,True,False,False,False,True,True,False,,[],dark,text,False,False,True,0,0,False,no_ads,/r/UkraineInvasionVideos/comments/uz56n3/believes_ukraine_will_win_and_that_ah64s_may/,False,,,0,1653677932,1,"&amp;#x200B;

https://preview.redd.it/t7ep5y2yf2291.jpg?width=617&amp;format=pjpg&amp;auto=webp&amp;s=21384baa258a1c292f077929325c8779cf27f701

 [Believes Ukraine will win and that AH-64s may enter battle : RussiaUkraineWar2022 (reddit.com)](https://www.reddit.com/r/RussiaUkraineWar2022/comments/uz54jl/believes_ukraine_will_win_and_that_ah64s_may/)",True,False,False,UkraineInvasionVideos,t5_5wkihl,50915,public,https://b.thumbs.redditmedia.com/aonjrFVMLANaw7vmi4iyF3qm4wBwm9lNdjPiY4yLbSM.jpg,135,140,Believes Ukraine will win and that AH-64s may enter battle,0,[],1.0,https://www.reddit.com/r/UkraineInvasionVideos/comments/uz56n3/believes_ukraine_will_win_and_that_ah64s_may/,,no_ads,0,1653649121.0,,,,,"{'t7ep5y2yf2291': {'e': 'Image', 'id': 't7ep5y2yf2291', 'm': 'image/jpg', 'p': [{'u': 'https://preview.redd.it/t7ep5y2yf2291.jpg?width=108&amp;crop=smart&amp;auto=webp&amp;s=51b1c8e7dbc8830e2a943ef03f9d437c89554046', 'x': 108, 'y': 104}, {'u': 'https://preview.redd.it/t7ep5y2yf2291.jpg?width=216&amp;crop=smart&amp;auto=webp&amp;s=a5f63b7db1fbd84c372a18c88c2e04db95755551', 'x': 216, 'y': 208}, {'u': 'https://preview.redd.it/t7ep5y2yf2291.jpg?width=320&amp;crop=smart&amp;auto=webp&amp;s=322edc53104b21bac2a8338d7ac6fa55b1bc1e17', 'x': 320, 'y': 309}], 's': {'u': 'https://preview.redd.it/t7ep5y2yf2291.jpg?width=617&amp;format=pjpg&amp;auto=webp&amp;s=21384baa258a1c292f077929325c8779cf27f701', 'x': 617, 'y': 596}, 'status': 'valid'}}",
[],False,ArsenVla,,[],,text,t2_bhnbtlph,False,False,False,[],False,False,1653677051,/r/UkraineInvasionVideos/comments/uz4vvo/russia_uses_banned_phosphorus_munitions_against/,https://www.reddit.com/r/UkraineInvasionVideos/comments/uz4vvo/russia_uses_banned_phosphorus_munitions_against/,{},uz4vvo,False,True,False,False,False,True,False,True,,[],dark,text,False,False,True,0,0,False,no_ads,/r/UkraineInvasionVideos/comments/uz4vvo/russia_uses_banned_phosphorus_munitions_against/,False,hosted:video,"{'enabled': False, 'images': [{'id': 'mhlN7CA2lPGyNfyH1KnmhwDRhj8BwtNXKhfQprLuw0g', 'resolutions': [{'height': 190, 'url': 'https://external-preview.redd.it/Ru7aNqFTQVRfdPDnrSuHxshujvLbEZF9oCGSylXxSGU.png?width=108&amp;crop=smart&amp;format=pjpg&amp;auto=webp&amp;s=6c32f8a2f76e40125b974b037b1c5a67e1fbbf4f', 'width': 108}, {'height': 381, 'url': 'https://external-preview.redd.it/Ru7aNqFTQVRfdPDnrSuHxshujvLbEZF9oCGSylXxSGU.png?width=216&amp;crop=smart&amp;format=pjpg&amp;auto=webp&amp;s=162a7d1756e93420cfe978426017c33b6f7c2b46', 'width': 216}, {'height': 565, 'url': 'https://external-preview.redd.it/Ru7aNqFTQVRfdPDnrSuHxshujvLbEZF9oCGSylXxSGU.png?width=320&amp;crop=smart&amp;format=pjpg&amp;auto=webp&amp;s=8b0aa0b049a023660f9de2aec8d896247344f39b', 'width': 320}], 'source': {'height': 848, 'url': 'https://external-preview.redd.it/Ru7aNqFTQVRfdPDnrSuHxshujvLbEZF9oCGSylXxSGU.png?format=pjpg&amp;auto=webp&amp;s=3a8aedda50f11e4f9a3d1b5dd425adaa1420e084', 'width': 480}, 'variants': {}}]}",0,1653677062,1,,True,False,False,UkraineInvasionVideos,t5_5wkihl,50916,public,https://b.thumbs.redditmedia.com/SsomWEyHRT_sIbalav9GxvOPyJuvXn7gd-hY6eORSLk.jpg,140,140,#Russia uses banned phosphorus munitions against Ukrainian civilians! #RussianWarCrimesInUkraine #StopGenocideInUkraine,0,[],1.0,https://v.redd.it/ng9hj76cd2291,https://v.redd.it/ng9hj76cd2291,no_ads,0,1653648251.0,,,,,,
[],False,ArsenVla,,[],,text,t2_bhnbtlph,False,False,False,[],False,False,1653676995,i.redd.it,https://www.reddit.com/r/UkraineInvasionVideos/comments/uz4v66/russia_uses_banned_phosphorus_munitions_against/,{},uz4v66,False,True,False,False,True,True,False,False,,[],dark,text,False,False,True,0,0,False,no_ads,/r/UkraineInvasionVideos/comments/uz4v66/russia_uses_banned_phosphorus_munitions_against/,False,image,"{'enabled': True, 'images': [{'id': 'trgGekxQUIMu1DppBfWlTD5kLsOlZXYjphMSWzJUbYY', 'resolutions': [{'height': 108, 'url': 'https://preview.redd.it/husk6kawc2291.jpg?width=108&amp;crop=smart&amp;auto=webp&amp;s=93e9920e539699d914ad7cb50c2eb41ff7ff9d52', 'width': 108}, {'height': 216, 'url': 'https://preview.redd.it/husk6kawc2291.jpg?width=216&amp;crop=smart&amp;auto=webp&amp;s=4081c43d762e8400dffd0f121b7cb81fe3c0afef', 'width': 216}, {'height': 320, 'url': 'https://preview.redd.it/husk6kawc2291.jpg?width=320&amp;crop=smart&amp;auto=webp&amp;s=f4683db5f640f68141760dfd9a5b4139392607d8', 'width': 320}, {'height': 640, 'url': 'https://preview.redd.it/husk6kawc2291.jpg?width=640&amp;crop=smart&amp;auto=webp&amp;s=25c4d34a95b157093a690b4968c64a72c93330fc', 'width': 640}, {'height': 960, 'url': 'https://preview.redd.it/husk6kawc2291.jpg?width=960&amp;crop=smart&amp;auto=webp&amp;s=9d152f33dbde6d06d6738e9b75393806fad44b86', 'width': 960}], 'source': {'height': 1024, 'url': 'https://preview.redd.it/husk6kawc2291.jpg?auto=webp&amp;s=0c518bee0707440768954ccb88d31da0e2ca72f6', 'width': 1024}, 'variants': {}}]}",0,1653677006,1,,True,False,False,UkraineInvasionVideos,t5_5wkihl,50916,public,https://b.thumbs.redditmedia.com/YFcCc-Yf0b_ElJ1B77poADlAIthKSJpidaoqShJhiTA.jpg,140,140,#Russia uses banned phosphorus munitions against Ukrainian civilians! #RussianWarCrimesInUkraine #StopGenocideInUkraine,0,[],1.0,https://i.redd.it/husk6kawc2291.jpg,https://i.redd.it/husk6kawc2291.jpg,no_ads,0,1653648195.0,,,,,,
[],False,PoSpinelopatoy,,[],,text,t2_11xgdy,False,False,False,[],False,False,1653675878,/r/UkraineInvasionVideos/comments/uz4hcs/ukrainian_army_destroyed_another_russian_combat/,https://www.reddit.com/r/UkraineInvasionVideos/comments/uz4hcs/ukrainian_army_destroyed_another_russian_combat/,{},uz4hcs,False,True,False,False,False,True,False,True,,[],dark,text,False,False,True,0,0,False,no_ads,/r/UkraineInvasionVideos/comments/uz4hcs/ukrainian_army_destroyed_another_russian_combat/,False,hosted:video,"{'enabled': False, 'images': [{'id': 'bQewIQJiGNkRj_eiD-XpA9fgB6VZ7GCR26E1LzeoCrU', 'resolutions': [{'height': 60, 'url': 'https://external-preview.redd.it/Z86yuaF6gXd26QcoFlknCGCCLsnkIxYbaa6RZXcYYgc.png?width=108&amp;crop=smart&amp;format=pjpg&amp;auto=webp&amp;s=aa24e60dc954335981cd4721fa13e27d5c88d3cc', 'width': 108}, {'height': 121, 'url': 'https://external-preview.redd.it/Z86yuaF6gXd26QcoFlknCGCCLsnkIxYbaa6RZXcYYgc.png?width=216&amp;crop=smart&amp;format=pjpg&amp;auto=webp&amp;s=d5ba839534b64949c8b22b2167222feb2e0cd578', 'width': 216}, {'height': 180, 'url': 'https://external-preview.redd.it/Z86yuaF6gXd26QcoFlknCGCCLsnkIxYbaa6RZXcYYgc.png?width=320&amp;crop=smart&amp;format=pjpg&amp;auto=webp&amp;s=2135fe4e184814bfbca50acb2aff179d0cf24f1b', 'width': 320}, {'height': 360, 'url': 'https://external-preview.redd.it/Z86yuaF6gXd26QcoFlknCGCCLsnkIxYbaa6RZXcYYgc.png?width=640&amp;crop=smart&amp;format=pjpg&amp;auto=webp&amp;s=004e1f305c9b5254940ef375c3772828bba444ff', 'width': 640}, {'height': 540, 'url': 'https://external-preview.redd.it/Z86yuaF6gXd26QcoFlknCGCCLsnkIxYbaa6RZXcYYgc.png?width=960&amp;crop=smart&amp;format=pjpg&amp;auto=webp&amp;s=f33a49dd7bf25846c1b7af555775bcd37492e3fd', 'width': 960}, {'height': 607, 'url': 'https://external-preview.redd.it/Z86yuaF6gXd26QcoFlknCGCCLsnkIxYbaa6RZXcYYgc.png?width=1080&amp;crop=smart&amp;format=pjpg&amp;auto=webp&amp;s=78fbc61b54ac9cff42c1f92ca9228e59127b3d55', 'width': 1080}], 'source': {'height': 720, 'url': 'https://external-preview.redd.it/Z86yuaF6gXd26QcoFlknCGCCLsnkIxYbaa6RZXcYYgc.png?format=pjpg&amp;auto=webp&amp;s=243f7ee1cd74a7c4b3bde901628c5ddbe04c2eb7', 'width': 1280}, 'variants': {}}]}",0,1653675889,1,,True,False,False,UkraineInvasionVideos,t5_5wkihl,50914,public,https://b.thumbs.redditmedia.com/EbiBXkt-0eNRoGPeVuCR1N7P26tlzlPPPMwz89N34AY.jpg,78,140,"Ukrainian Army destroyed another russian combat helicopter Ка-52 ""Alligator"".",0,[],1.0,https://v.redd.it/np6pif6u92291,https://v.redd.it/np6pif6u92291,no_ads,0,1653647078.0,,,,,,
[],False,IcyConversation1224,,[],,text,t2_mxcmzu34,False,False,False,[],False,False,1653675453,youtube.com,https://www.reddit.com/r/UkraineInvasionVideos/comments/uz4c0t/is_putin_crazy_part_2/,{},uz4c0t,False,True,False,False,False,True,False,False,,[],dark,text,False,False,True,0,0,False,no_ads,/r/UkraineInvasionVideos/comments/uz4c0t/is_putin_crazy_part_2/,False,rich:video,"{'enabled': False, 'images': [{'id': 'NJ1f3R7AaCHlbxdST3qRgJ7uaBVPCOwkRvvDNoVN8p4', 'resolutions': [{'height': 81, 'url': 'https://external-preview.redd.it/8u_z9YWXV3YAolKWZWZmO1bShotvPTjPvNWUUHYW7DE.jpg?width=108&amp;crop=smart&amp;auto=webp&amp;s=91c295035fef1fc44a822690f9e382fcc881c713', 'width': 108}, {'height': 162, 'url': 'https://external-preview.redd.it/8u_z9YWXV3YAolKWZWZmO1bShotvPTjPvNWUUHYW7DE.jpg?width=216&amp;crop=smart&amp;auto=webp&amp;s=e73bccc0d4c7afdaaf5115c96dcaa1612e4cd25a', 'width': 216}, {'height': 240, 'url': 'https://external-preview.redd.it/8u_z9YWXV3YAolKWZWZmO1bShotvPTjPvNWUUHYW7DE.jpg?width=320&amp;crop=smart&amp;auto=webp&amp;s=c977bdb78b2e18bf05336e55267a141278acf595', 'width': 320}], 'source': {'height': 360, 'url': 'https://external-preview.redd.it/8u_z9YWXV3YAolKWZWZmO1bShotvPTjPvNWUUHYW7DE.jpg?auto=webp&amp;s=5bee05f990274216d65a308a09c176b201ffd648', 'width': 480}, 'variants': {}}]}",0,1653675463,1,,True,False,False,UkraineInvasionVideos,t5_5wkihl,50914,public,https://b.thumbs.redditmedia.com/kuhf6D78w1TMp6vLFpjFmFsLKGcbQxhp9U-R-6kv2fw.jpg,105,140,Is Putin crazy? (part 2),0,[],1.0,https://www.youtube.com/watch?v=BMlUqLWiHqQ,https://www.youtube.com/watch?v=BMlUqLWiHqQ,no_ads,0,1653646653.0,"{'oembed': {'author_name': 'Podcast Świat', 'author_url': 'https://www.youtube.com/c/PodcastSwiat', 'height': 200, 'html': '&lt;iframe width=""356"" height=""200"" src=""https://www.youtube.com/embed/BMlUqLWiHqQ?feature=oembed&amp;enablejsapi=1"" frameborder=""0"" allow=""accelerometer; autoplay; clipboard-write; encrypted-media; gyroscope; picture-in-picture"" allowfullscreen&gt;&lt;/iframe&gt;', 'provider_name': 'YouTube', 'provider_url': 'https://www.youtube.com/', 'thumbnail_height': 360, 'thumbnail_url': 'https://i.ytimg.com/vi/BMlUqLWiHqQ/hqdefault.jpg', 'thumbnail_width': 480, 'title': '[ŚWIAT AUDIO S2-35] Czy Władimir Putin oszalał? (część 2)', 'type': 'video', 'version': '1.0', 'width': 356}, 'type': 'youtube.com'}","{'content': '&lt;iframe width=""356"" height=""200"" src=""https://www.youtube.com/embed/BMlUqLWiHqQ?feature=oembed&amp;enablejsapi=1"" frameborder=""0"" allow=""accelerometer; autoplay; clipboard-write; encrypted-media; gyroscope; picture-in-picture"" allowfullscreen&gt;&lt;/iframe&gt;', 'height': 200, 'scrolling': False, 'width': 356}","{'oembed': {'author_name': 'Podcast Świat', 'author_url': 'https://www.youtube.com/c/PodcastSwiat', 'height': 200, 'html': '&lt;iframe width=""356"" height=""200"" src=""https://www.youtube.com/embed/BMlUqLWiHqQ?feature=oembed&amp;enablejsapi=1"" frameborder=""0"" allow=""accelerometer; autoplay; clipboard-write; encrypted-media; gyroscope; picture-in-picture"" allowfullscreen&gt;&lt;/iframe&gt;', 'provider_name': 'YouTube', 'provider_url': 'https://www.youtube.com/', 'thumbnail_height': 360, 'thumbnail_url': 'https://i.ytimg.com/vi/BMlUqLWiHqQ/hqdefault.jpg', 'thumbnail_width': 480, 'title': '[ŚWIAT AUDIO S2-35] Czy Władimir Putin oszalał? (część 2)', 'type': 'video', 'version': '1.0', 'width': 356}, 'type': 'youtube.com'}","{'content': '&lt;iframe width=""356"" height=""200"" src=""https://www.youtube.com/embed/BMlUqLWiHqQ?feature=oembed&amp;enablejsapi=1"" frameborder=""0"" allow=""accelerometer; autoplay; clipboard-write; encrypted-media; gyroscope; picture-in-picture"" allowfullscreen&gt;&lt;/iframe&gt;', 'height': 200, 'media_domain_url': 'https://www.redditmedia.com/mediaembed/uz4c0t', 'scrolling': False, 'width': 356}",,
[],False,bpra93,,[],,text,t2_zy62j,False,False,True,[],False,False,1653671715,amp.cnn.com,https://www.reddit.com/r/UkraineInvasionVideos/comments/uz30kz/us_preparing_to_approve_advanced_longrange_rocket/,{},uz30kz,False,True,False,False,False,True,False,False,,[],dark,text,False,False,False,0,0,False,no_ads,/r/UkraineInvasionVideos/comments/uz30kz/us_preparing_to_approve_advanced_longrange_rocket/,False,link,"{'enabled': False, 'images': [{'id': 'ktUWF23fip7L4yfVeDbFFFZS--CpJJbbqxU-mYCDc40', 'resolutions': [{'height': 60, 'url': 'https://external-preview.redd.it/ymHxhwJEMaLfF_dw35Jsa7QnmKnd7CC0cnUyzsG6c7E.jpg?width=108&amp;crop=smart&amp;auto=webp&amp;s=03b9fa42fc40e1507e2906259926f08751a8ff58', 'width': 108}, {'height': 121, 'url': 'https://external-preview.redd.it/ymHxhwJEMaLfF_dw35Jsa7QnmKnd7CC0cnUyzsG6c7E.jpg?width=216&amp;crop=smart&amp;auto=webp&amp;s=1af5781b438fd8d65f93854b028fd1648bfd3346', 'width': 216}, {'height': 180, 'url': 'https://external-preview.redd.it/ymHxhwJEMaLfF_dw35Jsa7QnmKnd7CC0cnUyzsG6c7E.jpg?width=320&amp;crop=smart&amp;auto=webp&amp;s=a848f6001bcf307b22f9abf3d4d4376fc73b3ec0', 'width': 320}, {'height': 360, 'url': 'https://external-preview.redd.it/ymHxhwJEMaLfF_dw35Jsa7QnmKnd7CC0cnUyzsG6c7E.jpg?width=640&amp;crop=smart&amp;auto=webp&amp;s=3e401460e9ef36aa141aa0386e7e0c8256e7fbf0', 'width': 640}, {'height': 540, 'url': 'https://external-preview.redd.it/ymHxhwJEMaLfF_dw35Jsa7QnmKnd7CC0cnUyzsG6c7E.jpg?width=960&amp;crop=smart&amp;auto=webp&amp;s=8460305080944a3fef77ad043cdb6824f00cddfa', 'width': 960}, {'height': 607, 'url': 'https://external-preview.redd.it/ymHxhwJEMaLfF_dw35Jsa7QnmKnd7CC0cnUyzsG6c7E.jpg?width=1080&amp;crop=smart&amp;auto=webp&amp;s=19f5ee7e04394c749970f2be4198dc2d30a1788c', 'width': 1080}], 'source': {'height': 619, 'url': 'https://external-preview.redd.it/ymHxhwJEMaLfF_dw35Jsa7QnmKnd7CC0cnUyzsG6c7E.jpg?auto=webp&amp;s=7bbc54be92a6b8d1f092d04ce4ae0c58b9f089ef', 'width': 1100}, 'variants': {}}]}",0,1653671726,1,,False,False,False,UkraineInvasionVideos,t5_5wkihl,50912,public,https://b.thumbs.redditmedia.com/I1EDTIowfArKN1H5PzAh7-jtz_aM2xYY3PDZ7uuKohs.jpg,78,140,US preparing to approve advanced long-range rocket system for Ukraine as Russian TV host warns of crossing a 'red line',0,[],1.0,https://amp.cnn.com/cnn/2022/05/26/politics/us-long-range-rockets-ukraine-mlrs/index.html,https://amp.cnn.com/cnn/2022/05/26/politics/us-long-range-rockets-ukraine-mlrs/index.html,no_ads,0,1653642915.0,,,,,,
[],False,JackEmptiness,,[],,text,t2_dllmcfvl,False,False,True,[],False,False,1653671254,i.redd.it,https://www.reddit.com/r/UkraineInvasionVideos/comments/uz2uiy/antirashist_meme_based_on_the_movie_dude_wheres/,{},uz2uiy,False,True,False,False,True,True,False,False,,[],dark,text,False,False,False,0,0,False,no_ads,/r/UkraineInvasionVideos/comments/uz2uiy/antirashist_meme_based_on_the_movie_dude_wheres/,False,image,"{'enabled': True, 'images': [{'id': 'bGQVyZ8yodZt4jZAJ9IV1LjePKif-AA50I5knmX5BLk', 'resolutions': [{'height': 103, 'url': 'https://preview.redd.it/tjlknow1w1291.jpg?width=108&amp;crop=smart&amp;auto=webp&amp;s=898274854a157f4c12d61ca805f4512c7a02aec1', 'width': 108}, {'height': 207, 'url': 'https://preview.redd.it/tjlknow1w1291.jpg?width=216&amp;crop=smart&amp;auto=webp&amp;s=e0d24129fb63a58014b6c9b0c1f78db0c3a57c9f', 'width': 216}, {'height': 307, 'url': 'https://preview.redd.it/tjlknow1w1291.jpg?width=320&amp;crop=smart&amp;auto=webp&amp;s=3774006a7f0c859fa3d634cfdbb58dbaa3cc5343', 'width': 320}, {'height': 615, 'url': 'https://preview.redd.it/tjlknow1w1291.jpg?width=640&amp;crop=smart&amp;auto=webp&amp;s=eaa339b88876aa25215334cddf7ea289de1ad41d', 'width': 640}, {'height': 923, 'url': 'https://preview.redd.it/tjlknow1w1291.jpg?width=960&amp;crop=smart&amp;auto=webp&amp;s=d7eb7b555ce7f67d9f74849f6c573cf0bf11369c', 'width': 960}, {'height': 1038, 'url': 'https://preview.redd.it/tjlknow1w1291.jpg?width=1080&amp;crop=smart&amp;auto=webp&amp;s=854b7ed11997172a98d237d17329674306ec3d4b', 'width': 1080}], 'source': {'height': 1290, 'url': 'https://preview.redd.it/tjlknow1w1291.jpg?auto=webp&amp;s=e06468c788774df06b4d32df3f14b648a1f5b403', 'width': 1341}, 'variants': {}}]}",0,1653671264,1,,True,False,False,UkraineInvasionVideos,t5_5wkihl,50912,public,https://a.thumbs.redditmedia.com/bvgXRruhNLUR1zdEks4s5vdvteV3ku4w7UohbywdLp0.jpg,134,140,"Antirashist meme based on the movie ""Dude, Where's My Car?"" and the real photo from Russia",0,[],1.0,https://i.redd.it/tjlknow1w1291.jpg,https://i.redd.it/tjlknow1w1291.jpg,no_ads,0,1653642454.0,,,,,,
[],False,BoyYeetzWorld,,[],,text,t2_3ve79uzd,False,False,False,[],False,False,1653666914,/r/UkraineInvasionVideos/comments/uz19ne/ukrainian_soldier_loses_cap_after_tank_fire/,https://www.reddit.com/r/UkraineInvasionVideos/comments/uz19ne/ukrainian_soldier_loses_cap_after_tank_fire/,{},uz19ne,False,True,False,False,False,True,False,True,,[],dark,text,False,False,True,0,0,False,no_ads,/r/UkraineInvasionVideos/comments/uz19ne/ukrainian_soldier_loses_cap_after_tank_fire/,False,hosted:video,"{'enabled': False, 'images': [{'id': 'TAOX0hddpLa9IUpRWwJHGQ_lp7RkrHRn0IH-2oicS-Y', 'resolutions': [{'height': 65, 'url': 'https://external-preview.redd.it/2PRWXsnFnyWBJ9BR1chKForAI1ks7CUge5ReTgZ6kjE.png?width=108&amp;crop=smart&amp;format=pjpg&amp;auto=webp&amp;s=f1a426dca0443885e2bd0853403349a54be32d69', 'width': 108}, {'height': 131, 'url': 'https://external-preview.redd.it/2PRWXsnFnyWBJ9BR1chKForAI1ks7CUge5ReTgZ6kjE.png?width=216&amp;crop=smart&amp;format=pjpg&amp;auto=webp&amp;s=a379e3b8d12f96fcee5d7c7727056151c550b3fe', 'width': 216}, {'height': 195, 'url': 'https://external-preview.redd.it/2PRWXsnFnyWBJ9BR1chKForAI1ks7CUge5ReTgZ6kjE.png?width=320&amp;crop=smart&amp;format=pjpg&amp;auto=webp&amp;s=365e9517781819d74ac852428daac8f810c0af68', 'width': 320}, {'height': 390, 'url': 'https://external-preview.redd.it/2PRWXsnFnyWBJ9BR1chKForAI1ks7CUge5ReTgZ6kjE.png?width=640&amp;crop=smart&amp;format=pjpg&amp;auto=webp&amp;s=7e2303ef7921267b285bd5853cf3f52ee7de1f4d', 'width': 640}], 'source': {'height': 480, 'url': 'https://external-preview.redd.it/2PRWXsnFnyWBJ9BR1chKForAI1ks7CUge5ReTgZ6kjE.png?format=pjpg&amp;auto=webp&amp;s=461a4263b8d3284650befd4e463e0726e06337c6', 'width': 786}, 'variants': {}}]}",0,1653666925,1,,True,False,False,UkraineInvasionVideos,t5_5wkihl,50909,public,https://b.thumbs.redditmedia.com/T9It2uhwoMj_JQoyWTwGm9wqK4PnOsUr2VAGWuzdkvE.jpg,85,140,Ukrainian soldier loses cap after tank fire,0,[],1.0,https://v.redd.it/0y2u6hi8j1291,https://v.redd.it/0y2u6hi8j1291,no_ads,0,1653638114.0,,,,,,
[],False,DarkEagleZ2022,,[],,text,t2_9lq4tho9,False,False,False,[],False,False,1653664326,youtu.be,https://www.reddit.com/r/UkraineInvasionVideos/comments/uz0d32/this_is_how_the_ukrainian_highlymobile_stugnap/,{},uz0d32,False,True,False,False,False,True,False,False,,[],dark,text,False,False,True,0,0,False,no_ads,/r/UkraineInvasionVideos/comments/uz0d32/this_is_how_the_ukrainian_highlymobile_stugnap/,False,rich:video,"{'enabled': False, 'images': [{'id': 'xxIfKm9hse7Z_mvWZ2J2Y8iXaxTzHqpgi-Xzx6Y8efk', 'resolutions': [{'height': 81, 'url': 'https://external-preview.redd.it/hNcK-cUJlgRI1rQwhqjOIXN7yRZe5rSKdawDbjjyNvA.jpg?width=108&amp;crop=smart&amp;auto=webp&amp;s=2aac1bbde0ff5429040611801658ff4a0d33e2fc', 'width': 108}, {'height': 162, 'url': 'https://external-preview.redd.it/hNcK-cUJlgRI1rQwhqjOIXN7yRZe5rSKdawDbjjyNvA.jpg?width=216&amp;crop=smart&amp;auto=webp&amp;s=71087aac983fe371575c74a894c867db38d88b5e', 'width': 216}, {'height': 240, 'url': 'https://external-preview.redd.it/hNcK-cUJlgRI1rQwhqjOIXN7yRZe5rSKdawDbjjyNvA.jpg?width=320&amp;crop=smart&amp;auto=webp&amp;s=3e65836275d4bee2ce31ece693dcd54202549a8b', 'width': 320}], 'source': {'height': 360, 'url': 'https://external-preview.redd.it/hNcK-cUJlgRI1rQwhqjOIXN7yRZe5rSKdawDbjjyNvA.jpg?auto=webp&amp;s=19c50bff666f44570db78d49748a32c7a75c359a', 'width': 480}, 'variants': {}}]}",0,1653664337,1,,True,False,False,UkraineInvasionVideos,t5_5wkihl,50905,public,https://a.thumbs.redditmedia.com/dxh7RG35de_y5Lj5cEO5tCD3dUu7s52IbCmUZ54Pc48.jpg,105,140,This is how the Ukrainian Highly-mobile Stugna-P teams operate,0,[],1.0,https://youtu.be/9oxvLuRKrqY,https://youtu.be/9oxvLuRKrqY,no_ads,0,1653635526.0,"{'oembed': {'author_name': 'Frontline Report', 'author_url': 'https://www.youtube.com/channel/UC-iEWh-G6Ok4y6_9PioGrkg', 'height': 200, 'html': '&lt;iframe width=""356"" height=""200"" src=""https://www.youtube.com/embed/9oxvLuRKrqY?feature=oembed&amp;enablejsapi=1"" frameborder=""0"" allow=""accelerometer; autoplay; clipboard-write; encrypted-media; gyroscope; picture-in-picture"" allowfullscreen&gt;&lt;/iframe&gt;', 'provider_name': 'YouTube', 'provider_url': 'https://www.youtube.com/', 'thumbnail_height': 360, 'thumbnail_url': 'https://i.ytimg.com/vi/9oxvLuRKrqY/hqdefault.jpg', 'thumbnail_width': 480, 'title': 'Ukrainian highly mobile Stugna-P team in action', 'type': 'video', 'version': '1.0', 'width': 356}, 'type': 'youtube.com'}","{'content': '&lt;iframe width=""356"" height=""200"" src=""https://www.youtube.com/embed/9oxvLuRKrqY?feature=oembed&amp;enablejsapi=1"" frameborder=""0"" allow=""accelerometer; autoplay; clipboard-write; encrypted-media; gyroscope; picture-in-picture"" allowfullscreen&gt;&lt;/iframe&gt;', 'height': 200, 'scrolling': False, 'width': 356}","{'oembed': {'author_name': 'Frontline Report', 'author_url': 'https://www.youtube.com/channel/UC-iEWh-G6Ok4y6_9PioGrkg', 'height': 200, 'html': '&lt;iframe width=""356"" height=""200"" src=""https://www.youtube.com/embed/9oxvLuRKrqY?feature=oembed&amp;enablejsapi=1"" frameborder=""0"" allow=""accelerometer; autoplay; clipboard-write; encrypted-media; gyroscope; picture-in-picture"" allowfullscreen&gt;&lt;/iframe&gt;', 'provider_name': 'YouTube', 'provider_url': 'https://www.youtube.com/', 'thumbnail_height': 360, 'thumbnail_url': 'https://i.ytimg.com/vi/9oxvLuRKrqY/hqdefault.jpg', 'thumbnail_width': 480, 'title': 'Ukrainian highly mobile Stugna-P team in action', 'type': 'video', 'version': '1.0', 'width': 356}, 'type': 'youtube.com'}","{'content': '&lt;iframe width=""356"" height=""200"" src=""https://www.youtube.com/embed/9oxvLuRKrqY?feature=oembed&amp;enablejsapi=1"" frameborder=""0"" allow=""accelerometer; autoplay; clipboard-write; encrypted-media; gyroscope; picture-in-picture"" allowfullscreen&gt;&lt;/iframe&gt;', 'height': 200, 'media_domain_url': 'https://www.redditmedia.com/mediaembed/uz0d32', 'scrolling': False, 'width': 356}",,
[],False,RedSlasher0,,[],,text,t2_lw0twt16,False,False,False,[],False,False,1653663636,youtube.com,https://www.reddit.com/r/UkraineInvasionVideos/comments/uz042g/american_and_british_volunteers_in_ukraine/,{},uz042g,False,False,False,False,False,False,False,False,,[],dark,text,False,False,True,0,0,False,no_ads,/r/UkraineInvasionVideos/comments/uz042g/american_and_british_volunteers_in_ukraine/,False,link,"{'enabled': False, 'images': [{'id': 'PhB0zEqL0m4BogowJmEs_vVdKHKMww0M1mIFivF1P6w', 'resolutions': [{'height': 81, 'url': 'https://external-preview.redd.it/cErau1JlkMMsqu0qiuJEX39bqwy9WknbyuAIbKSKvmk.jpg?width=108&amp;crop=smart&amp;auto=webp&amp;s=b5be12200f9968eeb9cd618bd57b17497c3470de', 'width': 108}, {'height': 162, 'url': 'https://external-preview.redd.it/cErau1JlkMMsqu0qiuJEX39bqwy9WknbyuAIbKSKvmk.jpg?width=216&amp;crop=smart&amp;auto=webp&amp;s=866d49e3973ef9270fac53a4c99ff17e2fa815bb', 'width': 216}, {'height': 240, 'url': 'https://external-preview.redd.it/cErau1JlkMMsqu0qiuJEX39bqwy9WknbyuAIbKSKvmk.jpg?width=320&amp;crop=smart&amp;auto=webp&amp;s=e4b4f3d0b0e9d0b2d492d15d99ce8909db11f671', 'width': 320}], 'source': {'height': 360, 'url': 'https://external-preview.redd.it/cErau1JlkMMsqu0qiuJEX39bqwy9WknbyuAIbKSKvmk.jpg?auto=webp&amp;s=af0c70ae64d59cc487abf6b306819c8c7ed6db4e', 'width': 480}, 'variants': {}}]}",0,1653663647,1,,True,False,False,UkraineInvasionVideos,t5_5wkihl,50904,public,https://b.thumbs.redditmedia.com/BMSP-K0NMwySs9oKG4DUw53ejNSN8cVW9CyLrCSHEQA.jpg,105,140,American and British Volunteers in Ukraine Striking a Russian BTR,0,[],1.0,https://youtube.com/shorts/NCv0UMFjB_c?feature=share,https://youtube.com/shorts/NCv0UMFjB_c?feature=share,no_ads,0,1653634836.0,,,,,,reddit
[],False,PoSpinelopatoy,,[],,text,t2_11xgdy,False,False,False,[],False,False,1653658651,i.redd.it,https://www.reddit.com/r/UkraineInvasionVideos/comments/uyyf1i/mig29_fighter_of_the_air_force_of_the_armed/,{},uyyf1i,False,True,False,False,True,True,False,False,,[],dark,text,False,False,True,0,0,False,no_ads,/r/UkraineInvasionVideos/comments/uyyf1i/mig29_fighter_of_the_air_force_of_the_armed/,False,image,"{'enabled': True, 'images': [{'id': 'OQdIoNlKBNCb0WFakUc2gSny57Td1Ru72YIaV-5v3U4', 'resolutions': [{'height': 69, 'url': 'https://preview.redd.it/hp2cqd8iu0291.jpg?width=108&amp;crop=smart&amp;auto=webp&amp;s=1b35a2db582388cf6592ebeed526a74e9bffe7a3', 'width': 108}, {'height': 138, 'url': 'https://preview.redd.it/hp2cqd8iu0291.jpg?width=216&amp;crop=smart&amp;auto=webp&amp;s=3d5ff2079fe987d64993d5ae378dda9b8b8141a2', 'width': 216}, {'height': 205, 'url': 'https://preview.redd.it/hp2cqd8iu0291.jpg?width=320&amp;crop=smart&amp;auto=webp&amp;s=aa7d2dce44aedd95c7684e34924af0b08bcfe7c6', 'width': 320}, {'height': 410, 'url': 'https://preview.redd.it/hp2cqd8iu0291.jpg?width=640&amp;crop=smart&amp;auto=webp&amp;s=a0c39815f1bdf630887de6a75506419675e95938', 'width': 640}], 'source': {'height': 513, 'url': 'https://preview.redd.it/hp2cqd8iu0291.jpg?auto=webp&amp;s=376b6cc4d5834deeb8830c28c0b26094fad96f01', 'width': 800}, 'variants': {}}]}",0,1653658661,1,,True,False,False,UkraineInvasionVideos,t5_5wkihl,50898,public,https://a.thumbs.redditmedia.com/IlMJQtI528-WHHNvr6ulTce8FKgrZEYrdtGOtSABWq8.jpg,89,140,MiG-29 fighter of the Air Force of the Armed Forces of Ukraine shot down a russian Su-35 fighter in the sky of Kherson oblast.,0,[],1.0,https://i.redd.it/hp2cqd8iu0291.jpg,https://i.redd.it/hp2cqd8iu0291.jpg,no_ads,0,1653629851.0,,,,,,
[],False,PoSpinelopatoy,,[],,text,t2_11xgdy,False,False,False,[],False,False,1653657843,/r/UkraineInvasionVideos/comments/uyy5p5/fighters_of_the_ukrainian_military_conducted/,https://www.reddit.com/r/UkraineInvasionVideos/comments/uyy5p5/fighters_of_the_ukrainian_military_conducted/,{},uyy5p5,False,True,False,False,False,True,False,True,,[],dark,text,False,False,True,0,0,False,no_ads,/r/UkraineInvasionVideos/comments/uyy5p5/fighters_of_the_ukrainian_military_conducted/,False,hosted:video,"{'enabled': False, 'images': [{'id': 'WrhMQoVq3q8uNPaCfQ_dyEqlVnwe-scQVTBg3FiyyWg', 'resolutions': [{'height': 57, 'url': 'https://external-preview.redd.it/omQTN1W7VNrIY32VGA7owI-422as4NxjiDYUC--w6iE.png?width=108&amp;crop=smart&amp;format=pjpg&amp;auto=webp&amp;s=28023ba18dfce22f6a37c635530d2c38c68ec467', 'width': 108}, {'height': 115, 'url': 'https://external-preview.redd.it/omQTN1W7VNrIY32VGA7owI-422as4NxjiDYUC--w6iE.png?width=216&amp;crop=smart&amp;format=pjpg&amp;auto=webp&amp;s=9fbf1bc5f0e832ebb29b23f6fcb6ff08ef34fa50', 'width': 216}, {'height': 170, 'url': 'https://external-preview.redd.it/omQTN1W7VNrIY32VGA7owI-422as4NxjiDYUC--w6iE.png?width=320&amp;crop=smart&amp;format=pjpg&amp;auto=webp&amp;s=ddcbf1f6e46a5a52fefd587329374a1a839a3d2d', 'width': 320}], 'source': {'height': 256, 'url': 'https://external-preview.redd.it/omQTN1W7VNrIY32VGA7owI-422as4NxjiDYUC--w6iE.png?format=pjpg&amp;auto=webp&amp;s=0ad03757dc8c6702cb4e7715295f07c67b2603db', 'width': 480}, 'variants': {}}]}",0,1653657854,1,,True,False,False,UkraineInvasionVideos,t5_5wkihl,50897,public,https://a.thumbs.redditmedia.com/TiYP2le383ZtJPMHmv06OEQ48CSE62fEL410Xm-WPW8.jpg,74,140,"Fighters of the Ukrainian military conducted training, demonstrating how to destroy enemy saboteurs if they risk stepping on the ground.",0,[],1.0,https://v.redd.it/2m704re6s0291,https://v.redd.it/2m704re6s0291,no_ads,0,1653629043.0,,,,,,
[],False,PoSpinelopatoy,,[],,text,t2_11xgdy,False,False,False,[],False,False,1653656347,i.redd.it,https://www.reddit.com/r/UkraineInvasionVideos/comments/uyxohd/the_struggle_for_the_motherland_continues/,{},uyxohd,False,True,False,False,True,True,False,False,,[],dark,text,False,False,True,0,0,False,no_ads,/r/UkraineInvasionVideos/comments/uyxohd/the_struggle_for_the_motherland_continues/,False,image,"{'enabled': True, 'images': [{'id': 'a67gh4aQDdn7XlYWs-NxowXlirfQB4kHlanPuvAlQu4', 'resolutions': [{'height': 134, 'url': 'https://preview.redd.it/mkarkm4hn0291.jpg?width=108&amp;crop=smart&amp;auto=webp&amp;s=e26a5212eb6c56c6ff3b6150a5ae2ed7fff75774', 'width': 108}, {'height': 269, 'url': 'https://preview.redd.it/mkarkm4hn0291.jpg?width=216&amp;crop=smart&amp;auto=webp&amp;s=f77af65d4cb1de381eb3a1521f7372899bc8b3b7', 'width': 216}, {'height': 399, 'url': 'https://preview.redd.it/mkarkm4hn0291.jpg?width=320&amp;crop=smart&amp;auto=webp&amp;s=41025be2f90872049b43bcbdd5787dca63c83e27', 'width': 320}, {'height': 798, 'url': 'https://preview.redd.it/mkarkm4hn0291.jpg?width=640&amp;crop=smart&amp;auto=webp&amp;s=2da45feabd1337087e68706a2f4532b8fe5730f0', 'width': 640}], 'source': {'height': 960, 'url': 'https://preview.redd.it/mkarkm4hn0291.jpg?auto=webp&amp;s=7692d0b190b8140a6984776b66300d32ca48eb66', 'width': 769}, 'variants': {}}]}",0,1653656357,1,,True,False,False,UkraineInvasionVideos,t5_5wkihl,50897,public,https://b.thumbs.redditmedia.com/8XifXgXgp2-ScgFVM6FSgPZ7WJLeWREL0Z-0_4IjOxk.jpg,140,140,The struggle for the Motherland continues. Ukrainian soldiers are indestructible in everything!,0,[],1.0,https://i.redd.it/mkarkm4hn0291.jpg,https://i.redd.it/mkarkm4hn0291.jpg,no_ads,0,1653627547.0,,,,,,
[],False,BoyYeetzWorld,,[],,text,t2_3ve79uzd,False,False,False,[],False,False,1653655578,/r/UkraineInvasionVideos/comments/uyxglq/american_volunteer_fighters_take_out_a_russian/,https://www.reddit.com/r/UkraineInvasionVideos/comments/uyxglq/american_volunteer_fighters_take_out_a_russian/,{},uyxglq,False,True,False,False,False,True,False,True,,[],dark,text,False,False,False,0,0,False,no_ads,/r/UkraineInvasionVideos/comments/uyxglq/american_volunteer_fighters_take_out_a_russian/,False,hosted:video,"{'enabled': False, 'images': [{'id': 'EAWQs3OP5ufAtJ2eH_1uv9e_aHXfYLOQiLPESHNf3GI', 'resolutions': [{'height': 192, 'url': 'https://external-preview.redd.it/HDVVcVSm6qNdSQs1NAV3Pq2-fYD0D0_N9IMW906-Zw0.png?width=108&amp;crop=smart&amp;format=pjpg&amp;auto=webp&amp;s=0aa2a30865ecfabf4b77afb7e9b122c93061de12', 'width': 108}, {'height': 384, 'url': 'https://external-preview.redd.it/HDVVcVSm6qNdSQs1NAV3Pq2-fYD0D0_N9IMW906-Zw0.png?width=216&amp;crop=smart&amp;format=pjpg&amp;auto=webp&amp;s=cc18c7d90f5bb012da29af1ed8ff50ebe6e6b3f5', 'width': 216}, {'height': 568, 'url': 'https://external-preview.redd.it/HDVVcVSm6qNdSQs1NAV3Pq2-fYD0D0_N9IMW906-Zw0.png?width=320&amp;crop=smart&amp;format=pjpg&amp;auto=webp&amp;s=10abc4b40ed102eda46eec4d4b79644779f11132', 'width': 320}, {'height': 1137, 'url': 'https://external-preview.redd.it/HDVVcVSm6qNdSQs1NAV3Pq2-fYD0D0_N9IMW906-Zw0.png?width=640&amp;crop=smart&amp;format=pjpg&amp;auto=webp&amp;s=8be44070c765a043a6a56b4ec0c3e63b1edd67ac', 'width': 640}, {'height': 1706, 'url': 'https://external-preview.redd.it/HDVVcVSm6qNdSQs1NAV3Pq2-fYD0D0_N9IMW906-Zw0.png?width=960&amp;crop=smart&amp;format=pjpg&amp;auto=webp&amp;s=2ef37e7c6070c092f9aa3f102d3d0e2d2cb01a5c', 'width': 960}, {'height': 1920, 'url': 'https://external-preview.redd.it/HDVVcVSm6qNdSQs1NAV3Pq2-fYD0D0_N9IMW906-Zw0.png?width=1080&amp;crop=smart&amp;format=pjpg&amp;auto=webp&amp;s=2f68cf22e53f1edb061c66818b4e5730d49f726c', 'width': 1080}], 'source': {'height': 1920, 'url': 'https://external-preview.redd.it/HDVVcVSm6qNdSQs1NAV3Pq2-fYD0D0_N9IMW906-Zw0.png?format=pjpg&amp;auto=webp&amp;s=06fb7b5c0e9c87c2dbaf0ba6de4f46012471c818', 'width': 1080}, 'variants': {}}]}",0,1653655589,1,,True,False,False,UkraineInvasionVideos,t5_5wkihl,50897,public,https://b.thumbs.redditmedia.com/D4GmlimURIj56SbGPVA9kkAHkfdCJksyQdjU_pWICYc.jpg,140,140,American volunteer fighters take out a Russian BTR-80,0,[],1.0,https://v.redd.it/sza78fzdl0291,https://v.redd.it/sza78fzdl0291,no_ads,0,1653626778.0,,,,,,
[],False,DarkEagleZ2022,,[],,text,t2_9lq4tho9,False,False,False,[],False,False,1653655423,youtu.be,https://www.reddit.com/r/UkraineInvasionVideos/comments/uyxf1n/ukrainian_soldier_destroys_russian_armored/,{},uyxf1n,False,True,False,False,False,True,False,False,,[],dark,text,False,False,True,0,0,False,no_ads,/r/UkraineInvasionVideos/comments/uyxf1n/ukrainian_soldier_destroys_russian_armored/,False,rich:video,"{'enabled': False, 'images': [{'id': 'cs2mh87voNPoqApxX8T11AnZDw5R7SOVsf1Yp2Q4NMI', 'resolutions': [{'height': 81, 'url': 'https://external-preview.redd.it/4ytAmUSK7jr07AId9vFh-2d3fCpNhL4SVQ3Rxpk2TYA.jpg?width=108&amp;crop=smart&amp;auto=webp&amp;s=2b0448850d0be6551e81e1d56539bf5c66692d84', 'width': 108}, {'height': 162, 'url': 'https://external-preview.redd.it/4ytAmUSK7jr07AId9vFh-2d3fCpNhL4SVQ3Rxpk2TYA.jpg?width=216&amp;crop=smart&amp;auto=webp&amp;s=856dc36236e805ea3cc10890a5782e25af8f3974', 'width': 216}, {'height': 240, 'url': 'https://external-preview.redd.it/4ytAmUSK7jr07AId9vFh-2d3fCpNhL4SVQ3Rxpk2TYA.jpg?width=320&amp;crop=smart&amp;auto=webp&amp;s=8243aa7e139957cb34e321ac3d1b47da42133eff', 'width': 320}], 'source': {'height': 360, 'url': 'https://external-preview.redd.it/4ytAmUSK7jr07AId9vFh-2d3fCpNhL4SVQ3Rxpk2TYA.jpg?auto=webp&amp;s=78f9836c1466d1d7ae36a38521c28de8b2c79113', 'width': 480}, 'variants': {}}]}",0,1653655434,1,,True,False,False,UkraineInvasionVideos,t5_5wkihl,50897,public,https://b.thumbs.redditmedia.com/9RrNa5sfmBbH5xBMPyo7IQnrpp5kmJfbyriMIbgR9HY.jpg,105,140,Ukrainian soldier destroys russian armored vehicle using Javelin!,0,[],1.0,https://youtu.be/S0cWlzqrVXo,https://youtu.be/S0cWlzqrVXo,no_ads,0,1653626623.0,"{'oembed': {'author_name': 'Frontline Report', 'author_url': 'https://www.youtube.com/channel/UC-iEWh-G6Ok4y6_9PioGrkg', 'height': 200, 'html': '&lt;iframe width=""356"" height=""200"" src=""https://www.youtube.com/embed/S0cWlzqrVXo?feature=oembed&amp;enablejsapi=1"" frameborder=""0"" allow=""accelerometer; autoplay; clipboard-write; encrypted-media; gyroscope; picture-in-picture"" allowfullscreen&gt;&lt;/iframe&gt;', 'provider_name': 'YouTube', 'provider_url': 'https://www.youtube.com/', 'thumbnail_height': 360, 'thumbnail_url': 'https://i.ytimg.com/vi/S0cWlzqrVXo/hqdefault.jpg', 'thumbnail_width': 480, 'title': 'Ukrainian soldiers use FGM-148 Javelin to destroy russian equipment', 'type': 'video', 'version': '1.0', 'width': 356}, 'type': 'youtube.com'}","{'content': '&lt;iframe width=""356"" height=""200"" src=""https://www.youtube.com/embed/S0cWlzqrVXo?feature=oembed&amp;enablejsapi=1"" frameborder=""0"" allow=""accelerometer; autoplay; clipboard-write; encrypted-media; gyroscope; picture-in-picture"" allowfullscreen&gt;&lt;/iframe&gt;', 'height': 200, 'scrolling': False, 'width': 356}","{'oembed': {'author_name': 'Frontline Report', 'author_url': 'https://www.youtube.com/channel/UC-iEWh-G6Ok4y6_9PioGrkg', 'height': 200, 'html': '&lt;iframe width=""356"" height=""200"" src=""https://www.youtube.com/embed/S0cWlzqrVXo?feature=oembed&amp;enablejsapi=1"" frameborder=""0"" allow=""accelerometer; autoplay; clipboard-write; encrypted-media; gyroscope; picture-in-picture"" allowfullscreen&gt;&lt;/iframe&gt;', 'provider_name': 'YouTube', 'provider_url': 'https://www.youtube.com/', 'thumbnail_height': 360, 'thumbnail_url': 'https://i.ytimg.com/vi/S0cWlzqrVXo/hqdefault.jpg', 'thumbnail_width': 480, 'title': 'Ukrainian soldiers use FGM-148 Javelin to destroy russian equipment', 'type': 'video', 'version': '1.0', 'width': 356}, 'type': 'youtube.com'}","{'content': '&lt;iframe width=""356"" height=""200"" src=""https://www.youtube.com/embed/S0cWlzqrVXo?feature=oembed&amp;enablejsapi=1"" frameborder=""0"" allow=""accelerometer; autoplay; clipboard-write; encrypted-media; gyroscope; picture-in-picture"" allowfullscreen&gt;&lt;/iframe&gt;', 'height': 200, 'media_domain_url': 'https://www.redditmedia.com/mediaembed/uyxf1n', 'scrolling': False, 'width': 356}",,
[],False,PoSpinelopatoy,,[],,text,t2_11xgdy,False,False,False,[],False,False,1653654450,/r/UkraineInvasionVideos/comments/uyx51z/american_volunteers_from_the_international_legion/,https://www.reddit.com/r/UkraineInvasionVideos/comments/uyx51z/american_volunteers_from_the_international_legion/,{},uyx51z,False,True,False,False,False,True,False,True,,[],dark,text,False,False,True,0,0,False,no_ads,/r/UkraineInvasionVideos/comments/uyx51z/american_volunteers_from_the_international_legion/,False,hosted:video,"{'enabled': False, 'images': [{'id': 'nxNdXWOG-FPi6P6dMXkb7O125z-34kyXSbpVJSsBhWw', 'resolutions': [{'height': 60, 'url': 'https://external-preview.redd.it/feo-fYZtEHyPhj0tcBYzBmP7qAW4-5wYxDCvm7BDJPo.png?width=108&amp;crop=smart&amp;format=pjpg&amp;auto=webp&amp;s=3a10890527f88d4210a52dd4a477639d40d8ceab', 'width': 108}, {'height': 121, 'url': 'https://external-preview.redd.it/feo-fYZtEHyPhj0tcBYzBmP7qAW4-5wYxDCvm7BDJPo.png?width=216&amp;crop=smart&amp;format=pjpg&amp;auto=webp&amp;s=499449697022c5ec4d7b9dfa45113ce6fa52e55a', 'width': 216}, {'height': 180, 'url': 'https://external-preview.redd.it/feo-fYZtEHyPhj0tcBYzBmP7qAW4-5wYxDCvm7BDJPo.png?width=320&amp;crop=smart&amp;format=pjpg&amp;auto=webp&amp;s=1c6b81aa6c0fb62c9099fa945990f16b882840af', 'width': 320}, {'height': 360, 'url': 'https://external-preview.redd.it/feo-fYZtEHyPhj0tcBYzBmP7qAW4-5wYxDCvm7BDJPo.png?width=640&amp;crop=smart&amp;format=pjpg&amp;auto=webp&amp;s=677a4d262ac3d040ee8991c9c0ab14ad2645dce7', 'width': 640}, {'height': 540, 'url': 'https://external-preview.redd.it/feo-fYZtEHyPhj0tcBYzBmP7qAW4-5wYxDCvm7BDJPo.png?width=960&amp;crop=smart&amp;format=pjpg&amp;auto=webp&amp;s=d2e54448c3014e091010b788e2c3417d00b72db1', 'width': 960}, {'height': 607, 'url': 'https://external-preview.redd.it/feo-fYZtEHyPhj0tcBYzBmP7qAW4-5wYxDCvm7BDJPo.png?width=1080&amp;crop=smart&amp;format=pjpg&amp;auto=webp&amp;s=625bf2a741672c10a3e096fd3dffa908e2093fbf', 'width': 1080}], 'source': {'height': 720, 'url': 'https://external-preview.redd.it/feo-fYZtEHyPhj0tcBYzBmP7qAW4-5wYxDCvm7BDJPo.png?format=pjpg&amp;auto=webp&amp;s=b5e7129a767b9b53a148e0dade03091ab921ea2e', 'width': 1280}, 'variants': {}}]}",0,1653654460,1,,True,False,False,UkraineInvasionVideos,t5_5wkihl,50898,public,https://a.thumbs.redditmedia.com/YK04dRsmXKYfWOzZlsrDIgOZAkwMVCaEY0_3DXxVvq0.jpg,78,140,"American volunteers from the international legion destroy BTR with the help of RGW-90 ""Matador"".",0,[],1.0,https://v.redd.it/sjs1qvy2i0291,https://v.redd.it/sjs1qvy2i0291,no_ads,0,1653625650.0,,,,,,
[],False,DarkEagleZ2022,,[],,text,t2_9lq4tho9,False,False,False,[],False,False,1653650489,youtu.be,https://www.reddit.com/r/UkraineInvasionVideos/comments/uyw1pj/american_volunteers_ambush_and_destroy_russian_btr/,{},uyw1pj,False,True,False,False,False,True,False,False,,[],dark,text,False,False,True,0,0,False,no_ads,/r/UkraineInvasionVideos/comments/uyw1pj/american_volunteers_ambush_and_destroy_russian_btr/,False,rich:video,"{'enabled': False, 'images': [{'id': 'hlug6uJBlGbGWkkftf9coqIuYIy-9eXVdiqJfjTbXjA', 'resolutions': [{'height': 81, 'url': 'https://external-preview.redd.it/aRu7bBM5uo3fFahzIKFxw1lCB2PmgMad0Cmze5M09Do.jpg?width=108&amp;crop=smart&amp;auto=webp&amp;s=e8e0a17cb764d8bb5e1e685a4a036f98d1bf2708', 'width': 108}, {'height': 162, 'url': 'https://external-preview.redd.it/aRu7bBM5uo3fFahzIKFxw1lCB2PmgMad0Cmze5M09Do.jpg?width=216&amp;crop=smart&amp;auto=webp&amp;s=73d0138644d57b5d390f9e1855fa540e447c9345', 'width': 216}, {'height': 240, 'url': 'https://external-preview.redd.it/aRu7bBM5uo3fFahzIKFxw1lCB2PmgMad0Cmze5M09Do.jpg?width=320&amp;crop=smart&amp;auto=webp&amp;s=1a2068e94b6b45b846504cc8d0f5cc204fa1e545', 'width': 320}], 'source': {'height': 360, 'url': 'https://external-preview.redd.it/aRu7bBM5uo3fFahzIKFxw1lCB2PmgMad0Cmze5M09Do.jpg?auto=webp&amp;s=a7459dddb14e2f5fb73f14d38e4caebfe625a2fa', 'width': 480}, 'variants': {}}]}",0,1653650499,1,,True,False,False,UkraineInvasionVideos,t5_5wkihl,50896,public,https://a.thumbs.redditmedia.com/v-CV9hIpwjee_qT3hp2EQLyhxzkUbf3-ds-Yhv5ysl8.jpg,105,140,American volunteers ambush and destroy russian BTR!,0,[],1.0,https://youtu.be/urxgS48BBmk,https://youtu.be/urxgS48BBmk,no_ads,0,1653621689.0,"{'oembed': {'author_name': 'Frontline Report', 'author_url': 'https://www.youtube.com/channel/UC-iEWh-G6Ok4y6_9PioGrkg', 'height': 200, 'html': '&lt;iframe width=""356"" height=""200"" src=""https://www.youtube.com/embed/urxgS48BBmk?feature=oembed&amp;enablejsapi=1"" frameborder=""0"" allow=""accelerometer; autoplay; clipboard-write; encrypted-media; gyroscope; picture-in-picture"" allowfullscreen&gt;&lt;/iframe&gt;', 'provider_name': 'YouTube', 'provider_url': 'https://www.youtube.com/', 'thumbnail_height': 360, 'thumbnail_url': 'https://i.ytimg.com/vi/urxgS48BBmk/hqdefault.jpg', 'thumbnail_width': 480, 'title': 'American volunteers of Ukraine Foreign Legion ambush &amp; destroy russian BTR-80', 'type': 'video', 'version': '1.0', 'width': 356}, 'type': 'youtube.com'}","{'content': '&lt;iframe width=""356"" height=""200"" src=""https://www.youtube.com/embed/urxgS48BBmk?feature=oembed&amp;enablejsapi=1"" frameborder=""0"" allow=""accelerometer; autoplay; clipboard-write; encrypted-media; gyroscope; picture-in-picture"" allowfullscreen&gt;&lt;/iframe&gt;', 'height': 200, 'scrolling': False, 'width': 356}","{'oembed': {'author_name': 'Frontline Report', 'author_url': 'https://www.youtube.com/channel/UC-iEWh-G6Ok4y6_9PioGrkg', 'height': 200, 'html': '&lt;iframe width=""356"" height=""200"" src=""https://www.youtube.com/embed/urxgS48BBmk?feature=oembed&amp;enablejsapi=1"" frameborder=""0"" allow=""accelerometer; autoplay; clipboard-write; encrypted-media; gyroscope; picture-in-picture"" allowfullscreen&gt;&lt;/iframe&gt;', 'provider_name': 'YouTube', 'provider_url': 'https://www.youtube.com/', 'thumbnail_height': 360, 'thumbnail_url': 'https://i.ytimg.com/vi/urxgS48BBmk/hqdefault.jpg', 'thumbnail_width': 480, 'title': 'American volunteers of Ukraine Foreign Legion ambush &amp; destroy russian BTR-80', 'type': 'video', 'version': '1.0', 'width': 356}, 'type': 'youtube.com'}","{'content': '&lt;iframe width=""356"" height=""200"" src=""https://www.youtube.com/embed/urxgS48BBmk?feature=oembed&amp;enablejsapi=1"" frameborder=""0"" allow=""accelerometer; autoplay; clipboard-write; encrypted-media; gyroscope; picture-in-picture"" allowfullscreen&gt;&lt;/iframe&gt;', 'height': 200, 'media_domain_url': 'https://www.redditmedia.com/mediaembed/uyw1pj', 'scrolling': False, 'width': 356}",,
[],False,ArsenVla,,[],,text,t2_bhnbtlph,False,False,False,[],False,False,1653648204,i.redd.it,https://www.reddit.com/r/UkraineInvasionVideos/comments/uyvhcx/france_germany_italy_this_is_what_your_small/,{},uyvhcx,False,True,False,False,True,True,False,False,,[],dark,text,False,False,True,0,0,False,no_ads,/r/UkraineInvasionVideos/comments/uyvhcx/france_germany_italy_this_is_what_your_small/,False,image,"{'enabled': True, 'images': [{'id': '_iTVyPGYRZEN_g2jqepiy7l5s6_JJAceupzDl75tX4U', 'resolutions': [{'height': 82, 'url': 'https://preview.redd.it/tiv9llglzz191.jpg?width=108&amp;crop=smart&amp;auto=webp&amp;s=4ea42bf1e50b7e4d85e47322cc194a30d0dd6da5', 'width': 108}, {'height': 165, 'url': 'https://preview.redd.it/tiv9llglzz191.jpg?width=216&amp;crop=smart&amp;auto=webp&amp;s=07263bd31b8f84ad876e67a9b74fe019df974be4', 'width': 216}, {'height': 245, 'url': 'https://preview.redd.it/tiv9llglzz191.jpg?width=320&amp;crop=smart&amp;auto=webp&amp;s=c373678b74311782a55b294e9c3d78f6f2f301e7', 'width': 320}, {'height': 490, 'url': 'https://preview.redd.it/tiv9llglzz191.jpg?width=640&amp;crop=smart&amp;auto=webp&amp;s=200a04928e829824ec00ccf4f379dbaa5cb4cf0d', 'width': 640}], 'source': {'height': 635, 'url': 'https://preview.redd.it/tiv9llglzz191.jpg?auto=webp&amp;s=c1607e91222ccbe8d89352b1c531666d4988b0aa', 'width': 828}, 'variants': {}}]}",0,1653648214,1,,True,False,False,UkraineInvasionVideos,t5_5wkihl,50896,public,https://b.thumbs.redditmedia.com/irt7KHg7Qz-p38w5otzTSioORigAQOKeZszrXYU7bzo.jpg,107,140,#France #Germany #Italy This is what your small concessions look like. Are you ready for this for your country? #Europe #EuropeanUnion #EU #Ukraine #RussiaUkraineWar #StopRussia #StopRussianAggression #StopPutinNOW #PutinHitler,0,[],1.0,https://i.redd.it/tiv9llglzz191.jpg,https://i.redd.it/tiv9llglzz191.jpg,no_ads,0,1653619404.0,,,,,,
[],False,MaryKrava,,[],,text,t2_58isjp33,False,False,False,[],False,False,1653641109,i.redd.it,https://www.reddit.com/r/UkraineInvasionVideos/comments/uyttrp/the_united_states_has_confiscated_iranian_oil/,{},uyttrp,False,True,False,False,True,True,False,False,,[],dark,text,False,False,False,0,0,False,no_ads,/r/UkraineInvasionVideos/comments/uyttrp/the_united_states_has_confiscated_iranian_oil/,False,image,"{'enabled': True, 'images': [{'id': 'y5iRhP6IBxX3MOmx4eqD_KYPzII5iKma_uV6R3AwFMY', 'resolutions': [{'height': 65, 'url': 'https://preview.redd.it/0c6sl5kgez191.jpg?width=108&amp;crop=smart&amp;auto=webp&amp;s=eb97feef2dc299967ee584ba9cef6d9e274587c2', 'width': 108}, {'height': 130, 'url': 'https://preview.redd.it/0c6sl5kgez191.jpg?width=216&amp;crop=smart&amp;auto=webp&amp;s=157eaea1827f9894bdcf4211fc8d2fa93a7bb0ab', 'width': 216}, {'height': 192, 'url': 'https://preview.redd.it/0c6sl5kgez191.jpg?width=320&amp;crop=smart&amp;auto=webp&amp;s=a15761a9bb4fd80df4cd76537893f2ad79517bab', 'width': 320}, {'height': 385, 'url': 'https://preview.redd.it/0c6sl5kgez191.jpg?width=640&amp;crop=smart&amp;auto=webp&amp;s=a29617d153918b247b03667b6b5513df1e180022', 'width': 640}], 'source': {'height': 470, 'url': 'https://preview.redd.it/0c6sl5kgez191.jpg?auto=webp&amp;s=0e3a023d6c9a1b033e42dd85f3f7f0915f7ce599', 'width': 780}, 'variants': {}}]}",0,1653641119,1,,True,False,False,UkraineInvasionVideos,t5_5wkihl,50893,public,https://b.thumbs.redditmedia.com/kYuBrtz0urUeDW1wMZabz5-Gf0mJwQn4elsJdsldqhI.jpg,84,140,"The United States has confiscated Iranian oil held on a Russian-operated ship near the Greek island of Evia in the Aegean Sea, according to news reports quoting Greek sources.",0,[],1.0,https://i.redd.it/0c6sl5kgez191.jpg,https://i.redd.it/0c6sl5kgez191.jpg,no_ads,0,1653612309.0,,,,,,
[],False,DarkEagleZ2022,,[],,text,t2_9lq4tho9,False,False,False,[],False,False,1653638770,youtu.be,https://www.reddit.com/r/UkraineInvasionVideos/comments/uytb49/ukraine_war_update_ukrainians_strike_back_on_the/,{},uytb49,False,True,False,False,False,True,False,False,,[],dark,text,False,False,False,0,0,False,no_ads,/r/UkraineInvasionVideos/comments/uytb49/ukraine_war_update_ukrainians_strike_back_on_the/,False,rich:video,"{'enabled': False, 'images': [{'id': 'scTYUHnTLp8jAm7XTPvHpFwb02hLjZ_wD8sqR7JXcOA', 'resolutions': [{'height': 81, 'url': 'https://external-preview.redd.it/SY2StXVjkzoGOIoGY0XW4R2xrBb7ba2i73a3xrTd-BY.jpg?width=108&amp;crop=smart&amp;auto=webp&amp;s=04b624d98d6f56770478fd22bac850c0559650ce', 'width': 108}, {'height': 162, 'url': 'https://external-preview.redd.it/SY2StXVjkzoGOIoGY0XW4R2xrBb7ba2i73a3xrTd-BY.jpg?width=216&amp;crop=smart&amp;auto=webp&amp;s=0c73f47f7084e180d9cc1bb8aac0c21c9103ed54', 'width': 216}, {'height': 240, 'url': 'https://external-preview.redd.it/SY2StXVjkzoGOIoGY0XW4R2xrBb7ba2i73a3xrTd-BY.jpg?width=320&amp;crop=smart&amp;auto=webp&amp;s=33a107bec2ba5554cb9a254d549e744c8058cc00', 'width': 320}], 'source': {'height': 360, 'url': 'https://external-preview.redd.it/SY2StXVjkzoGOIoGY0XW4R2xrBb7ba2i73a3xrTd-BY.jpg?auto=webp&amp;s=46ce0a1472dc794d5d42bb16e137913c896bd83a', 'width': 480}, 'variants': {}}]}",0,1653638781,1,,True,False,False,UkraineInvasionVideos,t5_5wkihl,50892,public,https://b.thumbs.redditmedia.com/YcQHWL3VVEa7SdcYD9rfFHD1NXq-PtqJbmi-tIuw0To.jpg,105,140,Ukraine War Update : Ukrainians strike back on the East!,0,[],1.0,https://youtu.be/mdkXd0U8YeM,https://youtu.be/mdkXd0U8YeM,no_ads,0,1653609970.0,"{'oembed': {'author_name': 'MILITARY LAB.', 'author_url': 'https://www.youtube.com/channel/UCRTq5KxoyKuquatzn2iF0Pg', 'height': 200, 'html': '&lt;iframe width=""356"" height=""200"" src=""https://www.youtube.com/embed/mdkXd0U8YeM?feature=oembed&amp;enablejsapi=1"" frameborder=""0"" allow=""accelerometer; autoplay; clipboard-write; encrypted-media; gyroscope; picture-in-picture"" allowfullscreen&gt;&lt;/iframe&gt;', 'provider_name': 'YouTube', 'provider_url': 'https://www.youtube.com/', 'thumbnail_height': 360, 'thumbnail_url': 'https://i.ytimg.com/vi/mdkXd0U8YeM/hqdefault.jpg', 'thumbnail_width': 480, 'title': 'Russian Invasion of Ukraine [26 May 2022] - Ukrainians strike back in Lypove but lose Lyman', 'type': 'video', 'version': '1.0', 'width': 356}, 'type': 'youtube.com'}","{'content': '&lt;iframe width=""356"" height=""200"" src=""https://www.youtube.com/embed/mdkXd0U8YeM?feature=oembed&amp;enablejsapi=1"" frameborder=""0"" allow=""accelerometer; autoplay; clipboard-write; encrypted-media; gyroscope; picture-in-picture"" allowfullscreen&gt;&lt;/iframe&gt;', 'height': 200, 'scrolling': False, 'width': 356}","{'oembed': {'author_name': 'MILITARY LAB.', 'author_url': 'https://www.youtube.com/channel/UCRTq5KxoyKuquatzn2iF0Pg', 'height': 200, 'html': '&lt;iframe width=""356"" height=""200"" src=""https://www.youtube.com/embed/mdkXd0U8YeM?feature=oembed&amp;enablejsapi=1"" frameborder=""0"" allow=""accelerometer; autoplay; clipboard-write; encrypted-media; gyroscope; picture-in-picture"" allowfullscreen&gt;&lt;/iframe&gt;', 'provider_name': 'YouTube', 'provider_url': 'https://www.youtube.com/', 'thumbnail_height': 360, 'thumbnail_url': 'https://i.ytimg.com/vi/mdkXd0U8YeM/hqdefault.jpg', 'thumbnail_width': 480, 'title': 'Russian Invasion of Ukraine [26 May 2022] - Ukrainians strike back in Lypove but lose Lyman', 'type': 'video', 'version': '1.0', 'width': 356}, 'type': 'youtube.com'}","{'content': '&lt;iframe width=""356"" height=""200"" src=""https://www.youtube.com/embed/mdkXd0U8YeM?feature=oembed&amp;enablejsapi=1"" frameborder=""0"" allow=""accelerometer; autoplay; clipboard-write; encrypted-media; gyroscope; picture-in-picture"" allowfullscreen&gt;&lt;/iframe&gt;', 'height': 200, 'media_domain_url': 'https://www.redditmedia.com/mediaembed/uytb49', 'scrolling': False, 'width': 356}",,
[],False,Infinite-Wheat,,[],,text,t2_npf5ewot,False,False,False,[],False,False,1653636445,/r/UkraineInvasionVideos/comments/uyss0j/demonstration_of_how_the_howitzer_fh_70_destroys/,https://www.reddit.com/r/UkraineInvasionVideos/comments/uyss0j/demonstration_of_how_the_howitzer_fh_70_destroys/,{},uyss0j,False,True,False,False,False,True,False,True,,[],dark,text,False,False,True,0,0,False,no_ads,/r/UkraineInvasionVideos/comments/uyss0j/demonstration_of_how_the_howitzer_fh_70_destroys/,False,hosted:video,"{'enabled': False, 'images': [{'id': 'YuikXhhxE_KnHZ_WYH_Sf374tbyfEZh4VcZ7k5fa3pk', 'resolutions': [{'height': 60, 'url': 'https://external-preview.redd.it/2q2VtQudgVEMBNw_3y4UV52aWCR2CvrpEr1xYqsB2bQ.png?width=108&amp;crop=smart&amp;format=pjpg&amp;auto=webp&amp;s=3d120474a6fe930c4e11526d03a838aa2c4a2e95', 'width': 108}, {'height': 121, 'url': 'https://external-preview.redd.it/2q2VtQudgVEMBNw_3y4UV52aWCR2CvrpEr1xYqsB2bQ.png?width=216&amp;crop=smart&amp;format=pjpg&amp;auto=webp&amp;s=20bf6eae69ef2fa36c586ead2504ae75ba5b9df0', 'width': 216}, {'height': 180, 'url': 'https://external-preview.redd.it/2q2VtQudgVEMBNw_3y4UV52aWCR2CvrpEr1xYqsB2bQ.png?width=320&amp;crop=smart&amp;format=pjpg&amp;auto=webp&amp;s=72f688fe7c9fef1dd9697cd556174f434a5fd7f1', 'width': 320}, {'height': 360, 'url': 'https://external-preview.redd.it/2q2VtQudgVEMBNw_3y4UV52aWCR2CvrpEr1xYqsB2bQ.png?width=640&amp;crop=smart&amp;format=pjpg&amp;auto=webp&amp;s=90418e5ad75e8670d036ee1dbe615523eb73e7f8', 'width': 640}, {'height': 540, 'url': 'https://external-preview.redd.it/2q2VtQudgVEMBNw_3y4UV52aWCR2CvrpEr1xYqsB2bQ.png?width=960&amp;crop=smart&amp;format=pjpg&amp;auto=webp&amp;s=15f436573b0c4e000cc6c99879d214c1d6973e1a', 'width': 960}, {'height': 607, 'url': 'https://external-preview.redd.it/2q2VtQudgVEMBNw_3y4UV52aWCR2CvrpEr1xYqsB2bQ.png?width=1080&amp;crop=smart&amp;format=pjpg&amp;auto=webp&amp;s=998dad5fa4c761274cadbdc7e0f26aa58c57e488', 'width': 1080}], 'source': {'height': 720, 'url': 'https://external-preview.redd.it/2q2VtQudgVEMBNw_3y4UV52aWCR2CvrpEr1xYqsB2bQ.png?format=pjpg&amp;auto=webp&amp;s=1eb20dd83a57facceaa257f0a0cdb6fda384832f', 'width': 1280}, 'variants': {}}]}",0,1653636456,1,,True,False,False,UkraineInvasionVideos,t5_5wkihl,50890,public,https://a.thumbs.redditmedia.com/KYUR1Zl_z4jGT6Sovz4yGgUVFTkBt9xGpQaRGECzOx4.jpg,78,140,Demonstration of how the howitzer FH 70 destroys the enemy.,0,[],1.0,https://v.redd.it/6ckkqvrd0z191,https://v.redd.it/6ckkqvrd0z191,no_ads,0,1653607645.0,,,,,,
[],False,eldashev,,[],,text,t2_ja3jl,False,False,True,[],False,False,1653635360,twitter.com,https://www.reddit.com/r/UkraineInvasionVideos/comments/uysj5f/russian_tos1a_shelling_ukrainian_positions_near/,{},uysj5f,False,True,False,False,False,True,False,False,,[],dark,text,False,False,True,0,0,False,no_ads,/r/UkraineInvasionVideos/comments/uysj5f/russian_tos1a_shelling_ukrainian_positions_near/,False,link,"{'enabled': False, 'images': [{'id': 'k000sy9EVSXy73Aw9yOETX4l5E6_obrjqXF3PbXiPGs', 'resolutions': [{'height': 60, 'url': 'https://external-preview.redd.it/DPj7oVciRHtJLWIrRnAlvs4lgVpbhgxMvCNKBbcoEWM.jpg?width=108&amp;crop=smart&amp;auto=webp&amp;s=e3a7a7849c78f8e2e45b51693ccbc25192579ac9', 'width': 108}], 'source': {'height': 78, 'url': 'https://external-preview.redd.it/DPj7oVciRHtJLWIrRnAlvs4lgVpbhgxMvCNKBbcoEWM.jpg?auto=webp&amp;s=57c4ab692b467fbfecd33f44caacd109bd94a755', 'width': 140}, 'variants': {}}]}",0,1653635370,1,,True,False,False,UkraineInvasionVideos,t5_5wkihl,50889,public,https://b.thumbs.redditmedia.com/ZMLhY-sZ0_lxsgE8AAuKjL6unTltDhRKX7L-r1MTbBo.jpg,78,140,"Russian TOS-1A shelling Ukrainian positions near Novomykhailivka, Donetsk region",0,[],1.0,https://twitter.com/DefenceU/status/1529715892803739648,https://twitter.com/DefenceU/status/1529715892803739648,no_ads,0,1653606560.0,"{'oembed': {'author_name': 'Defence of Ukraine', 'author_url': 'https://twitter.com/DefenceU', 'cache_age': 3153600000, 'height': None, 'html': '&lt;blockquote class=""twitter-video""&gt;&lt;p lang=""en"" dir=""ltr""&gt;russian TOS-1A shelling Ukrainian positions near Novomykhailivka, Donetsk region. This is what the the largest and most horrific war of the 21st century looks like. Ukraine is ready to strike back. To do this, we need NATO-style MLRS. Immediately. &lt;a href=""https://t.co/XwdBfAfEq8""&gt;pic.twitter.com/XwdBfAfEq8&lt;/a&gt;&lt;/p&gt;&amp;mdash; Defence of Ukraine (@DefenceU) &lt;a href=""https://twitter.com/DefenceU/status/1529715892803739648?ref_src=twsrc%5Etfw""&gt;May 26, 2022&lt;/a&gt;&lt;/blockquote&gt;\n&lt;script async src=""https://platform.twitter.com/widgets.js"" charset=""utf-8""&gt;&lt;/script&gt;\n', 'provider_name': 'Twitter', 'provider_url': 'https://twitter.com', 'type': 'rich', 'url': 'https://twitter.com/DefenceU/status/1529715892803739648', 'version': '1.0', 'width': 350}, 'type': 'twitter.com'}","{'content': '&lt;blockquote class=""twitter-video""&gt;&lt;p lang=""en"" dir=""ltr""&gt;russian TOS-1A shelling Ukrainian positions near Novomykhailivka, Donetsk region. This is what the the largest and most horrific war of the 21st century looks like. Ukraine is ready to strike back. To do this, we need NATO-style MLRS. Immediately. &lt;a href=""https://t.co/XwdBfAfEq8""&gt;pic.twitter.com/XwdBfAfEq8&lt;/a&gt;&lt;/p&gt;&amp;mdash; Defence of Ukraine (@DefenceU) &lt;a href=""https://twitter.com/DefenceU/status/1529715892803739648?ref_src=twsrc%5Etfw""&gt;May 26, 2022&lt;/a&gt;&lt;/blockquote&gt;\n&lt;script async src=""https://platform.twitter.com/widgets.js"" charset=""utf-8""&gt;&lt;/script&gt;\n', 'height': 200, 'scrolling': False, 'width': 350}","{'oembed': {'author_name': 'Defence of Ukraine', 'author_url': 'https://twitter.com/DefenceU', 'cache_age': 3153600000, 'height': None, 'html': '&lt;blockquote class=""twitter-video""&gt;&lt;p lang=""en"" dir=""ltr""&gt;russian TOS-1A shelling Ukrainian positions near Novomykhailivka, Donetsk region. This is what the the largest and most horrific war of the 21st century looks like. Ukraine is ready to strike back. To do this, we need NATO-style MLRS. Immediately. &lt;a href=""https://t.co/XwdBfAfEq8""&gt;pic.twitter.com/XwdBfAfEq8&lt;/a&gt;&lt;/p&gt;&amp;mdash; Defence of Ukraine (@DefenceU) &lt;a href=""https://twitter.com/DefenceU/status/1529715892803739648?ref_src=twsrc%5Etfw""&gt;May 26, 2022&lt;/a&gt;&lt;/blockquote&gt;\n&lt;script async src=""https://platform.twitter.com/widgets.js"" charset=""utf-8""&gt;&lt;/script&gt;\n', 'provider_name': 'Twitter', 'provider_url': 'https://twitter.com', 'type': 'rich', 'url': 'https://twitter.com/DefenceU/status/1529715892803739648', 'version': '1.0', 'width': 350}, 'type': 'twitter.com'}","{'content': '&lt;blockquote class=""twitter-video""&gt;&lt;p lang=""en"" dir=""ltr""&gt;russian TOS-1A shelling Ukrainian positions near Novomykhailivka, Donetsk region. This is what the the largest and most horrific war of the 21st century looks like. Ukraine is ready to strike back. To do this, we need NATO-style MLRS. Immediately. &lt;a href=""https://t.co/XwdBfAfEq8""&gt;pic.twitter.com/XwdBfAfEq8&lt;/a&gt;&lt;/p&gt;&amp;mdash; Defence of Ukraine (@DefenceU) &lt;a href=""https://twitter.com/DefenceU/status/1529715892803739648?ref_src=twsrc%5Etfw""&gt;May 26, 2022&lt;/a&gt;&lt;/blockquote&gt;\n&lt;script async src=""https://platform.twitter.com/widgets.js"" charset=""utf-8""&gt;&lt;/script&gt;\n', 'height': 200, 'media_domain_url': 'https://www.redditmedia.com/mediaembed/uysj5f', 'scrolling': False, 'width': 350}",,
[],False,finfangfoom1,,[],,text,t2_h284k,False,False,False,[],False,False,1653630667,youtu.be,https://www.reddit.com/r/UkraineInvasionVideos/comments/uyrd6x/how_it_is/,{},uyrd6x,False,True,False,False,False,True,False,False,,[],dark,text,False,False,True,0,0,False,no_ads,/r/UkraineInvasionVideos/comments/uyrd6x/how_it_is/,False,rich:video,"{'enabled': False, 'images': [{'id': '05t-Re3QZyuW9Q6p1rzXSi-5pcO4NsuadC1yr1mEB58', 'resolutions': [{'height': 81, 'url': 'https://external-preview.redd.it/nup9oHhUyOSlWAc67oEFM2LzJZJezRuoJOoH22Ntf_k.jpg?width=108&amp;crop=smart&amp;auto=webp&amp;s=9504eccf9bf47b3fcb316a83798ca40941f53094', 'width': 108}, {'height': 162, 'url': 'https://external-preview.redd.it/nup9oHhUyOSlWAc67oEFM2LzJZJezRuoJOoH22Ntf_k.jpg?width=216&amp;crop=smart&amp;auto=webp&amp;s=7ecea3960966e7476feb6af74b0372476c5a71ec', 'width': 216}, {'height': 240, 'url': 'https://external-preview.redd.it/nup9oHhUyOSlWAc67oEFM2LzJZJezRuoJOoH22Ntf_k.jpg?width=320&amp;crop=smart&amp;auto=webp&amp;s=04c707fa5239652652f226d3eb411872d4d82dee', 'width': 320}], 'source': {'height': 360, 'url': 'https://external-preview.redd.it/nup9oHhUyOSlWAc67oEFM2LzJZJezRuoJOoH22Ntf_k.jpg?auto=webp&amp;s=ca3cedc66de15e15bc978c8bd930d30243e001f1', 'width': 480}, 'variants': {}}]}",0,1653630678,1,,True,False,False,UkraineInvasionVideos,t5_5wkihl,50888,public,https://b.thumbs.redditmedia.com/f7MUXRV7gVa1hmjDTkYmOyqrgz9P3JsmeDp4cWF_ZMU.jpg,105,140,How it is,0,[],1.0,https://youtu.be/JcW8VNwYvL0,https://youtu.be/JcW8VNwYvL0,no_ads,0,1653601867.0,"{'oembed': {'author_name': 'theclashVEVO', 'author_url': 'https://www.youtube.com/user/theclashVEVO', 'height': 200, 'html': '&lt;iframe width=""356"" height=""200"" src=""https://www.youtube.com/embed/JcW8VNwYvL0?feature=oembed&amp;enablejsapi=1"" frameborder=""0"" allow=""accelerometer; autoplay; clipboard-write; encrypted-media; gyroscope; picture-in-picture"" allowfullscreen&gt;&lt;/iframe&gt;', 'provider_name': 'YouTube', 'provider_url': 'https://www.youtube.com/', 'thumbnail_height': 360, 'thumbnail_url': 'https://i.ytimg.com/vi/JcW8VNwYvL0/hqdefault.jpg', 'thumbnail_width': 480, 'title': 'The Clash - The Guns of Brixton (Official Audio)', 'type': 'video', 'version': '1.0', 'width': 356}, 'type': 'youtube.com'}","{'content': '&lt;iframe width=""356"" height=""200"" src=""https://www.youtube.com/embed/JcW8VNwYvL0?feature=oembed&amp;enablejsapi=1"" frameborder=""0"" allow=""accelerometer; autoplay; clipboard-write; encrypted-media; gyroscope; picture-in-picture"" allowfullscreen&gt;&lt;/iframe&gt;', 'height': 200, 'scrolling': False, 'width': 356}","{'oembed': {'author_name': 'theclashVEVO', 'author_url': 'https://www.youtube.com/user/theclashVEVO', 'height': 200, 'html': '&lt;iframe width=""356"" height=""200"" src=""https://www.youtube.com/embed/JcW8VNwYvL0?feature=oembed&amp;enablejsapi=1"" frameborder=""0"" allow=""accelerometer; autoplay; clipboard-write; encrypted-media; gyroscope; picture-in-picture"" allowfullscreen&gt;&lt;/iframe&gt;', 'provider_name': 'YouTube', 'provider_url': 'https://www.youtube.com/', 'thumbnail_height': 360, 'thumbnail_url': 'https://i.ytimg.com/vi/JcW8VNwYvL0/hqdefault.jpg', 'thumbnail_width': 480, 'title': 'The Clash - The Guns of Brixton (Official Audio)', 'type': 'video', 'version': '1.0', 'width': 356}, 'type': 'youtube.com'}","{'content': '&lt;iframe width=""356"" height=""200"" src=""https://www.youtube.com/embed/JcW8VNwYvL0?feature=oembed&amp;enablejsapi=1"" frameborder=""0"" allow=""accelerometer; autoplay; clipboard-write; encrypted-media; gyroscope; picture-in-picture"" allowfullscreen&gt;&lt;/iframe&gt;', 'height': 200, 'media_domain_url': 'https://www.redditmedia.com/mediaembed/uyrd6x', 'scrolling': False, 'width': 356}",,
[],False,Empty_Fault,,[],,text,t2_5h3feipv,False,False,False,[],False,False,1653617628,youtu.be,https://www.reddit.com/r/UkraineInvasionVideos/comments/uynnor/death_to_putin/,{},uynnor,False,True,False,False,False,True,False,False,,[],dark,text,False,False,True,0,0,False,no_ads,/r/UkraineInvasionVideos/comments/uynnor/death_to_putin/,False,rich:video,"{'enabled': False, 'images': [{'id': 'uH6Qz45BxcZsXTKx2Rg5PEA4act4AfQoU2JB7e-Pgwo', 'resolutions': [{'height': 81, 'url': 'https://external-preview.redd.it/HXgHJCDc7hZeN8sOSc82t1llXnlH_Xwy0sGoyJtxn9g.jpg?width=108&amp;crop=smart&amp;auto=webp&amp;s=d914d2babd4c525eae76491bd6e1ed31af685b35', 'width': 108}, {'height': 162, 'url': 'https://external-preview.redd.it/HXgHJCDc7hZeN8sOSc82t1llXnlH_Xwy0sGoyJtxn9g.jpg?width=216&amp;crop=smart&amp;auto=webp&amp;s=6cde6ae9d4f5904fee3440cb3de7164fda417efe', 'width': 216}, {'height': 240, 'url': 'https://external-preview.redd.it/HXgHJCDc7hZeN8sOSc82t1llXnlH_Xwy0sGoyJtxn9g.jpg?width=320&amp;crop=smart&amp;auto=webp&amp;s=aefcf87c14f4fa2df961f4b922ea0e9d4cd0ed49', 'width': 320}], 'source': {'height': 360, 'url': 'https://external-preview.redd.it/HXgHJCDc7hZeN8sOSc82t1llXnlH_Xwy0sGoyJtxn9g.jpg?auto=webp&amp;s=29e774b04aa840a3a796d2267c61cc8ca1127c96', 'width': 480}, 'variants': {}}]}",0,1653617639,1,,True,False,False,UkraineInvasionVideos,t5_5wkihl,50884,public,https://a.thumbs.redditmedia.com/zde8hwcTfwRJGbancY1-nalb8dU3rZgJ6kqqH7t0514.jpg,105,140,Death to putin,0,[],1.0,https://youtu.be/5bV5aNcBAck,https://youtu.be/5bV5aNcBAck,no_ads,0,1653588828.0,"{'oembed': {'author_name': 'Savenko Film', 'author_url': 'https://www.youtube.com/c/SavenkoFilm', 'height': 200, 'html': '&lt;iframe width=""356"" height=""200"" src=""https://www.youtube.com/embed/5bV5aNcBAck?feature=oembed&amp;enablejsapi=1"" frameborder=""0"" allow=""accelerometer; autoplay; clipboard-write; encrypted-media; gyroscope; picture-in-picture"" allowfullscreen&gt;&lt;/iframe&gt;', 'provider_name': 'YouTube', 'provider_url': 'https://www.youtube.com/', 'thumbnail_height': 360, 'thumbnail_url': 'https://i.ytimg.com/vi/5bV5aNcBAck/hqdefault.jpg', 'thumbnail_width': 480, 'title': 'Death to putin', 'type': 'video', 'version': '1.0', 'width': 356}, 'type': 'youtube.com'}","{'content': '&lt;iframe width=""356"" height=""200"" src=""https://www.youtube.com/embed/5bV5aNcBAck?feature=oembed&amp;enablejsapi=1"" frameborder=""0"" allow=""accelerometer; autoplay; clipboard-write; encrypted-media; gyroscope; picture-in-picture"" allowfullscreen&gt;&lt;/iframe&gt;', 'height': 200, 'scrolling': False, 'width': 356}","{'oembed': {'author_name': 'Savenko Film', 'author_url': 'https://www.youtube.com/c/SavenkoFilm', 'height': 200, 'html': '&lt;iframe width=""356"" height=""200"" src=""https://www.youtube.com/embed/5bV5aNcBAck?feature=oembed&amp;enablejsapi=1"" frameborder=""0"" allow=""accelerometer; autoplay; clipboard-write; encrypted-media; gyroscope; picture-in-picture"" allowfullscreen&gt;&lt;/iframe&gt;', 'provider_name': 'YouTube', 'provider_url': 'https://www.youtube.com/', 'thumbnail_height': 360, 'thumbnail_url': 'https://i.ytimg.com/vi/5bV5aNcBAck/hqdefault.jpg', 'thumbnail_width': 480, 'title': 'Death to putin', 'type': 'video', 'version': '1.0', 'width': 356}, 'type': 'youtube.com'}","{'content': '&lt;iframe width=""356"" height=""200"" src=""https://www.youtube.com/embed/5bV5aNcBAck?feature=oembed&amp;enablejsapi=1"" frameborder=""0"" allow=""accelerometer; autoplay; clipboard-write; encrypted-media; gyroscope; picture-in-picture"" allowfullscreen&gt;&lt;/iframe&gt;', 'height': 200, 'media_domain_url': 'https://www.redditmedia.com/mediaembed/uynnor', 'scrolling': False, 'width': 356}",,
[],False,Empty_Fault,,[],,text,t2_5h3feipv,False,False,False,[],False,False,1653613040,youtu.be,https://www.reddit.com/r/UkraineInvasionVideos/comments/uym862/motanka/,{},uym862,False,True,False,False,False,True,False,False,,[],dark,text,False,False,True,0,0,False,no_ads,/r/UkraineInvasionVideos/comments/uym862/motanka/,False,rich:video,"{'enabled': False, 'images': [{'id': 'OlOeem3h_1oXVmUWaOddtsuX5rkA4A50MYNKfC63fFs', 'resolutions': [{'height': 81, 'url': 'https://external-preview.redd.it/HnE7veJEcVIxBhIB_UkEgx__M8VRJOaXcIkuIyXmqmQ.jpg?width=108&amp;crop=smart&amp;auto=webp&amp;s=032a55aebf6b4947eab62abc5d3622c992a8fd64', 'width': 108}, {'height': 162, 'url': 'https://external-preview.redd.it/HnE7veJEcVIxBhIB_UkEgx__M8VRJOaXcIkuIyXmqmQ.jpg?width=216&amp;crop=smart&amp;auto=webp&amp;s=116b100689cceeac6f8edde46b2e5fe908945309', 'width': 216}, {'height': 240, 'url': 'https://external-preview.redd.it/HnE7veJEcVIxBhIB_UkEgx__M8VRJOaXcIkuIyXmqmQ.jpg?width=320&amp;crop=smart&amp;auto=webp&amp;s=519e4c27e493361c6e63c6ef9f84a5e4c7bd9d85', 'width': 320}], 'source': {'height': 360, 'url': 'https://external-preview.redd.it/HnE7veJEcVIxBhIB_UkEgx__M8VRJOaXcIkuIyXmqmQ.jpg?auto=webp&amp;s=513ac412e67f7316e13cf879d8f819f05405b749', 'width': 480}, 'variants': {}}]}",0,1653613050,1,,True,False,False,UkraineInvasionVideos,t5_5wkihl,50883,public,https://b.thumbs.redditmedia.com/Nu9WpQ2tzxEYMd7r8_bNrMBqGHmrxxZamCRLExrwPxs.jpg,105,140,Motanka,0,[],1.0,https://youtu.be/lbumYPPBkus,https://youtu.be/lbumYPPBkus,no_ads,0,1653584240.0,"{'oembed': {'author_name': 'Savenko Film', 'author_url': 'https://www.youtube.com/c/SavenkoFilm', 'height': 200, 'html': '&lt;iframe width=""356"" height=""200"" src=""https://www.youtube.com/embed/lbumYPPBkus?feature=oembed&amp;enablejsapi=1"" frameborder=""0"" allow=""accelerometer; autoplay; clipboard-write; encrypted-media; gyroscope; picture-in-picture"" allowfullscreen&gt;&lt;/iframe&gt;', 'provider_name': 'YouTube', 'provider_url': 'https://www.youtube.com/', 'thumbnail_height': 360, 'thumbnail_url': 'https://i.ytimg.com/vi/lbumYPPBkus/hqdefault.jpg', 'thumbnail_width': 480, 'title': 'Motanka', 'type': 'video', 'version': '1.0', 'width': 356}, 'type': 'youtube.com'}","{'content': '&lt;iframe width=""356"" height=""200"" src=""https://www.youtube.com/embed/lbumYPPBkus?feature=oembed&amp;enablejsapi=1"" frameborder=""0"" allow=""accelerometer; autoplay; clipboard-write; encrypted-media; gyroscope; picture-in-picture"" allowfullscreen&gt;&lt;/iframe&gt;', 'height': 200, 'scrolling': False, 'width': 356}","{'oembed': {'author_name': 'Savenko Film', 'author_url': 'https://www.youtube.com/c/SavenkoFilm', 'height': 200, 'html': '&lt;iframe width=""356"" height=""200"" src=""https://www.youtube.com/embed/lbumYPPBkus?feature=oembed&amp;enablejsapi=1"" frameborder=""0"" allow=""accelerometer; autoplay; clipboard-write; encrypted-media; gyroscope; picture-in-picture"" allowfullscreen&gt;&lt;/iframe&gt;', 'provider_name': 'YouTube', 'provider_url': 'https://www.youtube.com/', 'thumbnail_height': 360, 'thumbnail_url': 'https://i.ytimg.com/vi/lbumYPPBkus/hqdefault.jpg', 'thumbnail_width': 480, 'title': 'Motanka', 'type': 'video', 'version': '1.0', 'width': 356}, 'type': 'youtube.com'}","{'content': '&lt;iframe width=""356"" height=""200"" src=""https://www.youtube.com/embed/lbumYPPBkus?feature=oembed&amp;enablejsapi=1"" frameborder=""0"" allow=""accelerometer; autoplay; clipboard-write; encrypted-media; gyroscope; picture-in-picture"" allowfullscreen&gt;&lt;/iframe&gt;', 'height': 200, 'media_domain_url': 'https://www.redditmedia.com/mediaembed/uym862', 'scrolling': False, 'width': 356}",,
[],False,nOMnOMShanti,,[],,text,t2_vjuqc77,False,False,True,[],False,False,1653609646,youtu.be,https://www.reddit.com/r/UkraineInvasionVideos/comments/uyl5ex/ukraine_troops_hurriedly_leave_lyman_while_under/,{},uyl5ex,False,True,False,False,False,True,False,False,,[],dark,text,False,False,False,0,0,False,no_ads,/r/UkraineInvasionVideos/comments/uyl5ex/ukraine_troops_hurriedly_leave_lyman_while_under/,False,rich:video,"{'enabled': False, 'images': [{'id': 'FOLL8PrYC2gdO6DMOuM-aaes7-rxNRLTIYn0v59jNl4', 'resolutions': [{'height': 81, 'url': 'https://external-preview.redd.it/eJT7yAvbQ_PPi4D4rvIvnkDhezl8ZTxfRQrd4iy9nlA.jpg?width=108&amp;crop=smart&amp;auto=webp&amp;s=46117523b2921e6c46a6ce6335c113f3e47e402f', 'width': 108}, {'height': 162, 'url': 'https://external-preview.redd.it/eJT7yAvbQ_PPi4D4rvIvnkDhezl8ZTxfRQrd4iy9nlA.jpg?width=216&amp;crop=smart&amp;auto=webp&amp;s=1174d31ebc7a34c9264a5797f6f9d7e359cc81d3', 'width': 216}, {'height': 240, 'url': 'https://external-preview.redd.it/eJT7yAvbQ_PPi4D4rvIvnkDhezl8ZTxfRQrd4iy9nlA.jpg?width=320&amp;crop=smart&amp;auto=webp&amp;s=0db8f6759d5e820d81fcbded3eec617d08fb9656', 'width': 320}], 'source': {'height': 360, 'url': 'https://external-preview.redd.it/eJT7yAvbQ_PPi4D4rvIvnkDhezl8ZTxfRQrd4iy9nlA.jpg?auto=webp&amp;s=494f294f237318ce1a92f9b667c27230995ea3a6', 'width': 480}, 'variants': {}}]}",0,1653609657,1,,True,False,False,UkraineInvasionVideos,t5_5wkihl,50883,public,https://b.thumbs.redditmedia.com/NhXcK1DSwKgKO9hi5geWFZt_JIdb5RkWGy_BeU8xgcM.jpg,105,140,Ukraine troops hurriedly leave Lyman while under Russian fire. Hope they're OK.,0,[],1.0,https://youtu.be/FmRFOFsFZs8,https://youtu.be/FmRFOFsFZs8,no_ads,0,1653580846.0,"{'oembed': {'author_name': 'Mriya', 'author_url': 'https://www.youtube.com/channel/UCFZzGKzSFwIhPVQPTqqJYUw', 'height': 200, 'html': '&lt;iframe width=""356"" height=""200"" src=""https://www.youtube.com/embed/FmRFOFsFZs8?feature=oembed&amp;enablejsapi=1"" frameborder=""0"" allow=""accelerometer; autoplay; clipboard-write; encrypted-media; gyroscope; picture-in-picture"" allowfullscreen&gt;&lt;/iframe&gt;', 'provider_name': 'YouTube', 'provider_url': 'https://www.youtube.com/', 'thumbnail_height': 360, 'thumbnail_url': 'https://i.ytimg.com/vi/FmRFOFsFZs8/hqdefault.jpg', 'thumbnail_width': 480, 'title': 'Ukraine troops hurriedly evacuate Lyman while under active Russian fire', 'type': 'video', 'version': '1.0', 'width': 356}, 'type': 'youtube.com'}","{'content': '&lt;iframe width=""356"" height=""200"" src=""https://www.youtube.com/embed/FmRFOFsFZs8?feature=oembed&amp;enablejsapi=1"" frameborder=""0"" allow=""accelerometer; autoplay; clipboard-write; encrypted-media; gyroscope; picture-in-picture"" allowfullscreen&gt;&lt;/iframe&gt;', 'height': 200, 'scrolling': False, 'width': 356}","{'oembed': {'author_name': 'Mriya', 'author_url': 'https://www.youtube.com/channel/UCFZzGKzSFwIhPVQPTqqJYUw', 'height': 200, 'html': '&lt;iframe width=""356"" height=""200"" src=""https://www.youtube.com/embed/FmRFOFsFZs8?feature=oembed&amp;enablejsapi=1"" frameborder=""0"" allow=""accelerometer; autoplay; clipboard-write; encrypted-media; gyroscope; picture-in-picture"" allowfullscreen&gt;&lt;/iframe&gt;', 'provider_name': 'YouTube', 'provider_url': 'https://www.youtube.com/', 'thumbnail_height': 360, 'thumbnail_url': 'https://i.ytimg.com/vi/FmRFOFsFZs8/hqdefault.jpg', 'thumbnail_width': 480, 'title': 'Ukraine troops hurriedly evacuate Lyman while under active Russian fire', 'type': 'video', 'version': '1.0', 'width': 356}, 'type': 'youtube.com'}","{'content': '&lt;iframe width=""356"" height=""200"" src=""https://www.youtube.com/embed/FmRFOFsFZs8?feature=oembed&amp;enablejsapi=1"" frameborder=""0"" allow=""accelerometer; autoplay; clipboard-write; encrypted-media; gyroscope; picture-in-picture"" allowfullscreen&gt;&lt;/iframe&gt;', 'height': 200, 'media_domain_url': 'https://www.redditmedia.com/mediaembed/uyl5ex', 'scrolling': False, 'width': 356}",,
