,author,author_created_utc,author_flair_css_class,author_flair_text,author_fullname,created_utc,domain,full_link,gilded,id,is_self,media_embed,num_comments,over_18,permalink,retrieved_on,score,secure_media_embed,selftext,stickied,subreddit,subreddit_id,thumbnail,title,url,created,media,secure_media,edited
0,uptodatepronto,1363686682.0,,,t2_b02lq,1393169277,reuters.com,https://www.reddit.com/r/UkrainianConflict/comments/1ypi84/ukraine_parliament_names_acting_president_seeks/,0,1ypi84,False,{},0,False,/r/UkrainianConflict/comments/1ypi84/ukraine_parliament_names_acting_president_seeks/,1441899869,13,{},,False,UkrainianConflict,t5_30hhs,http://b.thumbs.redditmedia.com/5dKk0AcjpAaKvYzI.jpg,"Ukraine parliament names acting president, seeks government",http://www.reuters.com/article/2014/02/23/us-ukraine-idUSBREA1G0OU20140223,1393140477.0,,,
1,Jlocke98,1302374150.0,,,t2_52x17,1393168254,whispercomm.org,https://www.reddit.com/r/UkrainianConflict/comments/1ypgyd/i_hear_they_shut_off_the_internet_maybe_this/,0,1ypgyd,False,{},0,False,/r/UkrainianConflict/comments/1ypgyd/i_hear_they_shut_off_the_internet_maybe_this/,1441899885,1,{},,False,UkrainianConflict,t5_30hhs,default,"I hear they shut off the internet, maybe this could help?",http://whispercomm.org/about.html,1393139454.0,,,
2,[deleted],,,,,1393164304,youtu.be,https://www.reddit.com/r/UkrainianConflict/comments/1ypcls/2014_ukraines_les_miserables/,0,1ypcls,False,"{'content': '&lt;iframe class=""embedly-embed"" src=""//cdn.embedly.com/widgets/media.html?src=http%3A%2F%2Fwww.youtube.com%2Fembed%2FrTp40y997UQ%3Ffeature%3Doembed&amp;url=http%3A%2F%2Fwww.youtube.com%2Fwatch%3Fv%3DrTp40y997UQ&amp;image=http%3A%2F%2Fi1.ytimg.com%2Fvi%2FrTp40y997UQ%2Fhqdefault.jpg&amp;key=2aa3c4d5f3de4f5b9120b660ad850dc9&amp;type=text%2Fhtml&amp;schema=youtube"" width=""600"" height=""450"" scrolling=""no"" frameborder=""0"" allowfullscreen&gt;&lt;/iframe&gt;', 'height': 450, 'scrolling': False, 'width': 600}",0,False,/r/UkrainianConflict/comments/1ypcls/2014_ukraines_les_miserables/,1441899942,1,"{'content': '&lt;iframe class=""embedly-embed"" src=""https://cdn.embedly.com/widgets/media.html?src=https%3A%2F%2Fwww.youtube.com%2Fembed%2FrTp40y997UQ%3Ffeature%3Doembed&amp;url=http%3A%2F%2Fwww.youtube.com%2Fwatch%3Fv%3DrTp40y997UQ&amp;image=http%3A%2F%2Fi1.ytimg.com%2Fvi%2FrTp40y997UQ%2Fhqdefault.jpg&amp;key=2aa3c4d5f3de4f5b9120b660ad850dc9&amp;type=text%2Fhtml&amp;schema=youtube"" width=""600"" height=""450"" scrolling=""no"" frameborder=""0"" allowfullscreen&gt;&lt;/iframe&gt;', 'height': 450, 'scrolling': False, 'width': 600}",,False,UkrainianConflict,t5_30hhs,default,2014 Ukraine's les miserables.,http://youtu.be/rTp40y997UQ,1393135504.0,"{'oembed': {'author_name': '태헌 이', 'author_url': 'http://www.youtube.com/channel/UCVJG8af15WnwxYf-FGW8tJw', 'description': 'music : do you hear the people sing.-movie lesmiserables 2012', 'height': 450, 'html': '&lt;iframe class=""embedly-embed"" src=""//cdn.embedly.com/widgets/media.html?src=http%3A%2F%2Fwww.youtube.com%2Fembed%2FrTp40y997UQ%3Ffeature%3Doembed&amp;url=http%3A%2F%2Fwww.youtube.com%2Fwatch%3Fv%3DrTp40y997UQ&amp;image=http%3A%2F%2Fi1.ytimg.com%2Fvi%2FrTp40y997UQ%2Fhqdefault.jpg&amp;key=2aa3c4d5f3de4f5b9120b660ad850dc9&amp;type=text%2Fhtml&amp;schema=youtube"" width=""600"" height=""450"" scrolling=""no"" frameborder=""0"" allowfullscreen&gt;&lt;/iframe&gt;', 'provider_name': 'YouTube', 'provider_url': 'http://www.youtube.com/', 'thumbnail_height': 360, 'thumbnail_url': 'http://i1.ytimg.com/vi/rTp40y997UQ/hqdefault.jpg', 'thumbnail_width': 480, 'title': ""2014 Ukraine's les miserables."", 'type': 'video', 'url': 'http://www.youtube.com/watch?v=rTp40y997UQ', 'version': '1.0', 'width': 600}, 'type': 'youtu.be'}","{'oembed': {'author_name': '태헌 이', 'author_url': 'http://www.youtube.com/channel/UCVJG8af15WnwxYf-FGW8tJw', 'description': 'music : do you hear the people sing.-movie lesmiserables 2012', 'height': 450, 'html': '&lt;iframe class=""embedly-embed"" src=""https://cdn.embedly.com/widgets/media.html?src=https%3A%2F%2Fwww.youtube.com%2Fembed%2FrTp40y997UQ%3Ffeature%3Doembed&amp;url=http%3A%2F%2Fwww.youtube.com%2Fwatch%3Fv%3DrTp40y997UQ&amp;image=http%3A%2F%2Fi1.ytimg.com%2Fvi%2FrTp40y997UQ%2Fhqdefault.jpg&amp;key=2aa3c4d5f3de4f5b9120b660ad850dc9&amp;type=text%2Fhtml&amp;schema=youtube"" width=""600"" height=""450"" scrolling=""no"" frameborder=""0"" allowfullscreen&gt;&lt;/iframe&gt;', 'provider_name': 'YouTube', 'provider_url': 'http://www.youtube.com/', 'thumbnail_height': 360, 'thumbnail_url': 'https://i.embed.ly/1/image?url=http%3A%2F%2Fi1.ytimg.com%2Fvi%2FrTp40y997UQ%2Fhqdefault.jpg&amp;key=b1e305db91cf4aa5a86b732cc9fffceb', 'thumbnail_width': 480, 'title': ""2014 Ukraine's les miserables."", 'type': 'video', 'url': 'http://www.youtube.com/watch?v=rTp40y997UQ', 'version': '1.0', 'width': 600}, 'type': 'youtu.be'}",
3,Pilat_Israel,1366632355.0,,,t2_bewu2,1393162453,self.UkrainianConflict,https://www.reddit.com/r/UkrainianConflict/comments/1ypavy/likbez_about_ukraine_or_you_know_nothing_reddit/,0,1ypavy,True,{},492,False,/r/UkrainianConflict/comments/1ypavy/likbez_about_ukraine_or_you_know_nothing_reddit/,1441899964,142,{},"I've decided to make this post after seeing the overwhelming amount of misconceptions Reddit has about what's going on, so here we go.

**It's my personal view of the situation**. If you want to discuss something, or want sources feel free to ask, as I got tired before finishing formatting. But keep it civil.

Before we begin, I'm a Ukrainian who lives in Israel right now, so English is my third language. I think that Yanukovich is bad and the rioters are worse, so that's about my bias. 

**1. Geography**

[That's](https://maps.google.co.il/maps?oe=utf-8&amp;client=firefox-a&amp;channel=sb&amp;q=ukraine&amp;ie=UTF-8&amp;hq=&amp;hnear=0x40d1d9c154700e8f:0x1068488f64010,Ukraine&amp;gl=il&amp;ei=JCQKU6GdNNCo0AWXm4D4Dw&amp;ved=0CLoBELYD) Ukraine. To the right is Russia. As you can see, Russia has access to the black sea without Ukraine, and have a military base in Novorossiysk, so the base in Sevastopol is nice, but isn't essential. 

**1.1  Gas Pipes**

Through Ukraine passes one of the main gas pipes form Russia to Europe, which *used* to be very important. Now with the completion of [Nord Stream](http://en.wikipedia.org/wiki/Nord_Stream) and the building of [South Stream](http://en.wikipedia.org/wiki/South_Stream), it lost most of it's importance. 

**2. The conflict**

It started after Yanukovich declined the [deal](http://www.eeas.europa.eu/ukraine/assoagreement/assoagreement-2013_en.htm) with the EU. You need to realize that Ukraine was on the [edge of default](http://qz.com/107248/ukraine-is-not-yet-dead-but-its-about-to-go-bankrupt/) by the time.

**2.1 The deal**

First of all, the deal wasn't about [joining the EU](http://mail.obkom.net.ua/news/2007-03-05/0820.shtml), but an association agreement which included a semi free trade agreement. Turkey has this agreement for 20 years, and still not a member and won't be in the near future. 

But, it seemed that most of the protestors believed that it was an agreement to join the EU. Most of their arguments were about removing visas and free travel, which had nothing to do with the deal in hand. ([here is an example](http://www.youtube.com/watch?v=5M39aMPSNAA&amp;html5=1) you can google for more)

You need to understand that the deal wasn't good for Ukraine in the short-medium perspective: one of the obviously ridiculous terms was that Ukraine should change their railroad standards to the European ones, which would include the full replacement of their tracks. The total costs of the needed reforms were estimated at 200 bn USD, which Ukraine didn't have.

The other part was the reaction of Russia, that would cancel the preferential customs regime they give to Ukraine. A [temporary stop](http://www.reuters.com/article/2013/08/15/russia-ukraine-customs-idUSL6N0GG17S20130815) of this caused, earlier in 2013, a decrease of 25% to Ukrainian exports to Russia. You need to realize that Russia is Ukraine's main market, which can't be replaced due to the nature of Ukrainian exports.

Another aspect was that the EU would argue to give Ukraine a World Bank loan, but it required to pass some very unpopular social policies, [like increase in the energy tariffs](http://www.bloomberg.com/news/2013-10-31/ukraine-vows-to-curb-reserves-plunge-as-imf-repeats-loan-demands.html), essentially making another Greece out of Ukraine.

**2.2 Russian offer**

As an alternative Russia offered unconditioned 15 bn loan, a 33% price reduction on gas and some economical agreements. This would bail Ukraine, for now at least.

**2.2.1 The catch**

Well, the catch was that it wasn't a long term deal, but was a subject to revaluation every half a year. And the loan would be given in peaces according to the Russian will. So in short, Russia would be able to cut the deal at any moment, so basically they had Ukraine by the balls.

**2.3 Why?**

The main importance of Ukraine to both sides is that it's a 40 million people market, which is *very* valuable in the current financial crisis. Ukraine does possess other geopolitical values, but they aren't essential. 

**3. The protests**

Then started the protests. It's important to realize that they weren't spontaneous. Well, the cause was, but not the protests.  As an example there were tens of thousands of people on the maidan. The infrastructure to, at least, organize toilets and take away the shit is not something can be made spontaneously. 

Then, nothing happened for a while and the protests started to die out. Then, suddenly, Berkut decided to violently clear the remaining protestors which sparked the protests a new, it isn't clear who or why issued the order. This cycle continued for some time, every-time the protested started to die out, something happened. From [beating journalists](http://www.liveleak.com/view?i=944_1388026327) to passing weird bills restricting freedoms, which never been upheld. 

**3.1 Things become violent** 

I can't remember the exact cause, but what Ynukovich did was to place Berkut between him and the rioters and... do nothing, for a while at least. Nor the protestors nor Berkut was really happy about the situation. It's important to note, that by that point the protests stopped to be for EU integration but rather against Yanukovich. I think you all have seen the protesters POV, here is the other [one](http://varlamov.me/2014/maidan2_1/19.jpg)
Translation:
&gt;GIVE US GUNS!

&gt;They burn us, beat us up, shoot at us for money

&gt;And we stand for ORDER!

&gt;Police should get full freedom to uphold the law!

&gt;and with smaller font:

&gt;give us hot water

From that moment on, Yanukovich did nothing but trying to negotiate with the opposition leaders, who, by that time, lost all control on what was going on. It's important to realize that even when the police pushed  back, they had no orders to clear the maidan entirely. 

Because of that, when the violent breakdown happened, and Yanukovich, again, didn't give the order to clear everyone up, he lost all support he had. As for the casualties, among the dead were at least 13 police officers which were shot in the neck. Which points to the fact that there were snipers operating from both sides. The breakdown itself requires an independent investigation, which we might and might not see in the future. 

**4. Some other facts**

**4.1 Ynukovich is not a Russian puppet, and generally not pro Russian**

He relies on Russian electorate, but every pro Russian move he'd done was either for money or populist. There was no notion to join the CU, or any other pro Russian moves until recently, when he ran out of money. At one period of time, Russia [tightened](http://www.reuters.com/article/2013/08/15/russia-ukraine-customs-idUSL6N0GG17S20130815) it's customs control to pressure the Ukrainian government. He is, in general a corrupt piece of shit, whose only interest is hes own money.

**4.2 the neo-Nazi influence in the riots is NOT neglectable**

While you must know that the Right Sector and Svoboda *are* neo-Nazis, as they are supporting UPA, which is seen as a nazi collaborationist by every one affected but themselves (they took active parts in police activity behind the lines against Poles and Jews). 

The main slogan of the maidan, which is [accepted](http://www.youtube.com/watch?v=qYGo0kRNJcQ) (you can listen to any recording from the Maidan) by everyone is [""Glory to Ukraine - Glory to the heroes""](http://uk.wikipedia.org/wiki/%D0%A1%D0%BB%D0%B0%D0%B2%D0%B0_%D0%A3%D0%BA%D1%80%D0%B0%D1%97%D0%BD%D1%96!), which is a slogan of the [UPA](http://en.wikipedia.org/wiki/Ukrainian_Insurgent_Army#Poland) under which they massacred entire villages. So anyone who took part in the maidan, by the very least, sees nothing bad in that. 

[Here](http://www.youtube.com/watch?v=jHsCEFhjqZg&amp;html5=1#t=84) you can hear them chanting ""Stab, stab the Russians to death"". Which is also the same as my experience of communication with the maidan supporters.


As an example:
&gt;Going from your name you're probably a Russian Jew, so fuck yourself with a knife.

I don't say every protester there has the same views, but they deem it acceptable to cooperate with those people. 

**5. Afthermath**

Yanukovich lost any support he had, and the opposition took over. Eastern Ukraine wasn't happy about the situation: the most radical example would be Sevastopol which declared the opposition illegitimate, Yanukovich a traitor, and [raised](http://www.youtube.com/watch?v=3Gcl8tuD4xI&amp;html5=1) a Russian flag. 

**P.S.**
One of the first laws the opposition passed was to cancel any regional official languages, thus forcing Ukrainian to be the only official language. That's if you wondered about their agenda.

Edit: they also [canceled](http://w1.c1.rada.gov.ua/pls/zweb2/webproc4_1?pf3511=49832) the law that forbids the propaganda of Nazism. I think we all see where it's headed. 

Edit 2: I'm adding citation. Be patient. If someone wants to help, you can send links.

Edit 3: here is some lovely comment from this thread from another freedom supporter: ""Huh? I just saw you spewing bullshit and decided to point out that you're an uneducated, close-minded, hypocrite. A gay-hating, racist Jew; if I put it in your terms and logic. All of Isrealis and fascist homophobes.""

Edit 4: Since I made this post, I've received more than 10 replies for maidan supporters making a reference to myself being a Jew/Russian etc. It's hard to explain this interest in my heritage from those wrongfully accused of Nazism, unless it wasn't so wrongful. 

I'm taking a break.",False,UkrainianConflict,t5_30hhs,self,"Likbez about Ukraine or ""You know nothing, Reddit""",http://www.reddit.com/r/UkrainianConflict/comments/1ypavy/likbez_about_ukraine_or_you_know_nothing_reddit/,1393133653.0,,,1393277026.0
4,lekemat,1387178240.0,,,t2_edsun,1393154907,globalresearch.ca,https://www.reddit.com/r/UkrainianConflict/comments/1yp55q/blood_in_the_streets_west_is_repeating_syrian/,0,1yp55q,False,{},2,False,/r/UkrainianConflict/comments/1yp55q/blood_in_the_streets_west_is_repeating_syrian/,1441900038,0,{},,False,UkrainianConflict,t5_30hhs,default,Blood In The Streets: West Is Repeating Syrian Model In Ukraine,http://www.globalresearch.ca/blood-in-the-streets-west-is-repeating-syrian-model-in-ukraine/5369596,1393126107.0,,,
5,thorken,1344460274.0,,,t2_8ltk7,1393152572,spdi.eu,https://www.reddit.com/r/UkrainianConflict/comments/1yp3j7/usai_digulingkan_parlemen_presiden_ukraina_hilang/,0,1yp3j7,False,{},1,False,/r/UkrainianConflict/comments/1yp3j7/usai_digulingkan_parlemen_presiden_ukraina_hilang/,1441900060,1,{},,False,UkrainianConflict,t5_30hhs,default,"Usai Digulingkan Parlemen, Presiden Ukraina ""Hilang""",http://www.spdi.eu/usai-digulingkan-parlemen-presiden-ukraina-hilang/,1393123772.0,,,
6,Taugis,1355650403.0,,,t2_9wpdn,1393148876,youtube.com,https://www.reddit.com/r/UkrainianConflict/comments/1yp0ue/video_from_shooting_directly_from_targeted_point/,0,1yp0ue,False,{},2,False,/r/UkrainianConflict/comments/1yp0ue/video_from_shooting_directly_from_targeted_point/,1441900094,19,{},,False,UkrainianConflict,t5_30hhs,http://a.thumbs.redditmedia.com/VNt7RMVB6DZ_AwjN.jpg,Video from shooting directly from targeted point Ukraine protesters,http://www.youtube.com/attribution_link?a=0P1fWwjklKw&amp;u=%2Fwatch%3Fv%3Dkg9fjOfPZyE%26feature%3Dshare,1393120076.0,,,
7,atikiNik,1320605413.0,,,t2_66xjs,1393138146,youtube.com,https://www.reddit.com/r/UkrainianConflict/comments/1yorgv/protest_in_kharkiv/,0,1yorgv,False,"{'content': '&lt;iframe class=""embedly-embed"" src=""//cdn.embedly.com/widgets/media.html?src=http%3A%2F%2Fwww.youtube.com%2Fembed%2FicNbAVaqhXs%3Ffeature%3Doembed&amp;url=http%3A%2F%2Fwww.youtube.com%2Fwatch%3Fv%3DicNbAVaqhXs&amp;image=http%3A%2F%2Fi1.ytimg.com%2Fvi%2FicNbAVaqhXs%2Fhqdefault.jpg&amp;key=2aa3c4d5f3de4f5b9120b660ad850dc9&amp;type=text%2Fhtml&amp;schema=youtube"" width=""600"" height=""338"" scrolling=""no"" frameborder=""0"" allowfullscreen&gt;&lt;/iframe&gt;', 'height': 338, 'scrolling': False, 'width': 600}",9,False,/r/UkrainianConflict/comments/1yorgv/protest_in_kharkiv/,1441900216,8,"{'content': '&lt;iframe class=""embedly-embed"" src=""https://cdn.embedly.com/widgets/media.html?src=https%3A%2F%2Fwww.youtube.com%2Fembed%2FicNbAVaqhXs%3Ffeature%3Doembed&amp;url=http%3A%2F%2Fwww.youtube.com%2Fwatch%3Fv%3DicNbAVaqhXs&amp;image=http%3A%2F%2Fi1.ytimg.com%2Fvi%2FicNbAVaqhXs%2Fhqdefault.jpg&amp;key=2aa3c4d5f3de4f5b9120b660ad850dc9&amp;type=text%2Fhtml&amp;schema=youtube"" width=""600"" height=""338"" scrolling=""no"" frameborder=""0"" allowfullscreen&gt;&lt;/iframe&gt;', 'height': 338, 'scrolling': False, 'width': 600}",,False,UkrainianConflict,t5_30hhs,http://a.thumbs.redditmedia.com/pTFNj793Lo_txBqZ.jpg,Protest in Kharkiv,https://www.youtube.com/watch?v=icNbAVaqhXs,1393109346.0,"{'oembed': {'author_name': 'Akvit', 'author_url': 'http://www.youtube.com/user/Akvit', 'description': ""Харківська хода від Палацу Спорту до пам'ятника В.Леніну величезної кількості харків'ян. Все було неймовірно від початку і майже до кінця! Таки була невеличка сутичка з купкою невдоволених прибічників вже неіснуючої влади, котрі весь час вешталися поблизу. Жалюгідні потуги закінчилися декількома забоями голови, котрі так і не помітили харківські журналісти ( Обов'язково чекайте розгорнуту версія відео про революцію в Харкові!"", 'height': 338, 'html': '&lt;iframe class=""embedly-embed"" src=""//cdn.embedly.com/widgets/media.html?src=http%3A%2F%2Fwww.youtube.com%2Fembed%2FicNbAVaqhXs%3Ffeature%3Doembed&amp;url=http%3A%2F%2Fwww.youtube.com%2Fwatch%3Fv%3DicNbAVaqhXs&amp;image=http%3A%2F%2Fi1.ytimg.com%2Fvi%2FicNbAVaqhXs%2Fhqdefault.jpg&amp;key=2aa3c4d5f3de4f5b9120b660ad850dc9&amp;type=text%2Fhtml&amp;schema=youtube"" width=""600"" height=""338"" scrolling=""no"" frameborder=""0"" allowfullscreen&gt;&lt;/iframe&gt;', 'provider_name': 'YouTube', 'provider_url': 'http://www.youtube.com/', 'thumbnail_height': 360, 'thumbnail_url': 'http://i1.ytimg.com/vi/icNbAVaqhXs/hqdefault.jpg', 'thumbnail_width': 480, 'title': 'Революція у Харкові!', 'type': 'video', 'url': 'http://www.youtube.com/watch?v=icNbAVaqhXs', 'version': '1.0', 'width': 600}, 'type': 'youtube.com'}","{'oembed': {'author_name': 'Akvit', 'author_url': 'http://www.youtube.com/user/Akvit', 'description': ""Харківська хода від Палацу Спорту до пам'ятника В.Леніну величезної кількості харків'ян. Все було неймовірно від початку і майже до кінця! Таки була невеличка сутичка з купкою невдоволених прибічників вже неіснуючої влади, котрі весь час вешталися поблизу. Жалюгідні потуги закінчилися декількома забоями голови, котрі так і не помітили харківські журналісти ( Обов'язково чекайте розгорнуту версія відео про революцію в Харкові!"", 'height': 338, 'html': '&lt;iframe class=""embedly-embed"" src=""https://cdn.embedly.com/widgets/media.html?src=https%3A%2F%2Fwww.youtube.com%2Fembed%2FicNbAVaqhXs%3Ffeature%3Doembed&amp;url=http%3A%2F%2Fwww.youtube.com%2Fwatch%3Fv%3DicNbAVaqhXs&amp;image=http%3A%2F%2Fi1.ytimg.com%2Fvi%2FicNbAVaqhXs%2Fhqdefault.jpg&amp;key=2aa3c4d5f3de4f5b9120b660ad850dc9&amp;type=text%2Fhtml&amp;schema=youtube"" width=""600"" height=""338"" scrolling=""no"" frameborder=""0"" allowfullscreen&gt;&lt;/iframe&gt;', 'provider_name': 'YouTube', 'provider_url': 'http://www.youtube.com/', 'thumbnail_height': 360, 'thumbnail_url': 'https://i.embed.ly/1/image?url=http%3A%2F%2Fi1.ytimg.com%2Fvi%2FicNbAVaqhXs%2Fhqdefault.jpg&amp;key=b1e305db91cf4aa5a86b732cc9fffceb', 'thumbnail_width': 480, 'title': 'Революція у Харкові!', 'type': 'video', 'url': 'http://www.youtube.com/watch?v=icNbAVaqhXs', 'version': '1.0', 'width': 600}, 'type': 'youtube.com'}",
8,naimina,1322086496.0,,,t2_6au48,1393134674,youtube.com,https://www.reddit.com/r/UkrainianConflict/comments/1yonjc/what_are_the_right_sector_fighting_for_in_their/,0,1yonjc,False,"{'content': '&lt;iframe class=""embedly-embed"" src=""//cdn.embedly.com/widgets/media.html?src=http%3A%2F%2Fwww.youtube.com%2Fembed%2F-Inu_-0dcSU%3Ffeature%3Doembed&amp;url=http%3A%2F%2Fwww.youtube.com%2Fwatch%3Fv%3D-Inu_-0dcSU&amp;image=http%3A%2F%2Fi1.ytimg.com%2Fvi%2F-Inu_-0dcSU%2Fhqdefault.jpg&amp;key=2aa3c4d5f3de4f5b9120b660ad850dc9&amp;type=text%2Fhtml&amp;schema=youtube"" width=""600"" height=""338"" scrolling=""no"" frameborder=""0"" allowfullscreen&gt;&lt;/iframe&gt;', 'height': 338, 'scrolling': False, 'width': 600}",75,False,/r/UkrainianConflict/comments/1yonjc/what_are_the_right_sector_fighting_for_in_their/,1441900267,32,"{'content': '&lt;iframe class=""embedly-embed"" src=""https://cdn.embedly.com/widgets/media.html?src=https%3A%2F%2Fwww.youtube.com%2Fembed%2F-Inu_-0dcSU%3Ffeature%3Doembed&amp;url=http%3A%2F%2Fwww.youtube.com%2Fwatch%3Fv%3D-Inu_-0dcSU&amp;image=http%3A%2F%2Fi1.ytimg.com%2Fvi%2F-Inu_-0dcSU%2Fhqdefault.jpg&amp;key=2aa3c4d5f3de4f5b9120b660ad850dc9&amp;type=text%2Fhtml&amp;schema=youtube"" width=""600"" height=""338"" scrolling=""no"" frameborder=""0"" allowfullscreen&gt;&lt;/iframe&gt;', 'height': 338, 'scrolling': False, 'width': 600}",,False,UkrainianConflict,t5_30hhs,http://a.thumbs.redditmedia.com/4WoJVzkpq8M5oPqx.jpg,"""What are the Right Sector fighting for?"" - In their own words.",http://www.youtube.com/watch?v=-Inu_-0dcSU,1393105874.0,"{'oembed': {'author_name': 'Rostyslav Ivanyk', 'author_url': 'http://www.youtube.com/channel/UCHhwcndxiVKMfYurJxQry2A', 'description': 'The Great Ukrainian Reconquista: What is the Right Sector fighting for? We, the warriors and commanders of the Right Sector are actively fighting the regime, remembering the heroism of King Svyatoslav the Courageous of Kyiv, King Danylo of Galicia, of Bohdan Khmelnytsky and the warriors of the Ukrainian Insurgent Army; implementing the right of a people to rise against injustice; and aware of our responsibilities before the dead and injured heroes of the Maidan.', 'height': 338, 'html': '&lt;iframe class=""embedly-embed"" src=""//cdn.embedly.com/widgets/media.html?src=http%3A%2F%2Fwww.youtube.com%2Fembed%2F-Inu_-0dcSU%3Ffeature%3Doembed&amp;url=http%3A%2F%2Fwww.youtube.com%2Fwatch%3Fv%3D-Inu_-0dcSU&amp;image=http%3A%2F%2Fi1.ytimg.com%2Fvi%2F-Inu_-0dcSU%2Fhqdefault.jpg&amp;key=2aa3c4d5f3de4f5b9120b660ad850dc9&amp;type=text%2Fhtml&amp;schema=youtube"" width=""600"" height=""338"" scrolling=""no"" frameborder=""0"" allowfullscreen&gt;&lt;/iframe&gt;', 'provider_name': 'YouTube', 'provider_url': 'http://www.youtube.com/', 'thumbnail_height': 360, 'thumbnail_url': 'http://i1.ytimg.com/vi/-Inu_-0dcSU/hqdefault.jpg', 'thumbnail_width': 480, 'title': 'Right Sector. The Great Ukrainian Reconquista', 'type': 'video', 'url': 'http://www.youtube.com/watch?v=-Inu_-0dcSU', 'version': '1.0', 'width': 600}, 'type': 'youtube.com'}","{'oembed': {'author_name': 'Rostyslav Ivanyk', 'author_url': 'http://www.youtube.com/channel/UCHhwcndxiVKMfYurJxQry2A', 'description': 'The Great Ukrainian Reconquista: What is the Right Sector fighting for? We, the warriors and commanders of the Right Sector are actively fighting the regime, remembering the heroism of King Svyatoslav the Courageous of Kyiv, King Danylo of Galicia, of Bohdan Khmelnytsky and the warriors of the Ukrainian Insurgent Army; implementing the right of a people to rise against injustice; and aware of our responsibilities before the dead and injured heroes of the Maidan.', 'height': 338, 'html': '&lt;iframe class=""embedly-embed"" src=""https://cdn.embedly.com/widgets/media.html?src=https%3A%2F%2Fwww.youtube.com%2Fembed%2F-Inu_-0dcSU%3Ffeature%3Doembed&amp;url=http%3A%2F%2Fwww.youtube.com%2Fwatch%3Fv%3D-Inu_-0dcSU&amp;image=http%3A%2F%2Fi1.ytimg.com%2Fvi%2F-Inu_-0dcSU%2Fhqdefault.jpg&amp;key=2aa3c4d5f3de4f5b9120b660ad850dc9&amp;type=text%2Fhtml&amp;schema=youtube"" width=""600"" height=""338"" scrolling=""no"" frameborder=""0"" allowfullscreen&gt;&lt;/iframe&gt;', 'provider_name': 'YouTube', 'provider_url': 'http://www.youtube.com/', 'thumbnail_height': 360, 'thumbnail_url': 'https://i.embed.ly/1/image?url=http%3A%2F%2Fi1.ytimg.com%2Fvi%2F-Inu_-0dcSU%2Fhqdefault.jpg&amp;key=b1e305db91cf4aa5a86b732cc9fffceb', 'thumbnail_width': 480, 'title': 'Right Sector. The Great Ukrainian Reconquista', 'type': 'video', 'url': 'http://www.youtube.com/watch?v=-Inu_-0dcSU', 'version': '1.0', 'width': 600}, 'type': 'youtube.com'}",
9,funspirit,1358554976.0,,,t2_aa3pl,1393119649,news.yahoo.com,https://www.reddit.com/r/UkrainianConflict/comments/1yo3yk/how_ukraines_economic_decay_fueled_protests/,0,1yo3yk,False,{},1,False,/r/UkrainianConflict/comments/1yo3yk/how_ukraines_economic_decay_fueled_protests/,1441900580,9,{},,False,UkrainianConflict,t5_30hhs,http://c.thumbs.redditmedia.com/Ygexa0GvAeqIlDkP.jpg,How Ukraine's economic decay fueled protests,http://news.yahoo.com/ukraine-39-economic-decay-fueled-protests-174241294--finance.html,1393090849.0,,,
10,REbusher,1393115317.0,,,t2_feif7,1393116633,russia-eastern-republic.com,https://www.reddit.com/r/UkrainianConflict/comments/1ynzmp/ukraines_one_hundred_sacrifices/,0,1ynzmp,False,{},0,False,/r/UkrainianConflict/comments/1ynzmp/ukraines_one_hundred_sacrifices/,1441900637,2,{},,False,UkrainianConflict,t5_30hhs,http://f.thumbs.redditmedia.com/yg_u40SFs2T-rFeY.jpg,Ukraine's One Hundred Sacrifices.,http://russia-eastern-republic.com/2014/02/23/ukraines-one-hundred-sacrifices/,1393087833.0,,,
11,[deleted],,,,,1393107471,bbc.co.uk,https://www.reddit.com/r/UkrainianConflict/comments/1ynlvq/no_talk_of_split_in_eastern_city_of_kharkiv/,0,1ynlvq,False,{},0,False,/r/UkrainianConflict/comments/1ynlvq/no_talk_of_split_in_eastern_city_of_kharkiv/,1441900814,1,{},,False,UkrainianConflict,t5_30hhs,default,No talk of split in eastern city of Kharkiv,http://www.bbc.co.uk/news/world-europe-26304129,1393078671.0,,,
12,emr1028,1283190334.0,,,t2_4am0c,1393099781,the-american-interest.com,https://www.reddit.com/r/UkrainianConflict/comments/1yn9z1/springtime_in_kiev_or_just_another_winter_storm/,0,1yn9z1,False,{},0,False,/r/UkrainianConflict/comments/1yn9z1/springtime_in_kiev_or_just_another_winter_storm/,1441900969,3,{},,False,UkrainianConflict,t5_30hhs,http://f.thumbs.redditmedia.com/mVnojnVD3Y0BQLy5.jpg,"Springtime in Kiev, or Just Another Winter Storm?",http://www.the-american-interest.com/wrm/2014/02/22/springtime-in-kiev-or-just-another-winter-storm/,1393070981.0,,,
13,[deleted],,,,,1393096169,vice.com,https://www.reddit.com/r/UkrainianConflict/comments/1yn4fq/if_theres_one_thing_i_know_its_never_to_mess_with/,0,1yn4fq,False,{},0,False,/r/UkrainianConflict/comments/1yn4fq/if_theres_one_thing_i_know_its_never_to_mess_with/,1441901040,0,{},,False,UkrainianConflict,t5_30hhs,default,"If there's one thing I know, Its never to mess with mother nature, mother in-laws or mother f***ing Ukrainians. (Video)",http://www.vice.com/vice-news/ukraine-burning,1393067369.0,,,
14,lekemat,1387178240.0,,,t2_edsun,1393094403,themoscowtimes.com,https://www.reddit.com/r/UkrainianConflict/comments/1yn1rb/russia_pledges_to_fight_for_crimea_if_ukraine/,0,1yn1rb,False,{},69,False,/r/UkrainianConflict/comments/1yn1rb/russia_pledges_to_fight_for_crimea_if_ukraine/,1441901075,25,{},,False,UkrainianConflict,t5_30hhs,http://c.thumbs.redditmedia.com/fioSFGVuIMFdQKwh.jpg,Russia Pledges to Fight for Crimea if Ukraine Splits,http://www.themoscowtimes.com/news/article/russia-pledges-to-fight-for-crimea-if-ukraine-splits/495034.html,1393065603.0,,,
15,ronaldo345,1374641368.0,,,t2_chplh,1393089990,ned.org,https://www.reddit.com/r/UkrainianConflict/comments/1ymv2d/inspiration_behind_i_am_a_ukranian_video_larry/,0,1ymv2d,False,{},0,False,/r/UkrainianConflict/comments/1ymv2d/inspiration_behind_i_am_a_ukranian_video_larry/,1441901162,8,{},,False,UkrainianConflict,t5_30hhs,http://a.thumbs.redditmedia.com/LEuJ5ciE3rgSTGZT.jpg,"Inspiration behind ""I am a Ukranian"" Video. Larry Diamond | National Endowment for Democracy",http://www.ned.org/about/staff/larry-diamond,1393061190.0,,,
16,Mr_Munchausen,1284862737.0,,,t2_4ctwm,1393089347,self.UkrainianConflict,https://www.reddit.com/r/UkrainianConflict/comments/1ymu2y/will_the_neonazi_groups_come_to_power/,0,1ymu2y,True,{},11,False,/r/UkrainianConflict/comments/1ymu2y/will_the_neonazi_groups_come_to_power/,1441901175,0,{},,False,UkrainianConflict,t5_30hhs,default,Will the Neo-Nazi groups come to power?,http://www.reddit.com/r/UkrainianConflict/comments/1ymu2y/will_the_neonazi_groups_come_to_power/,1393060547.0,,,
17,uptodatepronto,1363686682.0,,,t2_b02lq,1393087154,twitter.com,https://www.reddit.com/r/UkrainianConflict/comments/1ymqw9/president_viktor_yanukovych_doesnt_accept_his/,0,1ymqw9,False,{},16,False,/r/UkrainianConflict/comments/1ymqw9/president_viktor_yanukovych_doesnt_accept_his/,1441901216,41,{},,False,UkrainianConflict,t5_30hhs,http://e.thumbs.redditmedia.com/nzXyJjx_DQ3kSHEv.jpg,"President Viktor Yanukovych ""doesn't accept"" his dismissal by #Ukraine's parliament, spokeswoman says http://bbc.in/1l8NBpx",https://twitter.com/BBCBreaking/status/437254145473802241,1393058354.0,,,
