all_awardings,allow_live_comments,author,author_flair_css_class,author_flair_richtext,author_flair_text,author_flair_type,author_fullname,author_is_blocked,author_patreon_flair,author_premium,awarders,can_mod_post,contest_mode,created_utc,domain,full_link,gildings,id,is_created_from_ads_ui,is_crosspostable,is_meta,is_original_content,is_reddit_media_domain,is_robot_indexable,is_self,is_video,link_flair_background_color,link_flair_richtext,link_flair_template_id,link_flair_text,link_flair_text_color,link_flair_type,locked,media_only,no_follow,num_comments,num_crossposts,over_18,parent_whitelist_status,permalink,pinned,post_hint,preview,pwls,removed_by_category,retrieved_on,score,selftext,send_replies,spoiler,stickied,subreddit,subreddit_id,subreddit_subscribers,subreddit_type,suggested_sort,thumbnail,thumbnail_height,thumbnail_width,title,total_awards_received,treatment_tags,upvote_ratio,url,url_overridden_by_dest,whitelist_status,wls,created,crosspost_parent,crosspost_parent_list,link_flair_css_class,media,media_embed,secure_media,secure_media_embed,is_gallery
[],False,cmrde_milly,,[],,text,t2_mdktmtzc,False,False,False,[],False,False,1654039927,/r/war/comments/v237sa/captured_ukrainian_soldier_with_swastika_tattoo/,https://www.reddit.com/r/war/comments/v237sa/captured_ukrainian_soldier_with_swastika_tattoo/,{},v237sa,False,False,False,True,False,False,False,True,#dadada,[],2abb3ade-8eba-11e8-8825-0e0cc8fdcf5a,cringe,dark,text,False,False,True,0,0,False,no_ads,/r/war/comments/v237sa/captured_ukrainian_soldier_with_swastika_tattoo/,False,hosted:video,"{'enabled': False, 'images': [{'id': 'z2LsfcWQB9eJ9T7o84dMT7kDxygWoNv3WAzFYrnZKb0', 'resolutions': [{'height': 196, 'url': 'https://external-preview.redd.it/970mX2qOom_juf1-voNzMq2s6OuLUl2q9cxqqGb-NwQ.png?width=108&amp;crop=smart&amp;format=pjpg&amp;auto=webp&amp;s=9477f04b327fea687ef0052cfe4a220277d1dbff', 'width': 108}, {'height': 393, 'url': 'https://external-preview.redd.it/970mX2qOom_juf1-voNzMq2s6OuLUl2q9cxqqGb-NwQ.png?width=216&amp;crop=smart&amp;format=pjpg&amp;auto=webp&amp;s=e81df90792f81e20dda829a311a9e60339402b87', 'width': 216}, {'height': 583, 'url': 'https://external-preview.redd.it/970mX2qOom_juf1-voNzMq2s6OuLUl2q9cxqqGb-NwQ.png?width=320&amp;crop=smart&amp;format=pjpg&amp;auto=webp&amp;s=c73278134b16a9096101cb48088d677fb1873417', 'width': 320}], 'source': {'height': 1138, 'url': 'https://external-preview.redd.it/970mX2qOom_juf1-voNzMq2s6OuLUl2q9cxqqGb-NwQ.png?format=pjpg&amp;auto=webp&amp;s=7f0c4cd8a78ee2420962787ceadb93403879e0e6', 'width': 624}, 'variants': {}}]}",0,automod_filtered,1654039938,1,,True,False,False,war,t5_2qhk8,92372,public,confidence,https://b.thumbs.redditmedia.com/FSN2dGzZaglxvXRG__oxBVvDTx_KeELFTDFeFkRMMAo.jpg,140.0,140.0,üö®Captured Ukrainian Soldier with Swastika tattoo literally shit in his pants üá∫üá¶üí™üèºüö®,0,[],1.0,https://v.redd.it/9p20nrm7cw291,https://v.redd.it/9p20nrm7cw291,no_ads,0,1654011127.0,,,,,,,,
[],False,20WordsMax,,[],,text,t2_753xkmvg,False,False,False,[],False,False,1654037410,/r/war/comments/v22dm1/a_chechen_unit_explores_an_abandoned_sbu_building/,https://www.reddit.com/r/war/comments/v22dm1/a_chechen_unit_explores_an_abandoned_sbu_building/,{},v22dm1,False,False,False,True,False,False,False,True,,[],,,dark,text,False,False,True,0,0,False,no_ads,/r/war/comments/v22dm1/a_chechen_unit_explores_an_abandoned_sbu_building/,False,hosted:video,"{'enabled': False, 'images': [{'id': 'kJHeuckTCJnzHDYw8fIq1e3taxohLc4BGryUo5vNvvY', 'resolutions': [{'height': 197, 'url': 'https://external-preview.redd.it/5_3tk2lYjWEAEunYbj7F-XtPDZ_kcCjqSlwKuw8HCXU.png?width=108&amp;crop=smart&amp;format=pjpg&amp;auto=webp&amp;s=556fbb11170bc6478881bdcf9380b04c9d0748f3', 'width': 108}, {'height': 394, 'url': 'https://external-preview.redd.it/5_3tk2lYjWEAEunYbj7F-XtPDZ_kcCjqSlwKuw8HCXU.png?width=216&amp;crop=smart&amp;format=pjpg&amp;auto=webp&amp;s=bb0b91906aeae26a45652a4181dee5b1bd178959', 'width': 216}, {'height': 584, 'url': 'https://external-preview.redd.it/5_3tk2lYjWEAEunYbj7F-XtPDZ_kcCjqSlwKuw8HCXU.png?width=320&amp;crop=smart&amp;format=pjpg&amp;auto=webp&amp;s=b6cd1a6227c1f77a7345759d0027a7356c4cfa80', 'width': 320}], 'source': {'height': 848, 'url': 'https://external-preview.redd.it/5_3tk2lYjWEAEunYbj7F-XtPDZ_kcCjqSlwKuw8HCXU.png?format=pjpg&amp;auto=webp&amp;s=d32265a7840ae910949fb37aa0ad134f605fe37f', 'width': 464}, 'variants': {}}]}",0,reddit,1654037420,1,,True,False,False,war,t5_2qhk8,92370,public,confidence,https://b.thumbs.redditmedia.com/U_ehX9kfS2HIpJE7_BsAioZUA2qAsj5mNCUA5mW9QNo.jpg,140.0,140.0,A Chechen unit explores an abandoned SBU building in Severodonetsk,0,[],1.0,https://v.redd.it/e72k34qt4w291,https://v.redd.it/e72k34qt4w291,no_ads,0,1654008610.0,,,,,,,,
[],False,LividGrade2862,,[],,text,t2_93ub8crm,False,False,False,[],False,False,1654027347,self.war,https://www.reddit.com/r/war/comments/v1ypsd/is_a_nuclear_war_a_real_scenario/,{},v1ypsd,False,False,False,True,False,False,True,False,#dadada,[],77ce0434-a480-11ec-aacc-06564c6ff5ef,News,dark,text,False,False,True,0,0,False,no_ads,/r/war/comments/v1ypsd/is_a_nuclear_war_a_real_scenario/,False,,,0,reddit,1654027357,1,[removed],True,False,False,war,t5_2qhk8,92359,public,confidence,self,,,Is a nuclear war a real scenario?,0,[],1.0,https://www.reddit.com/r/war/comments/v1ypsd/is_a_nuclear_war_a_real_scenario/,,no_ads,0,1653998547.0,,,,,,,,
[],False,pilot2031,,[],,text,t2_59hfgcx5,False,False,False,[],False,False,1654022910,reddit.com,https://www.reddit.com/r/war/comments/v1x8bf/the_reconnaissance_of_the_air_assault_troops_of/,{},v1x8bf,False,False,False,True,False,False,False,False,,[],,,dark,text,False,False,True,0,0,True,no_ads,/r/war/comments/v1x8bf/the_reconnaissance_of_the_air_assault_troops_of/,False,,,0,reddit,1654022921,1,,False,False,False,war,t5_2qhk8,92355,public,confidence,nsfw,140.0,140.0,The reconnaissance of the air assault troops of the Armed Forces of Ukraine destroyed the engineering group of the Russian invaders.,0,[],1.0,https://www.reddit.com/gallery/v1u3bv,https://www.reddit.com/gallery/v1u3bv,no_ads,0,1653994110.0,t3_v1u3bv,"[{'all_awardings': [], 'allow_live_comments': True, 'approved_at_utc': None, 'approved_by': None, 'archived': False, 'author': 'SmokeSinseLoud', 'author_flair_background_color': '#d3d6da', 'author_flair_css_class': None, 'author_flair_richtext': [{'e': 'text', 't': 'OSINT '}], 'author_flair_template_id': '4777e8a2-a329-11ec-bd44-ea5e4888500f', 'author_flair_text': 'OSINT ', 'author_flair_text_color': 'dark', 'author_flair_type': 'richtext', 'author_fullname': 't2_iteuvd6g', 'author_is_blocked': False, 'author_patreon_flair': False, 'author_premium': True, 'awarders': [], 'banned_at_utc': None, 'banned_by': None, 'can_gild': True, 'can_mod_post': False, 'category': None, 'clicked': False, 'content_categories': None, 'contest_mode': False, 'created': 1654014253.0, 'created_utc': 1654014253.0, 'discussion_type': None, 'distinguished': None, 'domain': 'reddit.com', 'downs': 0, 'edited': False, 'gallery_data': {'items': [{'id': 147926274, 'media_id': 'fkx8mam18u291'}, {'id': 147926275, 'media_id': 'rn0kciq18u291'}, {'id': 147926276, 'media_id': 'flvlw4u18u291'}, {'id': 147926277, 'media_id': 'bsxr0ox18u291'}]}, 'gilded': 0, 'gildings': {}, 'hidden': False, 'hide_score': False, 'id': 'v1u3bv', 'is_created_from_ads_ui': False, 'is_crosspostable': True, 'is_gallery': True, 'is_meta': False, 'is_original_content': False, 'is_reddit_media_domain': False, 'is_robot_indexable': True, 'is_self': False, 'is_video': False, 'likes': None, 'link_flair_background_color': '#ea0027', 'link_flair_css_class': '', 'link_flair_richtext': [{'e': 'text', 't': 'Possibly disturbing content. (NSFW) 18+ VERIFIED '}], 'link_flair_template_id': '89abc25e-976f-11ec-a35f-babc035c5bfa', 'link_flair_text': 'Possibly disturbing content. (NSFW) 18+ VERIFIED ', 'link_flair_text_color': 'dark', 'link_flair_type': 'richtext', 'locked': False, 'media': None, 'media_embed': {}, 'media_metadata': {'bsxr0ox18u291': {'e': 'Image', 'id': 'bsxr0ox18u291', 'm': 'image/jpg', 'o': [{'u': 'https://preview.redd.it/bsxr0ox18u291.jpg?width=1080&amp;blur=40&amp;format=pjpg&amp;auto=webp&amp;s=42aa5e875f70f5ceda37100a8585832349145dfb', 'x': 1200, 'y': 868}], 'p': [{'u': 'https://preview.redd.it/bsxr0ox18u291.jpg?width=108&amp;crop=smart&amp;auto=webp&amp;s=583c6e1749a4c7b85d899b81e364831a04328261', 'x': 108, 'y': 78}, {'u': 'https://preview.redd.it/bsxr0ox18u291.jpg?width=216&amp;crop=smart&amp;auto=webp&amp;s=cbfcad0d550b281d0a147d23c758614cbabde6f5', 'x': 216, 'y': 156}, {'u': 'https://preview.redd.it/bsxr0ox18u291.jpg?width=320&amp;crop=smart&amp;auto=webp&amp;s=af0a714a8e5d41125b1ad023c7fe2c28013ca775', 'x': 320, 'y': 231}, {'u': 'https://preview.redd.it/bsxr0ox18u291.jpg?width=640&amp;crop=smart&amp;auto=webp&amp;s=1a59a28e9ded6e4ff9b84db598b1ac22a30df7dd', 'x': 640, 'y': 462}, {'u': 'https://preview.redd.it/bsxr0ox18u291.jpg?width=960&amp;crop=smart&amp;auto=webp&amp;s=f1432e4f266831dc5dfc9ee18d431d098dccf306', 'x': 960, 'y': 694}, {'u': 'https://preview.redd.it/bsxr0ox18u291.jpg?width=1080&amp;crop=smart&amp;auto=webp&amp;s=45ef46b789269550316be66822f9befa9809a2ff', 'x': 1080, 'y': 781}], 's': {'u': 'https://preview.redd.it/bsxr0ox18u291.jpg?width=1200&amp;format=pjpg&amp;auto=webp&amp;s=73bf793f409432d5da02408e20840adfb6a0c2b6', 'x': 1200, 'y': 868}, 'status': 'valid'}, 'fkx8mam18u291': {'e': 'Image', 'id': 'fkx8mam18u291', 'm': 'image/jpg', 'o': [{'u': 'https://preview.redd.it/fkx8mam18u291.jpg?width=960&amp;blur=40&amp;format=pjpg&amp;auto=webp&amp;s=59af899809714727449415f23fb367138c7132c9', 'x': 960, 'y': 1280}], 'p': [{'u': 'https://preview.redd.it/fkx8mam18u291.jpg?width=108&amp;crop=smart&amp;auto=webp&amp;s=b40d5cd393771bae2f2b3ff6ca9ed85d3cc2bc6c', 'x': 108, 'y': 144}, {'u': 'https://preview.redd.it/fkx8mam18u291.jpg?width=216&amp;crop=smart&amp;auto=webp&amp;s=cbb305533bf13e2d8c710ed16408b37d2707cd6a', 'x': 216, 'y': 288}, {'u': 'https://preview.redd.it/fkx8mam18u291.jpg?width=320&amp;crop=smart&amp;auto=webp&amp;s=be1cfcb53ec2644b105cb1f727b3632ba7873911', 'x': 320, 'y': 426}, {'u': 'https://preview.redd.it/fkx8mam18u291.jpg?width=640&amp;crop=smart&amp;auto=webp&amp;s=ee7ffa327f8ee838c1788cf546419e914ba29f64', 'x': 640, 'y': 853}, {'u': 'https://preview.redd.it/fkx8mam18u291.jpg?width=960&amp;crop=smart&amp;auto=webp&amp;s=b1e8df7937b703283258e05aa6543e5f76ce66f2', 'x': 960, 'y': 1280}], 's': {'u': 'https://preview.redd.it/fkx8mam18u291.jpg?width=960&amp;format=pjpg&amp;auto=webp&amp;s=566ec6e5873d06d4404a36f34c6e7eecba10d1b3', 'x': 960, 'y': 1280}, 'status': 'valid'}, 'flvlw4u18u291': {'e': 'Image', 'id': 'flvlw4u18u291', 'm': 'image/jpg', 'o': [{'u': 'https://preview.redd.it/flvlw4u18u291.jpg?width=1080&amp;blur=40&amp;format=pjpg&amp;auto=webp&amp;s=db313b9eb5885c0d3f54e6832f7379f1a8104944', 'x': 1136, 'y': 1280}], 'p': [{'u': 'https://preview.redd.it/flvlw4u18u291.jpg?width=108&amp;crop=smart&amp;auto=webp&amp;s=186e50d390bf90374a2b74522a505ee64e4dcbe1', 'x': 108, 'y': 121}, {'u': 'https://preview.redd.it/flvlw4u18u291.jpg?width=216&amp;crop=smart&amp;auto=webp&amp;s=3d035ff7a8afaaf4aeca1017625479b338857ee3', 'x': 216, 'y': 243}, {'u': 'https://preview.redd.it/flvlw4u18u291.jpg?width=320&amp;crop=smart&amp;auto=webp&amp;s=ff2216109d406005dab2ca0d66056456ebe88ec3', 'x': 320, 'y': 360}, {'u': 'https://preview.redd.it/flvlw4u18u291.jpg?width=640&amp;crop=smart&amp;auto=webp&amp;s=d362c2b0bf104a4b1cbd0443b9de629789c2f586', 'x': 640, 'y': 721}, {'u': 'https://preview.redd.it/flvlw4u18u291.jpg?width=960&amp;crop=smart&amp;auto=webp&amp;s=d2890712fa17c5e12c34de005ead57dcbe48a9d4', 'x': 960, 'y': 1081}, {'u': 'https://preview.redd.it/flvlw4u18u291.jpg?width=1080&amp;crop=smart&amp;auto=webp&amp;s=1cb3b9b10d53ffc8d313222dd2bb1401ae7bd582', 'x': 1080, 'y': 1216}], 's': {'u': 'https://preview.redd.it/flvlw4u18u291.jpg?width=1136&amp;format=pjpg&amp;auto=webp&amp;s=2ebc6063fda4e3a1656b8aa1f253ebda95640153', 'x': 1136, 'y': 1280}, 'status': 'valid'}, 'rn0kciq18u291': {'e': 'Image', 'id': 'rn0kciq18u291', 'm': 'image/jpg', 'o': [{'u': 'https://preview.redd.it/rn0kciq18u291.jpg?width=1080&amp;blur=40&amp;format=pjpg&amp;auto=webp&amp;s=498f00a7571aecce8408ee43586a695b5fbc1e12', 'x': 1103, 'y': 1130}], 'p': [{'u': 'https://preview.redd.it/rn0kciq18u291.jpg?width=108&amp;crop=smart&amp;auto=webp&amp;s=9575849d47c9900574f0c20a042dddfbc71dea05', 'x': 108, 'y': 110}, {'u': 'https://preview.redd.it/rn0kciq18u291.jpg?width=216&amp;crop=smart&amp;auto=webp&amp;s=724795fef43e74aa26075112fc0bcccf91783b16', 'x': 216, 'y': 221}, {'u': 'https://preview.redd.it/rn0kciq18u291.jpg?width=320&amp;crop=smart&amp;auto=webp&amp;s=682b4f934d1696ba5e7e821d0651e1486d37ce31', 'x': 320, 'y': 327}, {'u': 'https://preview.redd.it/rn0kciq18u291.jpg?width=640&amp;crop=smart&amp;auto=webp&amp;s=b0ddf62108f119ebc8a23dd5582fe164d8553713', 'x': 640, 'y': 655}, {'u': 'https://preview.redd.it/rn0kciq18u291.jpg?width=960&amp;crop=smart&amp;auto=webp&amp;s=ca82bfa74865728ca259cb289e27427a3149963e', 'x': 960, 'y': 983}, {'u': 'https://preview.redd.it/rn0kciq18u291.jpg?width=1080&amp;crop=smart&amp;auto=webp&amp;s=905d9953e5fb626fbfb0f54d017cedc12bc5578d', 'x': 1080, 'y': 1106}], 's': {'u': 'https://preview.redd.it/rn0kciq18u291.jpg?width=1103&amp;format=pjpg&amp;auto=webp&amp;s=688214453521ce58f9126f2dff3cad55614c35e2', 'x': 1103, 'y': 1130}, 'status': 'valid'}}, 'media_only': False, 'mod_note': None, 'mod_reason_by': None, 'mod_reason_title': None, 'mod_reports': [], 'name': 't3_v1u3bv', 'no_follow': False, 'num_comments': 27, 'num_crossposts': 1, 'num_reports': None, 'over_18': True, 'parent_whitelist_status': None, 'permalink': '/r/RussiaUkraineWar2022/comments/v1u3bv/the_reconnaissance_of_the_air_assault_troops_of/', 'pinned': False, 'pwls': None, 'quarantine': False, 'removal_reason': None, 'removed_by': None, 'removed_by_category': None, 'report_reasons': None, 'saved': False, 'score': 61, 'secure_media': None, 'secure_media_embed': {}, 'selftext': '', 'selftext_html': None, 'send_replies': True, 'spoiler': False, 'stickied': False, 'subreddit': 'RussiaUkraineWar2022', 'subreddit_id': 't5_5wptpp', 'subreddit_name_prefixed': 'r/RussiaUkraineWar2022', 'subreddit_subscribers': 105215, 'subreddit_type': 'public', 'suggested_sort': None, 'thumbnail': 'nsfw', 'thumbnail_height': 140, 'thumbnail_width': 140, 'title': 'The reconnaissance of the air assault troops of the Armed Forces of Ukraine destroyed the engineering group of the Russian invaders.', 'top_awarded_type': None, 'total_awards_received': 0, 'treatment_tags': [], 'ups': 61, 'upvote_ratio': 0.89, 'url': 'https://www.reddit.com/gallery/v1u3bv', 'url_overridden_by_dest': 'https://www.reddit.com/gallery/v1u3bv', 'user_reports': [], 'view_count': None, 'visited': False, 'whitelist_status': None, 'wls': None}]",,,,,,
[],False,comfylaser,,[],,text,t2_l40cyojs,False,False,False,[],False,False,1654018707,self.war,https://www.reddit.com/r/war/comments/v1vpks/is_there_any_published_research_out_there_on_the/,{},v1vpks,False,False,False,True,False,False,True,False,,[],98a5d52a-ea92-11e3-b906-12313d056e4a,Question,dark,text,False,False,True,0,0,False,no_ads,/r/war/comments/v1vpks/is_there_any_published_research_out_there_on_the/,False,,,0,reddit,1654018718,1,[removed],True,False,False,war,t5_2qhk8,92354,public,confidence,self,,,Is there any published research out there on the topic of how individual soldiers surrender?,0,[],1.0,https://www.reddit.com/r/war/comments/v1vpks/is_there_any_published_research_out_there_on_the/,,no_ads,0,1653989907.0,,,nsfl,,,,,
[],False,911_StoryTeller,,[],,text,t2_nkt7rg3j,False,False,False,[],False,False,1654015062,v.redd.it,https://www.reddit.com/r/war/comments/v1udwd/ukraine_ukfunded_wolfhound_heavy_tactical_support/,{},v1udwd,False,False,False,True,True,False,False,False,,[],,,dark,text,False,False,True,0,0,False,no_ads,/r/war/comments/v1udwd/ukraine_ukfunded_wolfhound_heavy_tactical_support/,False,link,"{'enabled': False, 'images': [{'id': '9u0zQDi2vpHRma27TURFxPGD4GWLuqx9xvuRmev8Tcg', 'resolutions': [{'height': 81, 'url': 'https://external-preview.redd.it/IwWAYjwl63mmo9cuQhLbjxRL2jmxF9UELICRZgGaW8o.png?width=108&amp;crop=smart&amp;auto=webp&amp;s=1f22812f02016ba2aec805b8927e873630a0a007', 'width': 108}, {'height': 162, 'url': 'https://external-preview.redd.it/IwWAYjwl63mmo9cuQhLbjxRL2jmxF9UELICRZgGaW8o.png?width=216&amp;crop=smart&amp;auto=webp&amp;s=59083e486b8a878f83dec07d484b7b6fa6b2abd6', 'width': 216}, {'height': 240, 'url': 'https://external-preview.redd.it/IwWAYjwl63mmo9cuQhLbjxRL2jmxF9UELICRZgGaW8o.png?width=320&amp;crop=smart&amp;auto=webp&amp;s=c808e175bee544949b7bff64487792aecd3994f3', 'width': 320}, {'height': 480, 'url': 'https://external-preview.redd.it/IwWAYjwl63mmo9cuQhLbjxRL2jmxF9UELICRZgGaW8o.png?width=640&amp;crop=smart&amp;auto=webp&amp;s=a5957191bf820866d4deed9fdad032e3d03b4911', 'width': 640}, {'height': 720, 'url': 'https://external-preview.redd.it/IwWAYjwl63mmo9cuQhLbjxRL2jmxF9UELICRZgGaW8o.png?width=960&amp;crop=smart&amp;auto=webp&amp;s=ba88d950017fc3f723910f6f3d248c512b8ce6cc', 'width': 960}], 'source': {'height': 720, 'url': 'https://external-preview.redd.it/IwWAYjwl63mmo9cuQhLbjxRL2jmxF9UELICRZgGaW8o.png?auto=webp&amp;s=623eeb1e7759e1d795d8251907653cef6d52fcd4', 'width': 960}, 'variants': {}}]}",0,reddit,1654015073,1,,False,False,False,war,t5_2qhk8,92353,public,confidence,https://b.thumbs.redditmedia.com/jhDNOGVWjYvrOlK2lrl_QbTZCjR8wurCy-eocd8J6tQ.jpg,105.0,140.0,"Ukraine : UK-funded Wolfhound Heavy Tactical Support Vehicle in Ukraine - in this footage, Ukrainian soldiers appear to be training with newly received vehicles fitted with Browning M2HB .50 heavy machine guns.",0,[],1.0,https://v.redd.it/j1hv0y3s9u291,https://v.redd.it/j1hv0y3s9u291,no_ads,0,1653986262.0,t3_v1ub1u,"[{'all_awardings': [], 'allow_live_comments': False, 'approved_at_utc': None, 'approved_by': None, 'archived': False, 'author': '911_StoryTeller', 'author_flair_background_color': None, 'author_flair_css_class': None, 'author_flair_richtext': [], 'author_flair_template_id': None, 'author_flair_text': None, 'author_flair_text_color': None, 'author_flair_type': 'text', 'author_fullname': 't2_nkt7rg3j', 'author_is_blocked': False, 'author_patreon_flair': False, 'author_premium': False, 'awarders': [], 'banned_at_utc': None, 'banned_by': None, 'can_gild': True, 'can_mod_post': False, 'category': None, 'clicked': False, 'content_categories': None, 'contest_mode': False, 'created': 1654014837.0, 'created_utc': 1654014837.0, 'discussion_type': None, 'distinguished': None, 'domain': 'v.redd.it', 'downs': 0, 'edited': False, 'gilded': 0, 'gildings': {}, 'hidden': False, 'hide_score': True, 'id': 'v1ub1u', 'is_created_from_ads_ui': False, 'is_crosspostable': True, 'is_meta': False, 'is_original_content': False, 'is_reddit_media_domain': True, 'is_robot_indexable': True, 'is_self': False, 'is_video': True, 'likes': None, 'link_flair_background_color': '', 'link_flair_css_class': None, 'link_flair_richtext': [], 'link_flair_text': None, 'link_flair_text_color': 'dark', 'link_flair_type': 'text', 'locked': False, 'media': {'reddit_video': {'bitrate_kbps': 2400, 'dash_url': 'https://v.redd.it/j1hv0y3s9u291/DASHPlaylist.mpd?a=1656607073%2COTc5NmM1MDg1YzZmOGQyMzY2YjY5ZTE0ZjIzNjllZDYzODVmNjhjZmI4YzlkODEzZWRkNjViMjRhOTdkZjc4Nw%3D%3D&amp;v=1&amp;f=sd', 'duration': 45, 'fallback_url': 'https://v.redd.it/j1hv0y3s9u291/DASH_720.mp4?source=fallback', 'height': 720, 'hls_url': 'https://v.redd.it/j1hv0y3s9u291/HLSPlaylist.m3u8?a=1656607073%2CNjY1MDE1OWI1ZjllZjBiODJiYWM0OGJiZGM3ZTMwNmQ0ODFhM2NkNjVjZTIwMWUwMDlkZjAwYTdmYjMzNjlmYg%3D%3D&amp;v=1&amp;f=sd', 'is_gif': False, 'scrubber_media_url': 'https://v.redd.it/j1hv0y3s9u291/DASH_96.mp4', 'transcoding_status': 'completed', 'width': 960}}, 'media_embed': {}, 'media_only': False, 'mod_note': None, 'mod_reason_by': None, 'mod_reason_title': None, 'mod_reports': [], 'name': 't3_v1ub1u', 'no_follow': True, 'num_comments': 0, 'num_crossposts': 3, 'num_reports': None, 'over_18': False, 'parent_whitelist_status': None, 'permalink': '/r/UkraineForums/comments/v1ub1u/ukraine_ukfunded_wolfhound_heavy_tactical_support/', 'pinned': False, 'post_hint': 'hosted:video', 'preview': {'enabled': False, 'images': [{'id': '9u0zQDi2vpHRma27TURFxPGD4GWLuqx9xvuRmev8Tcg', 'resolutions': [{'height': 81, 'url': 'https://external-preview.redd.it/IwWAYjwl63mmo9cuQhLbjxRL2jmxF9UELICRZgGaW8o.png?width=108&amp;crop=smart&amp;format=pjpg&amp;auto=webp&amp;s=e62a27b6f043b10d26f99a1573c6caa66525b068', 'width': 108}, {'height': 162, 'url': 'https://external-preview.redd.it/IwWAYjwl63mmo9cuQhLbjxRL2jmxF9UELICRZgGaW8o.png?width=216&amp;crop=smart&amp;format=pjpg&amp;auto=webp&amp;s=d01fa50337412f2d5c99c5da4eebb2c99cbf38b9', 'width': 216}, {'height': 240, 'url': 'https://external-preview.redd.it/IwWAYjwl63mmo9cuQhLbjxRL2jmxF9UELICRZgGaW8o.png?width=320&amp;crop=smart&amp;format=pjpg&amp;auto=webp&amp;s=12f653200722dca41246aa8fe5b4153da5a7a0c1', 'width': 320}, {'height': 480, 'url': 'https://external-preview.redd.it/IwWAYjwl63mmo9cuQhLbjxRL2jmxF9UELICRZgGaW8o.png?width=640&amp;crop=smart&amp;format=pjpg&amp;auto=webp&amp;s=142343ebff2977bd914d759f4aed4e50da403e49', 'width': 640}, {'height': 720, 'url': 'https://external-preview.redd.it/IwWAYjwl63mmo9cuQhLbjxRL2jmxF9UELICRZgGaW8o.png?width=960&amp;crop=smart&amp;format=pjpg&amp;auto=webp&amp;s=158c5f321fe52a7366ca2f0dd7b6894f01bdd226', 'width': 960}], 'source': {'height': 720, 'url': 'https://external-preview.redd.it/IwWAYjwl63mmo9cuQhLbjxRL2jmxF9UELICRZgGaW8o.png?format=pjpg&amp;auto=webp&amp;s=2c34c968d84e8d7c7f182a190e82ae986fbc8cfe', 'width': 960}, 'variants': {}}]}, 'pwls': None, 'quarantine': False, 'removal_reason': None, 'removed_by': None, 'removed_by_category': None, 'report_reasons': None, 'saved': False, 'score': 1, 'secure_media': {'reddit_video': {'bitrate_kbps': 2400, 'dash_url': 'https://v.redd.it/j1hv0y3s9u291/DASHPlaylist.mpd?a=1656607073%2COTc5NmM1MDg1YzZmOGQyMzY2YjY5ZTE0ZjIzNjllZDYzODVmNjhjZmI4YzlkODEzZWRkNjViMjRhOTdkZjc4Nw%3D%3D&amp;v=1&amp;f=sd', 'duration': 45, 'fallback_url': 'https://v.redd.it/j1hv0y3s9u291/DASH_720.mp4?source=fallback', 'height': 720, 'hls_url': 'https://v.redd.it/j1hv0y3s9u291/HLSPlaylist.m3u8?a=1656607073%2CNjY1MDE1OWI1ZjllZjBiODJiYWM0OGJiZGM3ZTMwNmQ0ODFhM2NkNjVjZTIwMWUwMDlkZjAwYTdmYjMzNjlmYg%3D%3D&amp;v=1&amp;f=sd', 'is_gif': False, 'scrubber_media_url': 'https://v.redd.it/j1hv0y3s9u291/DASH_96.mp4', 'transcoding_status': 'completed', 'width': 960}}, 'secure_media_embed': {}, 'selftext': '', 'selftext_html': None, 'send_replies': True, 'spoiler': False, 'stickied': False, 'subreddit': 'UkraineForums', 'subreddit_id': 't5_6f3az1', 'subreddit_name_prefixed': 'r/UkraineForums', 'subreddit_subscribers': 36, 'subreddit_type': 'public', 'suggested_sort': None, 'thumbnail': 'https://b.thumbs.redditmedia.com/jhDNOGVWjYvrOlK2lrl_QbTZCjR8wurCy-eocd8J6tQ.jpg', 'thumbnail_height': 105, 'thumbnail_width': 140, 'title': 'Ukraine : UK-funded Wolfhound Heavy Tactical Support Vehicle in Ukraine - in this footage, Ukrainian soldiers appear to be training with newly received vehicles fitted with Browning M2HB .50 heavy machine guns.', 'top_awarded_type': None, 'total_awards_received': 0, 'treatment_tags': [], 'ups': 1, 'upvote_ratio': 1.0, 'url': 'https://v.redd.it/j1hv0y3s9u291', 'url_overridden_by_dest': 'https://v.redd.it/j1hv0y3s9u291', 'user_reports': [], 'view_count': None, 'visited': False, 'whitelist_status': None, 'wls': None}]",,,,,,
[],False,eastwesteagle,,[],,text,t2_a06ehcax,False,False,False,[],False,False,1654013548,youtu.be,https://www.reddit.com/r/war/comments/v1ttsu/france_warned_turkey_respect_finland_and_swedens/,{},v1ttsu,False,False,False,True,False,False,False,False,,[],,,dark,text,False,False,True,0,0,False,no_ads,/r/war/comments/v1ttsu/france_warned_turkey_respect_finland_and_swedens/,False,rich:video,"{'enabled': False, 'images': [{'id': 'bIPvHoiPnvTA3McCDFINTWF-kRItEXG46SHEZ_5NWWA', 'resolutions': [{'height': 81, 'url': 'https://external-preview.redd.it/SY3s6kDEqygOda9EQi8-I3ASp6HxXZSnWp4meiXG8Bw.jpg?width=108&amp;crop=smart&amp;auto=webp&amp;s=5b4d89320db30d5b9a205ae43d08fbcc9f0fe7a6', 'width': 108}, {'height': 162, 'url': 'https://external-preview.redd.it/SY3s6kDEqygOda9EQi8-I3ASp6HxXZSnWp4meiXG8Bw.jpg?width=216&amp;crop=smart&amp;auto=webp&amp;s=9ab49dbe267d23a2f69da592f2b91b4f9933bfcc', 'width': 216}, {'height': 240, 'url': 'https://external-preview.redd.it/SY3s6kDEqygOda9EQi8-I3ASp6HxXZSnWp4meiXG8Bw.jpg?width=320&amp;crop=smart&amp;auto=webp&amp;s=080e3822e7be2d4ab686cc591926e9138b52f57e', 'width': 320}], 'source': {'height': 360, 'url': 'https://external-preview.redd.it/SY3s6kDEqygOda9EQi8-I3ASp6HxXZSnWp4meiXG8Bw.jpg?auto=webp&amp;s=3eb66d8f5668e7348b00b9cf01e070ae1a5081e7', 'width': 480}, 'variants': {}}]}",0,reddit,1654013559,1,,True,False,False,war,t5_2qhk8,92351,public,confidence,https://b.thumbs.redditmedia.com/X7jIT6OEVvMOfG3NuVHI0ePoQ4lAyRnf6XKrJTq4nMY.jpg,105.0,140.0,France warned Turkey: Respect Finland and Sweden's NATO decision,0,[],1.0,https://youtu.be/bp-qjMvDfIA,https://youtu.be/bp-qjMvDfIA,no_ads,0,1653984748.0,,,,"{'oembed': {'author_name': 'Mahanology', 'author_url': 'https://www.youtube.com/c/Mahanology', 'height': 200, 'html': '&lt;iframe width=""356"" height=""200"" src=""https://www.youtube.com/embed/bp-qjMvDfIA?feature=oembed&amp;enablejsapi=1"" frameborder=""0"" allow=""accelerometer; autoplay; clipboard-write; encrypted-media; gyroscope; picture-in-picture"" allowfullscreen&gt;&lt;/iframe&gt;', 'provider_name': 'YouTube', 'provider_url': 'https://www.youtube.com/', 'thumbnail_height': 360, 'thumbnail_url': 'https://i.ytimg.com/vi/bp-qjMvDfIA/hqdefault.jpg', 'thumbnail_width': 480, 'title': ""France warned Turkey: Respect Finland and Sweden's NATO decision"", 'type': 'video', 'version': '1.0', 'width': 356}, 'type': 'youtube.com'}","{'content': '&lt;iframe width=""356"" height=""200"" src=""https://www.youtube.com/embed/bp-qjMvDfIA?feature=oembed&amp;enablejsapi=1"" frameborder=""0"" allow=""accelerometer; autoplay; clipboard-write; encrypted-media; gyroscope; picture-in-picture"" allowfullscreen&gt;&lt;/iframe&gt;', 'height': 200, 'scrolling': False, 'width': 356}","{'oembed': {'author_name': 'Mahanology', 'author_url': 'https://www.youtube.com/c/Mahanology', 'height': 200, 'html': '&lt;iframe width=""356"" height=""200"" src=""https://www.youtube.com/embed/bp-qjMvDfIA?feature=oembed&amp;enablejsapi=1"" frameborder=""0"" allow=""accelerometer; autoplay; clipboard-write; encrypted-media; gyroscope; picture-in-picture"" allowfullscreen&gt;&lt;/iframe&gt;', 'provider_name': 'YouTube', 'provider_url': 'https://www.youtube.com/', 'thumbnail_height': 360, 'thumbnail_url': 'https://i.ytimg.com/vi/bp-qjMvDfIA/hqdefault.jpg', 'thumbnail_width': 480, 'title': ""France warned Turkey: Respect Finland and Sweden's NATO decision"", 'type': 'video', 'version': '1.0', 'width': 356}, 'type': 'youtube.com'}","{'content': '&lt;iframe width=""356"" height=""200"" src=""https://www.youtube.com/embed/bp-qjMvDfIA?feature=oembed&amp;enablejsapi=1"" frameborder=""0"" allow=""accelerometer; autoplay; clipboard-write; encrypted-media; gyroscope; picture-in-picture"" allowfullscreen&gt;&lt;/iframe&gt;', 'height': 200, 'media_domain_url': 'https://www.redditmedia.com/mediaembed/v1ttsu', 'scrolling': False, 'width': 356}",
[],False,uglykoala2022,,[],,text,t2_j9irjf4q,False,False,False,[],False,False,1654012715,v.redd.it,https://www.reddit.com/r/war/comments/v1tin5/a_group_of_ukrainian_and_foreign_journalists/,{},v1tin5,False,False,False,True,True,False,False,False,,[],,,dark,text,False,False,True,0,0,False,no_ads,/r/war/comments/v1tin5/a_group_of_ukrainian_and_foreign_journalists/,False,link,"{'enabled': False, 'images': [{'id': 'FLj-vgx-iejIB-JS8qE0ktqVF1MtJf8DHNNB2COglH4', 'resolutions': [{'height': 82, 'url': 'https://external-preview.redd.it/v3e-tYv6yKPtAkohJBNm5vUmuxZmgHHpjDRduqL1k8M.png?width=108&amp;crop=smart&amp;auto=webp&amp;s=076bf018f6b5b1d9ba175d13a517a3c211c92d71', 'width': 108}, {'height': 165, 'url': 'https://external-preview.redd.it/v3e-tYv6yKPtAkohJBNm5vUmuxZmgHHpjDRduqL1k8M.png?width=216&amp;crop=smart&amp;auto=webp&amp;s=0dd1896c4eb8f77a200be67f6796db79d38768b2', 'width': 216}, {'height': 245, 'url': 'https://external-preview.redd.it/v3e-tYv6yKPtAkohJBNm5vUmuxZmgHHpjDRduqL1k8M.png?width=320&amp;crop=smart&amp;auto=webp&amp;s=98c758a014325859aa41c02716cc4be0d4a676eb', 'width': 320}], 'source': {'height': 368, 'url': 'https://external-preview.redd.it/v3e-tYv6yKPtAkohJBNm5vUmuxZmgHHpjDRduqL1k8M.png?auto=webp&amp;s=72697a17f3b11820917c520731c372cb87e4f17d', 'width': 480}, 'variants': {}}]}",0,reddit,1654012725,1,,True,False,False,war,t5_2qhk8,92351,public,confidence,https://b.thumbs.redditmedia.com/kDhdtGv3eDx6Ob3PpmZUvpYjut4k6Ccos0kIxhaCTdY.jpg,107.0,140.0,"A group of Ukrainian and foreign journalists, together with a unit of the Armed Forces of Ukraine, came under fire.",0,[],1.0,https://v.redd.it/hjcxp8ql2u291,https://v.redd.it/hjcxp8ql2u291,no_ads,0,1653983915.0,t3_v1tf4a,"[{'all_awardings': [], 'allow_live_comments': False, 'approved_at_utc': None, 'approved_by': None, 'archived': False, 'author': 'uglykoala2022', 'author_flair_background_color': None, 'author_flair_css_class': None, 'author_flair_richtext': [], 'author_flair_template_id': None, 'author_flair_text': None, 'author_flair_text_color': None, 'author_flair_type': 'text', 'author_fullname': 't2_j9irjf4q', 'author_is_blocked': False, 'author_patreon_flair': False, 'author_premium': False, 'awarders': [], 'banned_at_utc': None, 'banned_by': None, 'can_gild': True, 'can_mod_post': False, 'category': None, 'clicked': False, 'content_categories': None, 'contest_mode': False, 'created': 1654012430.0, 'created_utc': 1654012430.0, 'discussion_type': None, 'distinguished': None, 'domain': 'v.redd.it', 'downs': 0, 'edited': False, 'gilded': 0, 'gildings': {}, 'hidden': False, 'hide_score': True, 'id': 'v1tf4a', 'is_created_from_ads_ui': False, 'is_crosspostable': True, 'is_meta': False, 'is_original_content': False, 'is_reddit_media_domain': True, 'is_robot_indexable': True, 'is_self': False, 'is_video': True, 'likes': None, 'link_flair_background_color': '#0079d3', 'link_flair_css_class': '', 'link_flair_richtext': [{'e': 'text', 't': 'Media'}], 'link_flair_template_id': '91156596-a06a-11ec-939d-eec9e897aae7', 'link_flair_text': 'Media', 'link_flair_text_color': 'dark', 'link_flair_type': 'richtext', 'locked': False, 'media': {'reddit_video': {'bitrate_kbps': 800, 'dash_url': 'https://v.redd.it/hjcxp8ql2u291/DASHPlaylist.mpd?a=1656604725%2CMjBkMDdjMzU1YWQ0NDU2N2ZkODZkZTQ3ZmZlNzgzYWM4ZDU2ZjM4OWE4MWQzOGQzZmYyNjExZjQ2MzMwZmY5MA%3D%3D&amp;v=1&amp;f=sd', 'duration': 140, 'fallback_url': 'https://v.redd.it/hjcxp8ql2u291/DASH_360.mp4?source=fallback', 'height': 360, 'hls_url': 'https://v.redd.it/hjcxp8ql2u291/HLSPlaylist.m3u8?a=1656604725%2CZTk5MmQ3NDYwMzIyM2Y2MTcyZmI1YmU2MTljMzUwMDc4ZGJkOTJmMDM4YTk5YmNhNzcyMzhhMTQ3MjkyMjZlOQ%3D%3D&amp;v=1&amp;f=sd', 'is_gif': False, 'scrubber_media_url': 'https://v.redd.it/hjcxp8ql2u291/DASH_96.mp4', 'transcoding_status': 'completed', 'width': 469}}, 'media_embed': {}, 'media_only': False, 'mod_note': None, 'mod_reason_by': None, 'mod_reason_title': None, 'mod_reports': [], 'name': 't3_v1tf4a', 'no_follow': False, 'num_comments': 0, 'num_crossposts': 1, 'num_reports': None, 'over_18': False, 'parent_whitelist_status': 'no_ads', 'permalink': '/r/SlavaUkrayini/comments/v1tf4a/a_group_of_ukrainian_and_foreign_journalists/', 'pinned': False, 'post_hint': 'hosted:video', 'preview': {'enabled': False, 'images': [{'id': 'FLj-vgx-iejIB-JS8qE0ktqVF1MtJf8DHNNB2COglH4', 'resolutions': [{'height': 82, 'url': 'https://external-preview.redd.it/v3e-tYv6yKPtAkohJBNm5vUmuxZmgHHpjDRduqL1k8M.png?width=108&amp;crop=smart&amp;format=pjpg&amp;auto=webp&amp;s=1728d422fac104569d924fb176f065579b20337c', 'width': 108}, {'height': 165, 'url': 'https://external-preview.redd.it/v3e-tYv6yKPtAkohJBNm5vUmuxZmgHHpjDRduqL1k8M.png?width=216&amp;crop=smart&amp;format=pjpg&amp;auto=webp&amp;s=b56a726f48975634a8301a2646f94c2d7d2b5ea2', 'width': 216}, {'height': 245, 'url': 'https://external-preview.redd.it/v3e-tYv6yKPtAkohJBNm5vUmuxZmgHHpjDRduqL1k8M.png?width=320&amp;crop=smart&amp;format=pjpg&amp;auto=webp&amp;s=4e2af1192002847d00f2522a0528b2c9a034277f', 'width': 320}], 'source': {'height': 368, 'url': 'https://external-preview.redd.it/v3e-tYv6yKPtAkohJBNm5vUmuxZmgHHpjDRduqL1k8M.png?format=pjpg&amp;auto=webp&amp;s=50ddce497b8bc567e1a314127149c485c91a3c34', 'width': 480}, 'variants': {}}]}, 'pwls': 0, 'quarantine': False, 'removal_reason': None, 'removed_by': None, 'removed_by_category': None, 'report_reasons': None, 'saved': False, 'score': 2, 'secure_media': {'reddit_video': {'bitrate_kbps': 800, 'dash_url': 'https://v.redd.it/hjcxp8ql2u291/DASHPlaylist.mpd?a=1656604725%2CMjBkMDdjMzU1YWQ0NDU2N2ZkODZkZTQ3ZmZlNzgzYWM4ZDU2ZjM4OWE4MWQzOGQzZmYyNjExZjQ2MzMwZmY5MA%3D%3D&amp;v=1&amp;f=sd', 'duration': 140, 'fallback_url': 'https://v.redd.it/hjcxp8ql2u291/DASH_360.mp4?source=fallback', 'height': 360, 'hls_url': 'https://v.redd.it/hjcxp8ql2u291/HLSPlaylist.m3u8?a=1656604725%2CZTk5MmQ3NDYwMzIyM2Y2MTcyZmI1YmU2MTljMzUwMDc4ZGJkOTJmMDM4YTk5YmNhNzcyMzhhMTQ3MjkyMjZlOQ%3D%3D&amp;v=1&amp;f=sd', 'is_gif': False, 'scrubber_media_url': 'https://v.redd.it/hjcxp8ql2u291/DASH_96.mp4', 'transcoding_status': 'completed', 'width': 469}}, 'secure_media_embed': {}, 'selftext': '', 'selftext_html': None, 'send_replies': True, 'spoiler': False, 'stickied': False, 'subreddit': 'SlavaUkrayini', 'subreddit_id': 't5_5zbtc2', 'subreddit_name_prefixed': 'r/SlavaUkrayini', 'subreddit_subscribers': 5943, 'subreddit_type': 'public', 'suggested_sort': None, 'thumbnail': 'https://b.thumbs.redditmedia.com/kDhdtGv3eDx6Ob3PpmZUvpYjut4k6Ccos0kIxhaCTdY.jpg', 'thumbnail_height': 107, 'thumbnail_width': 140, 'title': 'A group of Ukrainian and foreign journalists, together with a unit of the Armed Forces of Ukraine, came under fire.', 'top_awarded_type': None, 'total_awards_received': 0, 'treatment_tags': [], 'ups': 2, 'upvote_ratio': 1.0, 'url': 'https://v.redd.it/hjcxp8ql2u291', 'url_overridden_by_dest': 'https://v.redd.it/hjcxp8ql2u291', 'user_reports': [], 'view_count': None, 'visited': False, 'whitelist_status': 'no_ads', 'wls': 0}]",,,,,,
[],False,420KetWig,,[],,text,t2_n4bl4ty5,False,False,False,[],False,False,1654008714,youtu.be,https://www.reddit.com/r/war/comments/v1s1u0/russian_tank_goes_boom_after_driving_over_a/,{},v1s1u0,False,False,False,True,False,False,False,False,,[],,,dark,text,False,False,True,0,0,False,no_ads,/r/war/comments/v1s1u0/russian_tank_goes_boom_after_driving_over_a/,False,rich:video,"{'enabled': False, 'images': [{'id': '3YsHO5nuyNsy07mtUdJquPw8hkYvZu5Tj02SzpSbWg4', 'resolutions': [{'height': 81, 'url': 'https://external-preview.redd.it/xmBbFBc8pdnWoNlH9qiQ0ZsKazsPlHCny0DUhjTrtBQ.jpg?width=108&amp;crop=smart&amp;auto=webp&amp;s=cb5f9d900da55117f73d5bcc330b85755b067f67', 'width': 108}, {'height': 162, 'url': 'https://external-preview.redd.it/xmBbFBc8pdnWoNlH9qiQ0ZsKazsPlHCny0DUhjTrtBQ.jpg?width=216&amp;crop=smart&amp;auto=webp&amp;s=4b0eb2e8257273f98b14ca81eba58475fefbf315', 'width': 216}, {'height': 240, 'url': 'https://external-preview.redd.it/xmBbFBc8pdnWoNlH9qiQ0ZsKazsPlHCny0DUhjTrtBQ.jpg?width=320&amp;crop=smart&amp;auto=webp&amp;s=816d55fd3b9433d9ba524a899d9b7dadf6854fc2', 'width': 320}], 'source': {'height': 360, 'url': 'https://external-preview.redd.it/xmBbFBc8pdnWoNlH9qiQ0ZsKazsPlHCny0DUhjTrtBQ.jpg?auto=webp&amp;s=d2f677b2d7ea29e6eceb328504bb63b84d020006', 'width': 480}, 'variants': {}}]}",0,reddit,1654008724,1,,False,False,False,war,t5_2qhk8,92349,public,confidence,https://a.thumbs.redditmedia.com/zxwp7DM85dAVkuTL4X_s0rYFJ0dFuIdfZnzZzOLh294.jpg,105.0,140.0,Russian tank goes BOOM after driving over a Ukrainian placed anti-tank mine and then gets finished off by a Stugna-P missile,0,[],1.0,https://youtu.be/SAzHZY0rBzw,https://youtu.be/SAzHZY0rBzw,no_ads,0,1653979914.0,,,,"{'oembed': {'author_name': 'Russia Ukraine War 2022', 'author_url': 'https://www.youtube.com/channel/UCy6xTU9s8h9p0OEUeKcIOlA', 'height': 200, 'html': '&lt;iframe width=""356"" height=""200"" src=""https://www.youtube.com/embed/SAzHZY0rBzw?feature=oembed&amp;enablejsapi=1"" frameborder=""0"" allow=""accelerometer; autoplay; clipboard-write; encrypted-media; gyroscope; picture-in-picture"" allowfullscreen&gt;&lt;/iframe&gt;', 'provider_name': 'YouTube', 'provider_url': 'https://www.youtube.com/', 'thumbnail_height': 360, 'thumbnail_url': 'https://i.ytimg.com/vi/SAzHZY0rBzw/hqdefault.jpg', 'thumbnail_width': 480, 'title': '#Ukrainian UAV records a Russian T-72B3 driving over an anti-tank mine and then a Stugna-P hits it', 'type': 'video', 'version': '1.0', 'width': 356}, 'type': 'youtube.com'}","{'content': '&lt;iframe width=""356"" height=""200"" src=""https://www.youtube.com/embed/SAzHZY0rBzw?feature=oembed&amp;enablejsapi=1"" frameborder=""0"" allow=""accelerometer; autoplay; clipboard-write; encrypted-media; gyroscope; picture-in-picture"" allowfullscreen&gt;&lt;/iframe&gt;', 'height': 200, 'scrolling': False, 'width': 356}","{'oembed': {'author_name': 'Russia Ukraine War 2022', 'author_url': 'https://www.youtube.com/channel/UCy6xTU9s8h9p0OEUeKcIOlA', 'height': 200, 'html': '&lt;iframe width=""356"" height=""200"" src=""https://www.youtube.com/embed/SAzHZY0rBzw?feature=oembed&amp;enablejsapi=1"" frameborder=""0"" allow=""accelerometer; autoplay; clipboard-write; encrypted-media; gyroscope; picture-in-picture"" allowfullscreen&gt;&lt;/iframe&gt;', 'provider_name': 'YouTube', 'provider_url': 'https://www.youtube.com/', 'thumbnail_height': 360, 'thumbnail_url': 'https://i.ytimg.com/vi/SAzHZY0rBzw/hqdefault.jpg', 'thumbnail_width': 480, 'title': '#Ukrainian UAV records a Russian T-72B3 driving over an anti-tank mine and then a Stugna-P hits it', 'type': 'video', 'version': '1.0', 'width': 356}, 'type': 'youtube.com'}","{'content': '&lt;iframe width=""356"" height=""200"" src=""https://www.youtube.com/embed/SAzHZY0rBzw?feature=oembed&amp;enablejsapi=1"" frameborder=""0"" allow=""accelerometer; autoplay; clipboard-write; encrypted-media; gyroscope; picture-in-picture"" allowfullscreen&gt;&lt;/iframe&gt;', 'height': 200, 'media_domain_url': 'https://www.redditmedia.com/mediaembed/v1s1u0', 'scrolling': False, 'width': 356}",
[],False,yodi_yodi,,[],,text,t2_geqiyunp,False,False,False,[],False,False,1654004035,reuters.com,https://www.reddit.com/r/war/comments/v1qeso/eritrean_troops_shell_town_in_north_ethiopia_un/,{},v1qeso,False,False,False,True,False,False,False,False,#dadada,[],77ce0434-a480-11ec-aacc-06564c6ff5ef,News,dark,text,False,False,True,0,0,False,no_ads,/r/war/comments/v1qeso/eritrean_troops_shell_town_in_north_ethiopia_un/,False,link,"{'enabled': False, 'images': [{'id': 'kPFFsj2--A2YotoNK1o1X4GQm00dls_iEOsWy4Ey0pQ', 'resolutions': [{'height': 56, 'url': 'https://external-preview.redd.it/i8hRKLuP8z3ByrZAioRfIZ_rG1X8GqkoIvUF-lhfwVg.jpg?width=108&amp;crop=smart&amp;auto=webp&amp;s=02d8c68f500927ca2f63cec1b22409c824c775d8', 'width': 108}, {'height': 113, 'url': 'https://external-preview.redd.it/i8hRKLuP8z3ByrZAioRfIZ_rG1X8GqkoIvUF-lhfwVg.jpg?width=216&amp;crop=smart&amp;auto=webp&amp;s=c44e67998458621d8541d848167f1e308766e3d2', 'width': 216}, {'height': 167, 'url': 'https://external-preview.redd.it/i8hRKLuP8z3ByrZAioRfIZ_rG1X8GqkoIvUF-lhfwVg.jpg?width=320&amp;crop=smart&amp;auto=webp&amp;s=393f1fd0db1cb7f2de35313a81e15ba2c96cae3f', 'width': 320}, {'height': 334, 'url': 'https://external-preview.redd.it/i8hRKLuP8z3ByrZAioRfIZ_rG1X8GqkoIvUF-lhfwVg.jpg?width=640&amp;crop=smart&amp;auto=webp&amp;s=82d0f89ed0602a8d7b6ef1791c139cc1765a501a', 'width': 640}], 'source': {'height': 381, 'url': 'https://external-preview.redd.it/i8hRKLuP8z3ByrZAioRfIZ_rG1X8GqkoIvUF-lhfwVg.jpg?auto=webp&amp;s=c86b02b8050ce2f15582ec269fd6dae4e2aaa6da', 'width': 728}, 'variants': {}}]}",0,reddit,1654004046,1,,False,False,False,war,t5_2qhk8,92347,public,confidence,https://b.thumbs.redditmedia.com/GpU84dsIRZRVQvelzcvlGSq1FDHpEgHAKfSZJTA786A.jpg,73.0,140.0,Eritrean troops shell town in north Ethiopia - U.N.,0,[],1.0,https://www.reuters.com/world/africa/eritrean-troops-shell-town-north-ethiopia-un-2022-05-31/,https://www.reuters.com/world/africa/eritrean-troops-shell-town-north-ethiopia-un-2022-05-31/,no_ads,0,1653975235.0,,,,,,,,
[],False,Useful-Ant-6303,,[],,text,t2_bt3t7nsl,False,False,False,[],False,False,1654003197,i.redd.it,https://www.reddit.com/r/war/comments/v1q4sb/azov_drops_nazi_symbol_interesting/,{},v1q4sb,False,False,False,True,True,False,False,False,,[],,,dark,text,False,False,True,0,0,False,no_ads,/r/war/comments/v1q4sb/azov_drops_nazi_symbol_interesting/,False,image,"{'enabled': True, 'images': [{'id': 'a8R5NomYYoa_ZYHnfYUbWJ9rZdTztnCOXYUGFCf5S88', 'resolutions': [{'height': 160, 'url': 'https://preview.redd.it/d981xj66bt291.jpg?width=108&amp;crop=smart&amp;auto=webp&amp;s=6e91688a9cdf040284cf1c3ba8ac0fad1b9e2dec', 'width': 108}, {'height': 321, 'url': 'https://preview.redd.it/d981xj66bt291.jpg?width=216&amp;crop=smart&amp;auto=webp&amp;s=83adaad5174650bd040e7541eda37235dcf518be', 'width': 216}, {'height': 475, 'url': 'https://preview.redd.it/d981xj66bt291.jpg?width=320&amp;crop=smart&amp;auto=webp&amp;s=a18f0155a1a0e81a0c5190e807fe373a79a3920d', 'width': 320}, {'height': 951, 'url': 'https://preview.redd.it/d981xj66bt291.jpg?width=640&amp;crop=smart&amp;auto=webp&amp;s=244e3d403ec54130e2d36ccb43ae51c49a7efde2', 'width': 640}, {'height': 1426, 'url': 'https://preview.redd.it/d981xj66bt291.jpg?width=960&amp;crop=smart&amp;auto=webp&amp;s=e0092b7e647320e47026c362dd9ca31fc721ed42', 'width': 960}, {'height': 1605, 'url': 'https://preview.redd.it/d981xj66bt291.jpg?width=1080&amp;crop=smart&amp;auto=webp&amp;s=59b85491d87c11da5944488d271e29098ed3f938', 'width': 1080}], 'source': {'height': 1672, 'url': 'https://preview.redd.it/d981xj66bt291.jpg?auto=webp&amp;s=3568634a2c77fb8b0a4ba14bf1267cee7848db5c', 'width': 1125}, 'variants': {}}]}",0,reddit,1654003208,1,,False,False,False,war,t5_2qhk8,92347,public,confidence,https://b.thumbs.redditmedia.com/-Lq7SS67tCrYNJI_0Tj1H4x4dVTs0dkh17gIpQNNswk.jpg,140.0,140.0,AZOV drops nazi symbol - interesting,0,[],1.0,https://i.redd.it/d981xj66bt291.jpg,https://i.redd.it/d981xj66bt291.jpg,no_ads,0,1653974397.0,,,,,,,,
[],False,RadiantHole,,[],,text,t2_nrmq5kmm,False,False,False,[],False,False,1653993904,self.war,https://www.reddit.com/r/war/comments/v1ner8/secrets_of_the_nazi_nuclear_bomb/,{},v1ner8,False,False,False,True,False,False,True,False,#dadada,[],77ce0434-a480-11ec-aacc-06564c6ff5ef,News,dark,text,False,False,True,0,0,False,no_ads,/r/war/comments/v1ner8/secrets_of_the_nazi_nuclear_bomb/,False,self,"{'enabled': False, 'images': [{'id': 'BMTBPwsslR0-JzTWe7kz4qE2eEdkuWqrhhjliQjzgIA', 'resolutions': [{'height': 81, 'url': 'https://external-preview.redd.it/e7g2XqPwKyIIFg-MDhkEIDguJFDPc5Crqx_iWoosB1g.jpg?width=108&amp;crop=smart&amp;auto=webp&amp;s=6fb9b6726900053f15b33cf5571d7e0224656509', 'width': 108}, {'height': 162, 'url': 'https://external-preview.redd.it/e7g2XqPwKyIIFg-MDhkEIDguJFDPc5Crqx_iWoosB1g.jpg?width=216&amp;crop=smart&amp;auto=webp&amp;s=acb108babe1c9c12e42ed836014c585fab2fec49', 'width': 216}, {'height': 240, 'url': 'https://external-preview.redd.it/e7g2XqPwKyIIFg-MDhkEIDguJFDPc5Crqx_iWoosB1g.jpg?width=320&amp;crop=smart&amp;auto=webp&amp;s=f4880ab87336bd9a789894916ddc3b23d08f0560', 'width': 320}], 'source': {'height': 360, 'url': 'https://external-preview.redd.it/e7g2XqPwKyIIFg-MDhkEIDguJFDPc5Crqx_iWoosB1g.jpg?auto=webp&amp;s=0caea6fb4f464556158552f52355e73f39bb997d', 'width': 480}, 'variants': {}}]}",0,reddit,1653993914,1,[removed],True,False,False,war,t5_2qhk8,92342,public,confidence,self,,,Secrets Of The Nazi Nuclear Bomb,0,[],1.0,https://www.reddit.com/r/war/comments/v1ner8/secrets_of_the_nazi_nuclear_bomb/,,no_ads,0,1653965104.0,,,,,,,,
[],False,StevenWendellNelson,,[],,text,t2_nstpvkfk,False,False,False,[],False,False,1653992329,self.war,https://www.reddit.com/r/war/comments/v1n105/consistently_pray/,{},v1n105,False,False,False,True,False,False,True,False,#dadada,[],77ce0434-a480-11ec-aacc-06564c6ff5ef,News,dark,text,False,False,True,0,0,False,no_ads,/r/war/comments/v1n105/consistently_pray/,False,,,0,reddit,1653992339,1,[removed],True,False,False,war,t5_2qhk8,92342,public,confidence,self,,,Consistently Pray,0,[],1.0,https://www.reddit.com/r/war/comments/v1n105/consistently_pray/,,no_ads,0,1653963529.0,,,,,,,,
[],False,FekSneK,,[],,text,t2_67pfbl20,False,False,False,[],False,False,1653987517,self.war,https://www.reddit.com/r/war/comments/v1lwkn/when_will_the_war_end_how/,{},v1lwkn,False,False,False,True,False,False,True,False,,[],,,dark,text,False,False,True,0,0,False,no_ads,/r/war/comments/v1lwkn/when_will_the_war_end_how/,False,,,0,reddit,1653987527,1,[removed],True,False,False,war,t5_2qhk8,92340,public,confidence,self,,,When will the war end? / how,0,[],1.0,https://www.reddit.com/r/war/comments/v1lwkn/when_will_the_war_end_how/,,no_ads,0,1653958717.0,,,,,,,,
[],False,Brown_George20,,[],,text,t2_cn35pa1f,False,False,False,[],False,False,1653980220,self.war,https://www.reddit.com/r/war/comments/v1kbjp/us_allies_in_ne_syria_warn_against_new_turkish/,{},v1kbjp,False,False,False,True,False,False,True,False,,[],,,dark,text,False,False,True,0,0,False,no_ads,/r/war/comments/v1kbjp/us_allies_in_ne_syria_warn_against_new_turkish/,False,,,0,automod_filtered,1653980231,1,[removed],True,False,False,war,t5_2qhk8,92334,public,confidence,https://a.thumbs.redditmedia.com/Z10OALcCJLIc5kbz4jdkZMewDZsTJ0_BjoMP2W1VOu4.jpg,78.0,140.0,"US Allies in NE Syria, Warn Against New Turkish Invasion",0,[],1.0,https://www.reddit.com/r/war/comments/v1kbjp/us_allies_in_ne_syria_warn_against_new_turkish/,,no_ads,0,1653951420.0,,,,,,,,
[],False,Shitmouth99,,[],,text,t2_9tknxhki,False,False,False,[],False,False,1653967590,youtube.com,https://www.reddit.com/r/war/comments/v1h1jx/ukraine_russia_war_combat_footage_10/,{},v1h1jx,False,False,False,True,False,False,False,False,,[],98a5d52a-ea92-11e3-b906-12313d056e4a,NSFL,dark,text,False,False,True,0,0,False,no_ads,/r/war/comments/v1h1jx/ukraine_russia_war_combat_footage_10/,False,rich:video,"{'enabled': False, 'images': [{'id': 'ZVZlDeTEDJ6-L9y90Ox-xRPOqrZx-gBns5LsuBhGgB4', 'resolutions': [{'height': 81, 'url': 'https://external-preview.redd.it/SYkjqQ5ckbJ-46-qMDYzpz4uTtVG_GxpnwwaYOaaMlg.jpg?width=108&amp;crop=smart&amp;auto=webp&amp;s=c61e1305b23d048d393f40fefb6f481cadbeb621', 'width': 108}, {'height': 162, 'url': 'https://external-preview.redd.it/SYkjqQ5ckbJ-46-qMDYzpz4uTtVG_GxpnwwaYOaaMlg.jpg?width=216&amp;crop=smart&amp;auto=webp&amp;s=09dc3d1207cc18084cd0ee425780e20a0899465c', 'width': 216}, {'height': 240, 'url': 'https://external-preview.redd.it/SYkjqQ5ckbJ-46-qMDYzpz4uTtVG_GxpnwwaYOaaMlg.jpg?width=320&amp;crop=smart&amp;auto=webp&amp;s=88303473683289f1532e8af12f92d15c242001f7', 'width': 320}], 'source': {'height': 360, 'url': 'https://external-preview.redd.it/SYkjqQ5ckbJ-46-qMDYzpz4uTtVG_GxpnwwaYOaaMlg.jpg?auto=webp&amp;s=4e9dc835326a83207a78dcbf1f3c3993152e17b7', 'width': 480}, 'variants': {}}]}",0,reddit,1653967600,1,,True,False,False,war,t5_2qhk8,92321,public,confidence,https://b.thumbs.redditmedia.com/WmPzR-BKqlOcPP4XIMmIRyb74gvWjjlCJ_eAj639s3o.jpg,105.0,140.0,Ukraine Russia War Combat Footage 10,0,[],1.0,https://www.youtube.com/watch?v=ByoTpfJomaQ,https://www.youtube.com/watch?v=ByoTpfJomaQ,no_ads,0,1653938790.0,,,nsfl,"{'oembed': {'author_name': 'WarPig', 'author_url': 'https://www.youtube.com/channel/UCjQZtvQFBeKEGSq95GJ6Wow', 'height': 200, 'html': '&lt;iframe width=""356"" height=""200"" src=""https://www.youtube.com/embed/ByoTpfJomaQ?feature=oembed&amp;enablejsapi=1"" frameborder=""0"" allow=""accelerometer; autoplay; clipboard-write; encrypted-media; gyroscope; picture-in-picture"" allowfullscreen&gt;&lt;/iframe&gt;', 'provider_name': 'YouTube', 'provider_url': 'https://www.youtube.com/', 'thumbnail_height': 360, 'thumbnail_url': 'https://i.ytimg.com/vi/ByoTpfJomaQ/hqdefault.jpg', 'thumbnail_width': 480, 'title': 'Ukraine Russia War Combat Footage 10', 'type': 'video', 'version': '1.0', 'width': 356}, 'type': 'youtube.com'}","{'content': '&lt;iframe width=""356"" height=""200"" src=""https://www.youtube.com/embed/ByoTpfJomaQ?feature=oembed&amp;enablejsapi=1"" frameborder=""0"" allow=""accelerometer; autoplay; clipboard-write; encrypted-media; gyroscope; picture-in-picture"" allowfullscreen&gt;&lt;/iframe&gt;', 'height': 200, 'scrolling': False, 'width': 356}","{'oembed': {'author_name': 'WarPig', 'author_url': 'https://www.youtube.com/channel/UCjQZtvQFBeKEGSq95GJ6Wow', 'height': 200, 'html': '&lt;iframe width=""356"" height=""200"" src=""https://www.youtube.com/embed/ByoTpfJomaQ?feature=oembed&amp;enablejsapi=1"" frameborder=""0"" allow=""accelerometer; autoplay; clipboard-write; encrypted-media; gyroscope; picture-in-picture"" allowfullscreen&gt;&lt;/iframe&gt;', 'provider_name': 'YouTube', 'provider_url': 'https://www.youtube.com/', 'thumbnail_height': 360, 'thumbnail_url': 'https://i.ytimg.com/vi/ByoTpfJomaQ/hqdefault.jpg', 'thumbnail_width': 480, 'title': 'Ukraine Russia War Combat Footage 10', 'type': 'video', 'version': '1.0', 'width': 356}, 'type': 'youtube.com'}","{'content': '&lt;iframe width=""356"" height=""200"" src=""https://www.youtube.com/embed/ByoTpfJomaQ?feature=oembed&amp;enablejsapi=1"" frameborder=""0"" allow=""accelerometer; autoplay; clipboard-write; encrypted-media; gyroscope; picture-in-picture"" allowfullscreen&gt;&lt;/iframe&gt;', 'height': 200, 'media_domain_url': 'https://www.redditmedia.com/mediaembed/v1h1jx', 'scrolling': False, 'width': 356}",
[],False,20WordsMax,,[],,text,t2_753xkmvg,False,False,False,[],False,False,1653964218,reddit.com,https://www.reddit.com/r/war/comments/v1g1n5/azov_troops_looking_after_themselves_in_pow_camps/,{},v1g1n5,False,False,False,True,False,False,False,False,,[],,,dark,text,False,False,True,0,0,False,no_ads,/r/war/comments/v1g1n5/azov_troops_looking_after_themselves_in_pow_camps/,False,,,0,reddit,1653964229,1,,True,False,False,war,t5_2qhk8,92318,public,confidence,https://b.thumbs.redditmedia.com/LcynUAFpm1Y-x3cT3wd7aPJyQ8GMnjzcrReEFv232rw.jpg,93.0,140.0,Azov troops looking after themselves in POW camps awaiting to be trial in the Donetsk Peoples Republic,0,[],1.0,https://www.reddit.com/gallery/v1g1n5,https://www.reddit.com/gallery/v1g1n5,no_ads,0,1653935418.0,,,,,,,,True
[],False,CFlower240,,[],,text,t2_ir38updv,False,False,False,[],False,False,1653957497,v.redd.it,https://www.reddit.com/r/war/comments/v1e05w/russian_soldier_gets_run_over_by_a_russian/,{},v1e05w,False,False,False,True,True,False,False,False,,[],,,dark,text,False,False,True,0,0,True,no_ads,/r/war/comments/v1e05w/russian_soldier_gets_run_over_by_a_russian/,False,link,"{'enabled': False, 'images': [{'id': 'gvV2X0oeU35oNuQwW7NxGm2GvnJA_pYGFYo0g5wj72w', 'resolutions': [{'height': 60, 'url': 'https://external-preview.redd.it/pN88LhVSqBjbZ125m0ycFRvgLNId7H7xTtrvo6JhitI.png?width=108&amp;crop=smart&amp;auto=webp&amp;s=ffd7dc2d22963bf9815302a5be57e4f5b614bea0', 'width': 108}, {'height': 121, 'url': 'https://external-preview.redd.it/pN88LhVSqBjbZ125m0ycFRvgLNId7H7xTtrvo6JhitI.png?width=216&amp;crop=smart&amp;auto=webp&amp;s=600ac14a79089ffe32bea653265cb3805554ddb5', 'width': 216}, {'height': 180, 'url': 'https://external-preview.redd.it/pN88LhVSqBjbZ125m0ycFRvgLNId7H7xTtrvo6JhitI.png?width=320&amp;crop=smart&amp;auto=webp&amp;s=2b01ba9cfe9f6827bfa0a895c3629e91a5208df7', 'width': 320}, {'height': 360, 'url': 'https://external-preview.redd.it/pN88LhVSqBjbZ125m0ycFRvgLNId7H7xTtrvo6JhitI.png?width=640&amp;crop=smart&amp;auto=webp&amp;s=d5aaa02e9be2d31111e58db2d0384f938d945f08', 'width': 640}], 'source': {'height': 480, 'url': 'https://external-preview.redd.it/pN88LhVSqBjbZ125m0ycFRvgLNId7H7xTtrvo6JhitI.png?auto=webp&amp;s=c72fb400ae7fff8011d94bd7776e09fa43d83aa2', 'width': 852}, 'variants': {'nsfw': {'resolutions': [{'height': 60, 'url': 'https://external-preview.redd.it/pN88LhVSqBjbZ125m0ycFRvgLNId7H7xTtrvo6JhitI.png?width=108&amp;crop=smart&amp;blur=10&amp;format=pjpg&amp;auto=webp&amp;s=d226da4578e9597a1307268ee74777b4fe2a82a8', 'width': 108}, {'height': 121, 'url': 'https://external-preview.redd.it/pN88LhVSqBjbZ125m0ycFRvgLNId7H7xTtrvo6JhitI.png?width=216&amp;crop=smart&amp;blur=21&amp;format=pjpg&amp;auto=webp&amp;s=8e75d832724de318a4b325b5b5422f0cc7ef24b7', 'width': 216}, {'height': 180, 'url': 'https://external-preview.redd.it/pN88LhVSqBjbZ125m0ycFRvgLNId7H7xTtrvo6JhitI.png?width=320&amp;crop=smart&amp;blur=32&amp;format=pjpg&amp;auto=webp&amp;s=9d9aeea57e6c9dd19a73038a723f42353915c2ff', 'width': 320}, {'height': 360, 'url': 'https://external-preview.redd.it/pN88LhVSqBjbZ125m0ycFRvgLNId7H7xTtrvo6JhitI.png?width=640&amp;crop=smart&amp;blur=40&amp;format=pjpg&amp;auto=webp&amp;s=b753f4bc759cd739ac64fc7e989ec0387152a21e', 'width': 640}], 'source': {'height': 480, 'url': 'https://external-preview.redd.it/pN88LhVSqBjbZ125m0ycFRvgLNId7H7xTtrvo6JhitI.png?blur=40&amp;format=pjpg&amp;auto=webp&amp;s=04447f3f4f984dee19d8ddb618d956c9cb359219', 'width': 852}}, 'obfuscated': {'resolutions': [{'height': 60, 'url': 'https://external-preview.redd.it/pN88LhVSqBjbZ125m0ycFRvgLNId7H7xTtrvo6JhitI.png?width=108&amp;crop=smart&amp;blur=10&amp;format=pjpg&amp;auto=webp&amp;s=d226da4578e9597a1307268ee74777b4fe2a82a8', 'width': 108}, {'height': 121, 'url': 'https://external-preview.redd.it/pN88LhVSqBjbZ125m0ycFRvgLNId7H7xTtrvo6JhitI.png?width=216&amp;crop=smart&amp;blur=21&amp;format=pjpg&amp;auto=webp&amp;s=8e75d832724de318a4b325b5b5422f0cc7ef24b7', 'width': 216}, {'height': 180, 'url': 'https://external-preview.redd.it/pN88LhVSqBjbZ125m0ycFRvgLNId7H7xTtrvo6JhitI.png?width=320&amp;crop=smart&amp;blur=32&amp;format=pjpg&amp;auto=webp&amp;s=9d9aeea57e6c9dd19a73038a723f42353915c2ff', 'width': 320}, {'height': 360, 'url': 'https://external-preview.redd.it/pN88LhVSqBjbZ125m0ycFRvgLNId7H7xTtrvo6JhitI.png?width=640&amp;crop=smart&amp;blur=40&amp;format=pjpg&amp;auto=webp&amp;s=b753f4bc759cd739ac64fc7e989ec0387152a21e', 'width': 640}], 'source': {'height': 480, 'url': 'https://external-preview.redd.it/pN88LhVSqBjbZ125m0ycFRvgLNId7H7xTtrvo6JhitI.png?blur=40&amp;format=pjpg&amp;auto=webp&amp;s=04447f3f4f984dee19d8ddb618d956c9cb359219', 'width': 852}}}}]}",0,reddit,1653957507,1,,True,False,False,war,t5_2qhk8,92309,public,confidence,nsfw,78.0,140.0,"Russian soldier gets run over by a Russian military vehicle, occupied Ukraine 2022",0,[],1.0,https://v.redd.it/q97e4wkc9m291,https://v.redd.it/q97e4wkc9m291,no_ads,0,1653928697.0,t3_v10e5c,"[{'all_awardings': [{'award_sub_type': 'GLOBAL', 'award_type': 'global', 'awardings_required_to_grant_benefits': None, 'coin_price': 100, 'coin_reward': 0, 'count': 1, 'days_of_drip_extension': None, 'days_of_premium': None, 'description': ""Shows the Silver Award... and that's it."", 'end_date': None, 'giver_coin_reward': None, 'icon_format': None, 'icon_height': 512, 'icon_url': 'https://www.redditstatic.com/gold/awards/icon/silver_512.png', 'icon_width': 512, 'id': 'gid_1', 'is_enabled': True, 'is_new': False, 'name': 'Silver', 'penny_donate': None, 'penny_price': None, 'resized_icons': [{'height': 16, 'url': 'https://www.redditstatic.com/gold/awards/icon/silver_16.png', 'width': 16}, {'height': 32, 'url': 'https://www.redditstatic.com/gold/awards/icon/silver_32.png', 'width': 32}, {'height': 48, 'url': 'https://www.redditstatic.com/gold/awards/icon/silver_48.png', 'width': 48}, {'height': 64, 'url': 'https://www.redditstatic.com/gold/awards/icon/silver_64.png', 'width': 64}, {'height': 128, 'url': 'https://www.redditstatic.com/gold/awards/icon/silver_128.png', 'width': 128}], 'resized_static_icons': [{'height': 16, 'url': 'https://www.redditstatic.com/gold/awards/icon/silver_16.png', 'width': 16}, {'height': 32, 'url': 'https://www.redditstatic.com/gold/awards/icon/silver_32.png', 'width': 32}, {'height': 48, 'url': 'https://www.redditstatic.com/gold/awards/icon/silver_48.png', 'width': 48}, {'height': 64, 'url': 'https://www.redditstatic.com/gold/awards/icon/silver_64.png', 'width': 64}, {'height': 128, 'url': 'https://www.redditstatic.com/gold/awards/icon/silver_128.png', 'width': 128}], 'start_date': None, 'static_icon_height': 512, 'static_icon_url': 'https://www.redditstatic.com/gold/awards/icon/silver_512.png', 'static_icon_width': 512, 'subreddit_coin_reward': 0, 'subreddit_id': None, 'tiers_by_required_awardings': None}, {'award_sub_type': 'GLOBAL', 'award_type': 'global', 'awardings_required_to_grant_benefits': None, 'coin_price': 150, 'coin_reward': 0, 'count': 1, 'days_of_drip_extension': None, 'days_of_premium': None, 'description': 'Thank you stranger. Shows the award.', 'end_date': None, 'giver_coin_reward': None, 'icon_format': None, 'icon_height': 2048, 'icon_url': 'https://i.redd.it/award_images/t5_22cerq/klvxk1wggfd41_Helpful.png', 'icon_width': 2048, 'id': 'award_f44611f1-b89e-46dc-97fe-892280b13b82', 'is_enabled': True, 'is_new': False, 'name': 'Helpful', 'penny_donate': None, 'penny_price': None, 'resized_icons': [{'height': 16, 'url': 'https://preview.redd.it/award_images/t5_22cerq/klvxk1wggfd41_Helpful.png?width=16&amp;height=16&amp;auto=webp&amp;s=a5662dfbdb402bf67866c050aa76c31c147c2f45', 'width': 16}, {'height': 32, 'url': 'https://preview.redd.it/award_images/t5_22cerq/klvxk1wggfd41_Helpful.png?width=32&amp;height=32&amp;auto=webp&amp;s=a6882eb3f380e8e88009789f4d0072e17b8c59f1', 'width': 32}, {'height': 48, 'url': 'https://preview.redd.it/award_images/t5_22cerq/klvxk1wggfd41_Helpful.png?width=48&amp;height=48&amp;auto=webp&amp;s=e50064b090879e8a0b55e433f6ee61d5cb5fbe1d', 'width': 48}, {'height': 64, 'url': 'https://preview.redd.it/award_images/t5_22cerq/klvxk1wggfd41_Helpful.png?width=64&amp;height=64&amp;auto=webp&amp;s=8e5bb2e76683cb6b161830bcdd9642049d6adc11', 'width': 64}, {'height': 128, 'url': 'https://preview.redd.it/award_images/t5_22cerq/klvxk1wggfd41_Helpful.png?width=128&amp;height=128&amp;auto=webp&amp;s=eda4a9246f95f42ee6940cc0ec65306fd20de878', 'width': 128}], 'resized_static_icons': [{'height': 16, 'url': 'https://preview.redd.it/award_images/t5_22cerq/klvxk1wggfd41_Helpful.png?width=16&amp;height=16&amp;auto=webp&amp;s=a5662dfbdb402bf67866c050aa76c31c147c2f45', 'width': 16}, {'height': 32, 'url': 'https://preview.redd.it/award_images/t5_22cerq/klvxk1wggfd41_Helpful.png?width=32&amp;height=32&amp;auto=webp&amp;s=a6882eb3f380e8e88009789f4d0072e17b8c59f1', 'width': 32}, {'height': 48, 'url': 'https://preview.redd.it/award_images/t5_22cerq/klvxk1wggfd41_Helpful.png?width=48&amp;height=48&amp;auto=webp&amp;s=e50064b090879e8a0b55e433f6ee61d5cb5fbe1d', 'width': 48}, {'height': 64, 'url': 'https://preview.redd.it/award_images/t5_22cerq/klvxk1wggfd41_Helpful.png?width=64&amp;height=64&amp;auto=webp&amp;s=8e5bb2e76683cb6b161830bcdd9642049d6adc11', 'width': 64}, {'height': 128, 'url': 'https://preview.redd.it/award_images/t5_22cerq/klvxk1wggfd41_Helpful.png?width=128&amp;height=128&amp;auto=webp&amp;s=eda4a9246f95f42ee6940cc0ec65306fd20de878', 'width': 128}], 'start_date': None, 'static_icon_height': 2048, 'static_icon_url': 'https://i.redd.it/award_images/t5_22cerq/klvxk1wggfd41_Helpful.png', 'static_icon_width': 2048, 'subreddit_coin_reward': 0, 'subreddit_id': None, 'tiers_by_required_awardings': None}, {'award_sub_type': 'GLOBAL', 'award_type': 'global', 'awardings_required_to_grant_benefits': None, 'coin_price': 125, 'coin_reward': 0, 'count': 1, 'days_of_drip_extension': None, 'days_of_premium': None, 'description': 'When you come across a feel-good thing.', 'end_date': None, 'giver_coin_reward': None, 'icon_format': None, 'icon_height': 2048, 'icon_url': 'https://i.redd.it/award_images/t5_22cerq/5izbv4fn0md41_Wholesome.png', 'icon_width': 2048, 'id': 'award_5f123e3d-4f48-42f4-9c11-e98b566d5897', 'is_enabled': True, 'is_new': False, 'name': 'Wholesome', 'penny_donate': None, 'penny_price': None, 'resized_icons': [{'height': 16, 'url': 'https://preview.redd.it/award_images/t5_22cerq/5izbv4fn0md41_Wholesome.png?width=16&amp;height=16&amp;auto=webp&amp;s=92932f465d58e4c16b12b6eac4ca07d27e3d11c0', 'width': 16}, {'height': 32, 'url': 'https://preview.redd.it/award_images/t5_22cerq/5izbv4fn0md41_Wholesome.png?width=32&amp;height=32&amp;auto=webp&amp;s=d11484a208d68a318bf9d4fcf371171a1cb6a7ef', 'width': 32}, {'height': 48, 'url': 'https://preview.redd.it/award_images/t5_22cerq/5izbv4fn0md41_Wholesome.png?width=48&amp;height=48&amp;auto=webp&amp;s=febdf28b6f39f7da7eb1365325b85e0bb49a9f63', 'width': 48}, {'height': 64, 'url': 'https://preview.redd.it/award_images/t5_22cerq/5izbv4fn0md41_Wholesome.png?width=64&amp;height=64&amp;auto=webp&amp;s=b4406a2d88bf86fa3dc8a45aacf7e0c7bdccc4fb', 'width': 64}, {'height': 128, 'url': 'https://preview.redd.it/award_images/t5_22cerq/5izbv4fn0md41_Wholesome.png?width=128&amp;height=128&amp;auto=webp&amp;s=19555b13e3e196b62eeb9160d1ac1d1b372dcb0b', 'width': 128}], 'resized_static_icons': [{'height': 16, 'url': 'https://preview.redd.it/award_images/t5_22cerq/5izbv4fn0md41_Wholesome.png?width=16&amp;height=16&amp;auto=webp&amp;s=92932f465d58e4c16b12b6eac4ca07d27e3d11c0', 'width': 16}, {'height': 32, 'url': 'https://preview.redd.it/award_images/t5_22cerq/5izbv4fn0md41_Wholesome.png?width=32&amp;height=32&amp;auto=webp&amp;s=d11484a208d68a318bf9d4fcf371171a1cb6a7ef', 'width': 32}, {'height': 48, 'url': 'https://preview.redd.it/award_images/t5_22cerq/5izbv4fn0md41_Wholesome.png?width=48&amp;height=48&amp;auto=webp&amp;s=febdf28b6f39f7da7eb1365325b85e0bb49a9f63', 'width': 48}, {'height': 64, 'url': 'https://preview.redd.it/award_images/t5_22cerq/5izbv4fn0md41_Wholesome.png?width=64&amp;height=64&amp;auto=webp&amp;s=b4406a2d88bf86fa3dc8a45aacf7e0c7bdccc4fb', 'width': 64}, {'height': 128, 'url': 'https://preview.redd.it/award_images/t5_22cerq/5izbv4fn0md41_Wholesome.png?width=128&amp;height=128&amp;auto=webp&amp;s=19555b13e3e196b62eeb9160d1ac1d1b372dcb0b', 'width': 128}], 'start_date': None, 'static_icon_height': 2048, 'static_icon_url': 'https://i.redd.it/award_images/t5_22cerq/5izbv4fn0md41_Wholesome.png', 'static_icon_width': 2048, 'subreddit_coin_reward': 0, 'subreddit_id': None, 'tiers_by_required_awardings': None}], 'allow_live_comments': True, 'approved_at_utc': None, 'approved_by': None, 'archived': False, 'author': 'SmokeSinseLoud', 'author_flair_background_color': '#d3d6da', 'author_flair_css_class': None, 'author_flair_richtext': [{'e': 'text', 't': 'OSINT '}], 'author_flair_template_id': '4777e8a2-a329-11ec-bd44-ea5e4888500f', 'author_flair_text': 'OSINT ', 'author_flair_text_color': 'dark', 'author_flair_type': 'richtext', 'author_fullname': 't2_iteuvd6g', 'author_is_blocked': False, 'author_patreon_flair': False, 'author_premium': True, 'awarders': [], 'banned_at_utc': None, 'banned_by': None, 'can_gild': True, 'can_mod_post': False, 'category': None, 'clicked': False, 'content_categories': None, 'contest_mode': False, 'created': 1653917836.0, 'created_utc': 1653917836.0, 'discussion_type': None, 'distinguished': None, 'domain': 'v.redd.it', 'downs': 0, 'edited': False, 'gilded': 0, 'gildings': {'gid_1': 1}, 'hidden': False, 'hide_score': False, 'id': 'v10e5c', 'is_created_from_ads_ui': False, 'is_crosspostable': True, 'is_meta': False, 'is_original_content': False, 'is_reddit_media_domain': True, 'is_robot_indexable': True, 'is_self': False, 'is_video': True, 'likes': None, 'link_flair_background_color': '#ea0027', 'link_flair_css_class': '', 'link_flair_richtext': [{'e': 'text', 't': 'Possibly disturbing content. (NSFW) 18+'}], 'link_flair_template_id': 'abd4e81c-b5b3-11ec-b4fc-eef701eb2d06', 'link_flair_text': 'Possibly disturbing content. (NSFW) 18+', 'link_flair_text_color': 'dark', 'link_flair_type': 'richtext', 'locked': True, 'media': {'reddit_video': {'bitrate_kbps': 1200, 'dash_url': 'https://v.redd.it/q97e4wkc9m291/DASHPlaylist.mpd?a=1656549507%2CNzZiMmNlMzhiMWViMGEzZjJkOTAxMGE3OGZkNzA4OTVjMDUyODBiNDc3MzM2MTQ2YjJiODhkYmYzMmE3ZWE4Nw%3D%3D&amp;v=1&amp;f=hd', 'duration': 19, 'fallback_url': 'https://v.redd.it/q97e4wkc9m291/DASH_480.mp4?source=fallback', 'height': 480, 'hls_url': 'https://v.redd.it/q97e4wkc9m291/HLSPlaylist.m3u8?a=1656549507%2CNmM4MjZiNGIxNDMwMjVhNGQzMWJjNjk3N2I1M2RmMTUyYWE2ZTUzZDNlMWI4MTk0YjVlNmJjMTA1ZjBmMDg4OQ%3D%3D&amp;v=1&amp;f=hd', 'is_gif': False, 'scrubber_media_url': 'https://v.redd.it/q97e4wkc9m291/DASH_96.mp4', 'transcoding_status': 'completed', 'width': 852}}, 'media_embed': {}, 'media_only': False, 'mod_note': None, 'mod_reason_by': None, 'mod_reason_title': None, 'mod_reports': [], 'name': 't3_v10e5c', 'no_follow': False, 'num_comments': 13, 'num_crossposts': 3, 'num_reports': None, 'over_18': True, 'parent_whitelist_status': None, 'permalink': '/r/RussiaUkraineWar2022/comments/v10e5c/russian_soldier_gets_run_over_by_a_russian/', 'pinned': False, 'post_hint': 'hosted:video', 'preview': {'enabled': False, 'images': [{'id': 'gvV2X0oeU35oNuQwW7NxGm2GvnJA_pYGFYo0g5wj72w', 'resolutions': [{'height': 60, 'url': 'https://external-preview.redd.it/pN88LhVSqBjbZ125m0ycFRvgLNId7H7xTtrvo6JhitI.png?width=108&amp;crop=smart&amp;format=pjpg&amp;auto=webp&amp;s=310d01d9ed289b77a1ebdd94962346cb474da02c', 'width': 108}, {'height': 121, 'url': 'https://external-preview.redd.it/pN88LhVSqBjbZ125m0ycFRvgLNId7H7xTtrvo6JhitI.png?width=216&amp;crop=smart&amp;format=pjpg&amp;auto=webp&amp;s=817986b886b1b863061fa032826de022331767b8', 'width': 216}, {'height': 180, 'url': 'https://external-preview.redd.it/pN88LhVSqBjbZ125m0ycFRvgLNId7H7xTtrvo6JhitI.png?width=320&amp;crop=smart&amp;format=pjpg&amp;auto=webp&amp;s=18a62ee9068c2e0a690739cdc21928c86b533482', 'width': 320}, {'height': 360, 'url': 'https://external-preview.redd.it/pN88LhVSqBjbZ125m0ycFRvgLNId7H7xTtrvo6JhitI.png?width=640&amp;crop=smart&amp;format=pjpg&amp;auto=webp&amp;s=719e654be16eee37248001a901bc1bba8a9e66fc', 'width': 640}], 'source': {'height': 480, 'url': 'https://external-preview.redd.it/pN88LhVSqBjbZ125m0ycFRvgLNId7H7xTtrvo6JhitI.png?format=pjpg&amp;auto=webp&amp;s=da7cbe76372d306657436577247f5f7306a09bb0', 'width': 852}, 'variants': {'nsfw': {'resolutions': [{'height': 60, 'url': 'https://external-preview.redd.it/pN88LhVSqBjbZ125m0ycFRvgLNId7H7xTtrvo6JhitI.png?width=108&amp;crop=smart&amp;blur=10&amp;format=pjpg&amp;auto=webp&amp;s=d226da4578e9597a1307268ee74777b4fe2a82a8', 'width': 108}, {'height': 121, 'url': 'https://external-preview.redd.it/pN88LhVSqBjbZ125m0ycFRvgLNId7H7xTtrvo6JhitI.png?width=216&amp;crop=smart&amp;blur=21&amp;format=pjpg&amp;auto=webp&amp;s=8e75d832724de318a4b325b5b5422f0cc7ef24b7', 'width': 216}, {'height': 180, 'url': 'https://external-preview.redd.it/pN88LhVSqBjbZ125m0ycFRvgLNId7H7xTtrvo6JhitI.png?width=320&amp;crop=smart&amp;blur=32&amp;format=pjpg&amp;auto=webp&amp;s=9d9aeea57e6c9dd19a73038a723f42353915c2ff', 'width': 320}, {'height': 360, 'url': 'https://external-preview.redd.it/pN88LhVSqBjbZ125m0ycFRvgLNId7H7xTtrvo6JhitI.png?width=640&amp;crop=smart&amp;blur=40&amp;format=pjpg&amp;auto=webp&amp;s=b753f4bc759cd739ac64fc7e989ec0387152a21e', 'width': 640}], 'source': {'height': 480, 'url': 'https://external-preview.redd.it/pN88LhVSqBjbZ125m0ycFRvgLNId7H7xTtrvo6JhitI.png?blur=40&amp;format=pjpg&amp;auto=webp&amp;s=04447f3f4f984dee19d8ddb618d956c9cb359219', 'width': 852}}, 'obfuscated': {'resolutions': [{'height': 60, 'url': 'https://external-preview.redd.it/pN88LhVSqBjbZ125m0ycFRvgLNId7H7xTtrvo6JhitI.png?width=108&amp;crop=smart&amp;blur=10&amp;format=pjpg&amp;auto=webp&amp;s=d226da4578e9597a1307268ee74777b4fe2a82a8', 'width': 108}, {'height': 121, 'url': 'https://external-preview.redd.it/pN88LhVSqBjbZ125m0ycFRvgLNId7H7xTtrvo6JhitI.png?width=216&amp;crop=smart&amp;blur=21&amp;format=pjpg&amp;auto=webp&amp;s=8e75d832724de318a4b325b5b5422f0cc7ef24b7', 'width': 216}, {'height': 180, 'url': 'https://external-preview.redd.it/pN88LhVSqBjbZ125m0ycFRvgLNId7H7xTtrvo6JhitI.png?width=320&amp;crop=smart&amp;blur=32&amp;format=pjpg&amp;auto=webp&amp;s=9d9aeea57e6c9dd19a73038a723f42353915c2ff', 'width': 320}, {'height': 360, 'url': 'https://external-preview.redd.it/pN88LhVSqBjbZ125m0ycFRvgLNId7H7xTtrvo6JhitI.png?width=640&amp;crop=smart&amp;blur=40&amp;format=pjpg&amp;auto=webp&amp;s=b753f4bc759cd739ac64fc7e989ec0387152a21e', 'width': 640}], 'source': {'height': 480, 'url': 'https://external-preview.redd.it/pN88LhVSqBjbZ125m0ycFRvgLNId7H7xTtrvo6JhitI.png?blur=40&amp;format=pjpg&amp;auto=webp&amp;s=04447f3f4f984dee19d8ddb618d956c9cb359219', 'width': 852}}}}]}, 'pwls': None, 'quarantine': False, 'removal_reason': None, 'removed_by': None, 'removed_by_category': None, 'report_reasons': None, 'saved': False, 'score': 1041, 'secure_media': {'reddit_video': {'bitrate_kbps': 1200, 'dash_url': 'https://v.redd.it/q97e4wkc9m291/DASHPlaylist.mpd?a=1656549507%2CNzZiMmNlMzhiMWViMGEzZjJkOTAxMGE3OGZkNzA4OTVjMDUyODBiNDc3MzM2MTQ2YjJiODhkYmYzMmE3ZWE4Nw%3D%3D&amp;v=1&amp;f=hd', 'duration': 19, 'fallback_url': 'https://v.redd.it/q97e4wkc9m291/DASH_480.mp4?source=fallback', 'height': 480, 'hls_url': 'https://v.redd.it/q97e4wkc9m291/HLSPlaylist.m3u8?a=1656549507%2CNmM4MjZiNGIxNDMwMjVhNGQzMWJjNjk3N2I1M2RmMTUyYWE2ZTUzZDNlMWI4MTk0YjVlNmJjMTA1ZjBmMDg4OQ%3D%3D&amp;v=1&amp;f=hd', 'is_gif': False, 'scrubber_media_url': 'https://v.redd.it/q97e4wkc9m291/DASH_96.mp4', 'transcoding_status': 'completed', 'width': 852}}, 'secure_media_embed': {}, 'selftext': '', 'selftext_html': None, 'send_replies': True, 'spoiler': False, 'stickied': False, 'subreddit': 'RussiaUkraineWar2022', 'subreddit_id': 't5_5wptpp', 'subreddit_name_prefixed': 'r/RussiaUkraineWar2022', 'subreddit_subscribers': 104916, 'subreddit_type': 'public', 'suggested_sort': None, 'thumbnail': 'nsfw', 'thumbnail_height': 78, 'thumbnail_width': 140, 'title': 'Russian soldier gets run over by a Russian military vehicle, occupied Ukraine 2022', 'top_awarded_type': None, 'total_awards_received': 3, 'treatment_tags': [], 'ups': 1041, 'upvote_ratio': 0.97, 'url': 'https://v.redd.it/q97e4wkc9m291', 'url_overridden_by_dest': 'https://v.redd.it/q97e4wkc9m291', 'user_reports': [], 'view_count': None, 'visited': False, 'whitelist_status': None, 'wls': None}]",,,,,,
[],False,Classic_Journalist16,,[],,text,t2_mkasjdau,False,False,False,[],False,False,1653955551,self.war,https://www.reddit.com/r/war/comments/v1dfd0/the_great_reset/,{},v1dfd0,False,False,False,True,False,False,True,False,,[],,,dark,text,False,False,True,0,0,False,no_ads,/r/war/comments/v1dfd0/the_great_reset/,False,,,0,reddit,1653955562,1,[removed],True,False,False,war,t5_2qhk8,92308,public,confidence,self,,,The Great Reset,0,[],1.0,https://www.reddit.com/r/war/comments/v1dfd0/the_great_reset/,,no_ads,0,1653926751.0,,,,,,,,
